dataset,question_id,plan_hash,n_slots,n_edges,n_operator_edges,structural_hops,structural_nodes,topology,eligible,error
hotpotqa,5ae10c26554299422ee995e2,02f061161addc307,1,0,0,0,1,single,False,
hotpotqa,5a7a1fc55542990783324e6e,9a0495b74600b9a3,1,0,0,0,1,single,False,
hotpotqa,5a77bb655542992a6e59dfa4,f3f08543acc92c65,1,0,0,0,1,single,False,
hotpotqa,5addeb555542997dc79070ad,b1d112588e60ba97,1,0,0,0,1,single,False,
hotpotqa,5ab576e6554299488d4d9998,b52d15028fde28ca,1,0,0,0,1,single,False,
hotpotqa,5ac07cfb5542996f0d89cbf8,a975af3122c2ff81,2,1,0,1,2,chain,False,
hotpotqa,5ae766df5542997ec272762d,bcf577ee44f4eefe,1,0,0,0,1,single,False,
hotpotqa,5adea7dc55429975fa854f4f,60dbce738522ead7,2,1,0,1,2,chain,False,
hotpotqa,5a7277645542997f827839e8,9ca1deaeea2ead2a,1,0,0,0,1,single,False,
hotpotqa,5abbf71b55429931dba145e3,8acdb0c50d79949e,1,0,0,0,1,single,False,
hotpotqa,5a749e5055429979e28829c5,adf3a8cad32f9c0f,1,0,0,0,1,single,False,
hotpotqa,5ae1b3055542997283cd2246,2b796ff3b225c888,1,0,0,0,1,single,False,
hotpotqa,5added4e5542997dc79070b8,53b4780c4f5b8008,1,0,0,0,1,single,False,
hotpotqa,5a7267db5542997f827839b0,c9023971e0a5c230,2,1,0,1,2,chain,False,
hotpotqa,5a7ffdb555429969796c1b90,a0e38b281dc91033,1,0,0,0,1,single,False,
hotpotqa,5ab204fb5542993be8fa98af,c48d2f785ef2c21b,1,0,0,0,1,single,False,
hotpotqa,5a790d0655429974737f7953,00e670f1d1f3115b,1,0,0,0,1,single,False,
hotpotqa,5a77c1b65542997042120b1d,868d59014b7145d8,4,6,0,3,4,complex,True,
hotpotqa,5ac516005542996feb3fe9f4,ff721a37885e5ad6,1,0,0,0,1,single,False,
hotpotqa,5ac4ea9055429919431739f9,71fc5e5942633318,1,0,0,0,1,single,False,
hotpotqa,5ab9506755429970cfb8ea4a,6d96c31c9fbd9222,1,0,0,0,1,single,False,
hotpotqa,5aba0eaf55429955dce3edbd,ce20d3ceebdeecdd,1,0,0,0,1,single,False,
hotpotqa,5a7da8625542990b8f503a0a,5b2d007c39bcae44,1,0,0,0,1,single,False,
hotpotqa,5a8c4c57554299653c1aa02c,78fc8c0dc133d11a,1,0,0,0,1,single,False,
hotpotqa,5a81f9d955429926c1cdadcd,a91df3ee4c162cbf,1,0,0,0,1,single,False,
hotpotqa,5addb28d5542995b365fab63,4c9695223e8c1056,2,1,0,1,2,chain,False,
hotpotqa,5a71533a5542994082a3e7d7,6739371fe71a5271,1,0,0,0,1,single,False,
hotpotqa,5ae4916055429970de88d9b3,0404b711c2b4b75c,2,1,0,1,2,chain,False,hotpotqa,5a77b3275542995d8318126e,,0,0,0,-1,0,compile_failed,False,request failed for http://10.200.37.71:8801/v1/chat/completions: ReadTimeout
hotpotqa,5ac3d76e554299076e296cac,0c66751808a67ac3,1,0,0,0,1,single,False,
hotpotqa,5a8b39a755429971feec4675,27a948fb43683fb1,1,0,0,0,1,single,False,
hotpotqa,5ae5383f55429908b6326582,422bc9651937c8fd,1,0,0,0,1,single,False,
hotpotqa,5ae203955542997f29b3c1ff,97e81be8607f6eb4,1,0,0,0,1,single,False,
hotpotqa,5ae1d2615542997f29b3c13a,de447949d9052884,1,0,0,0,1,single,False,
hotpotqa,5abec25e5542997ec76fd35b,b1ff6de0797453e3,1,0,0,0,1,single,False,
hotpotqa,5abecea05542994516f4543c,37a07bbc94ce13ee,1,0,0,0,1,single,False,
hotpotqa,5ab9125a5542991b5579f0dd,3025fe520ba0ad02,4,4,0,3,4,complex,True,
hotpotqa,5adc0e8c55429947ff1738eb,9af6a1ebd7f8bb74,2,1,0,1,2,chain,False,
hotpotqa,5ae060ab5542993d6555eb1c,fa1049e70f1d525e,2,1,0,1,2,chain,False,
hotpotqa,5ae641b555429908198fa553,9d8ba53473b85b0a,1,0,0,0,1,single,False,
hotpotqa,5ae7de0e5542993210983fa6,81eaecc944c566c4,2,1,0,1,2,chain,False,
hotpotqa,5ab961aa554299743d22eb2a,f8e0d757bcdfdfff,1,0,0,0,1,single,False,
hotpotqa,5ae7f8615542993210983fe3,7dc05a2e34b4b9d2,1,0,0,0,1,single,False,
hotpotqa,5a7b1d2c554299042af8f6dc,67e97c998b0e8097,1,0,0,0,1,single,False,
hotpotqa,5adc74fd55429947ff173974,4a73e8e5cb20d3fa,1,0,0,0,1,single,False,
hotpotqa,5ae2288e554299234fd04407,,0,0,0,-1,0,compile_failed,False,request failed for http://10.200.37.71:8801/v1/chat/completions: ReadTimeout
hotpotqa,5ae268b75542996483e6499e,8adadbaa5f80dfe7,2,1,0,1,2,chain,False,
hotpotqa,5a7faa455542994857a767ac,3586592c46b59e63,1,0,0,0,1,single,False,
hotpotqa,5ae5633c55429960a22e02dd,3d7a743c68c3f4f2,1,0,0,0,1,single,False,
hotpotqa,5a78cac955429974737f7893,3ab77fee7fc83101,2,1,0,1,2,chain,False,
hotpotqa,5a83c23e5542996488c2e4b8,61f73caa60fc3c4e,1,0,0,0,1,single,False,
hotpotqa,5ae39e215542991a06ce99fe,41a1f8a10a3ab5b5,4,3,0,3,4,chain,True,
hotpotqa,5a89f99055429946c8d6ea2b,9c0c3bcee647d106,1,0,0,0,1,single,False,
hotpotqa,5ac41bf15542995c82c4acc5,ce4bd134aa5a5b26,1,0,0,0,1,single,False,
hotpotqa,5abb457f554299642a094a80,648ff94385b5aa67,1,0,0,0,1,single,False,
hotpotqa,5a7b6d825542997c3ec9716a,f373c397da454a5d,1,0,0,0,1,single,False,
hotpotqa,5ab2ea7e55429929539468b3,d59141f7ed749cbb,1,0,0,0,1,single,False,
hotpotqa,5ae682345542996d980e7bb5,f9d07619b47885bf,1,0,0,0,1,single,False,
hotpotqa,5a87a10b5542993e715abfcc,a040f1074de98ce8,1,0,0,0,1,single,False,
hotpotqa,5a7781245542995d83181176,fbc68f4c4de433e8,2,1,0,1,2,chain,False,
hotpotqa,5aba637055429955dce3edfe,e6c42810078bad27,1,0,0,0,1,single,False,
hotpotqa,5ae3e66f5542994393b9e7a5,23144172f6ddafa9,1,0,0,0,1,single,False,
hotpotqa,5ae76e4a5542991e8301cc9f,600c577230a1de3c,4,3,0,3,4,chain,True,
hotpotqa,5a7265bf5542997f827839a5,f144c9fee6f8e021,1,0,0,0,1,single,False,
hotpotqa,5abc0dd95542996583600416,e6303c4a58318cbb,1,0,0,0,1,single,False,
hotpotqa,5addbcfd5542995b365fab75,2f42da88ab40c402,1,0,0,0,1,single,False,
hotpotqa,5a85d3b85542997175ce2047,7671505fef8621b0,1,0,0,0,1,single,False,
hotpotqa,5ab8b56555429919ba4e2361,3fe47937f2418d96,1,0,0,0,1,single,False,
hotpotqa,5ab727c25542hotpotqa,5a85faea5542994775f606dc,,0,0,0,-1,0,compile_failed,False,request failed for http://10.200.37.71:8801/v1/chat/completionshotpotqa,5a77a5hotpotqa,5a8d53315542994ba4e3dc72,7ebb0d715a24d279,1,0,0,0,1,hotpotqa,5a7320hotpotqa,5a7f71aa5542992097ad2f6f,18bcd74438f46547,1,0,0,0,1,hotpotqa,5a85374e5542992a431d1aef,,0,0,0,-1,0,compile_failed,False,request failed for http://10.200.37.71:8801/v1/chat/completions: ReadTimeout
hotpotqa,5adfffaa55429906c02daaa0,cf8bad32c1df3726,1,0,0,0,1,single,False,
hotpotqa,5a80abcc554299485f59869f,ed886431485f371a,1,0,0,0,1,single,False,
hotpotqa,5ab4e9fc55429942dd415f9f,737be4b18a37d9f6,1,0,0,0,1,single,False,
hotpotqa,5a861c715542994775f606f9,ab29d763e79a97bb,1,0,0,0,1,single,False,
hotpotqa,5ac1358d5542994ab5c67cbe,875f2edc280a4f02,1,0,0,0,1,single,False,
hotpotqa,5ae775335542997b22f6a77f,d1ce92e1e6615aa9,1,0,0,0,1,single,False,
hotpotqa,5ae515d055429913cc204586,563b1c17f9b39078,2,1,0,1,2,chain,False,
hotpotqa,5ae09f8a55429924de1b7119,b01fb3ef55523540,1,0,0,0,1,single,False,
hotpotqa,5adc888a5542994d58a2f637,e2e778e7b3baf025,2,1,0,1,2,chain,False,
hotpotqa,5ab6d7f35542995eadef00c0,b3cf8940d36c80fb,2,1,0,1,2,chain,False,
hotpotqa,5a83233d55429940e5e1a97c,84dd008ecfb42759,2,1,0,1,2,chain,False,
hotpotqa,5adf938a55429hotpotqa,5a89b43a5542992e4fca838b,,0,0,0,-1,0,compile_hotpotqa,5add4bdb5542992ae4cec506,6173b5cbe558b689,1,0,0,0,1,single,False,
hotpotqa,5a7cb72d554299683c1c634a,6cc24426e3fe4e79,2,1,0,1,2,chain,False,
hotpotqa,5ae8283055429952e35eaa67,3f5110ddb140b9bb,1,0,0,0,1,single,False,
hotpotqa,5ae165c45542997b2ef7d1d2,6ec892283528ed99,1,0,0,0,1,single,False,
hotpotqa,5a74bee355429929fddd84e6,3eda266f93ae85de,1,0,0,0,1,single,False,
hotpotqa,5ae3dcc55542992e3233c482,2d4950252c214a5b,1,0,0,0,1,single,False,
hotpotqa,5ab27686554299722f9b4d3d,4d73b704c5f05301,1,0,0,0,1,single,False,
hotpotqa,5a85d0335542997175ce203b,6d38335e184ffaf8,1,0,0,0,1,single,False,
hotpotqa,5a7f28cf55429934daa2fd0b,56c2f8daeda84c3a,1,0,0,0,1,single,False,
hotpotqa,5a8ce0d5554299441c6b9f4c,70d13bc61f37b794,1,0,0,0,1,single,False,
hotpotqa,5a86f353554299211dda2b65,fd72fc45252308fc,1,0,0,0,1,single,False,
hotpotqa,5abef2d95542993fe9a41db3,512279a244f11dd3,1,0,0,0,1,single,False,
hotpotqa,5aba72e555429901930fa7d0,41840b4aacd78bcf,1,0,0,0,1,single,False,
hotpotqa,5a7cfd8b554299452d57babb,1a34e3b0d1bbd903,1,0,0,0,1,single,False,
hotpotqa,5ae1586c55429901ffe4ae75,288df5e62a1aa979,1,0,0,0,1,single,False,
hotpotqa,5a7b1ce4554299042af8f6db,,0,0,0,-1,0,compile_failed,False,request failed for http://10.200.37.71:8801/v1/chat/completions: ReadTimeout
hotpotqa,5a78cea8554299029c4b5ea3,45668e22735e9af9,1,0,0,0,1,single,False,
hotpotqa,5ae625f85542992ae0d1624e,bafa4568c6f9d9e7,1,0,0,0,1,single,False,
hotpotqa,5ab21c9b554299722f9b4cb7,2160e9a7d2960976,1,0,0,0,1,single,False,
hotpotqa,5a81a9c15542990a1d231e56,1d88e5275dbd22a8,1,0,0,0,1,single,False,
hotpotqa,5a8e1df055429917b4a5bd26,7fbd32c043d8d28d,1,0,0,0,1,single,False,
hotpotqa,5ae3bdd85542990afbd1e1bf,05100c76c066328c,1,0,0,0,1,single,False,
hotpotqa,5ab33de855429969a97a810a,c002edf0bbb6049b,2,1,0,1,2,chain,False,
hotpotqa,5a8a49d955429930ff3c0d72,526a03f616612d4f,1,0,0,0,1,single,False,
hotpotqa,5a8f938a55429918e830d275,a48d652e2d5414d1,1,0,0,0,1,single,False,
hotpotqa,5a855bdd5542991dd0999e55,9a8ab6b007e794f8,1,0,0,0,1,single,False,
hotpotqa,5ac3df8a5542995c82c4ac70,22ea9e707a1099d4,1,0,0,0,1,single,False,
hotpotqa,5a75e6bb55429976ec32bc8d,0b6ac325c5e16ccf,1,0,0,0,1,single,False,
hotpotqa,5a7cb5ac55429907fabef009,df09b16b3c28140a,1,0,0,0,1,single,False,
hotpotqa,5abd0d1255429924427fcede,f2a974968d71a019,3,2,0,2,3,chain,True,
hotpotqa,5abaf11f5542996cc5e49f23,5fcc2e45fd6b50c6,2,1,0,1,2,chain,False,
hotpotqa,5a7f041c55429934daa2fc93,0e1c4e958b8fd682,4,4,0,3,4,complex,True,
hotpotqa,5a774d025542993569682d43,922fd3cfc53e53f6,1,0,0,0,1,single,False,
hotpotqa,5a7661525542992db947377e,90e9aaca1d39ac1b,1,0,0,0,1,single,False,
hotpotqa,5addba585542995b365fab71,748e2f936c6591f7,1,0,0,0,1,single,False,
hotpotqa,5a8def9255429917b4a5bce5,9b8cdca4058e7913,1,0,0,0,1,single,False,
hotpotqa,5a7761805542993569682d76,01cb8d4507a548f9,3,3,0,2,3,complex,True,
hotpotqa,5a863834554299211dda2ab2,71d018d6cc773128,1,0,0,0,1,single,False,
hotpotqa,5ab73f68554299110f219adc,8ce0ab3512503548,1,0,0,0,1,single,False,
hotpotqa,5a8232d255429903bc27ba40,12cf83383b7ea9fe,1,0,0,0,1,single,False,
hotpotqa,5ae2ac445542996483e64a37,8243e46847af896f,1,0,0,0,1,single,False,
hotpotqa,5a7d75535542990b8f503999,e1871740bcd517c6,1,0,0,0,1,single,False,
hotpotqa,5a8fc09b5542997ba9cb331b,e50027bf68d350e8,1,0,0,0,1,single,False,
hotpotqa,5a7722a355429972597f1444,63adf987a148f59c,1,0,0,0,1,single,False,
hotpotqa,5a7cb2c055429935c91b52b1,,0,0,0,-1,0,compile_failed,False,request failed for http://10.200.37.71:8801/v1/chat/completions: ReadTimeout
hotpotqa,5ae72670554299572ea54737,b26d1618839b1e2c,1,0,0,0,1,single,False,
hotpotqa,5a77829b5542997042120a8f,2d8c3a6bb0246f9d,1,0,0,0,1,single,False,
hotpotqa,5a80bbc15542992bc0c4a7fe,d32b31c66006c290,2,1,0,1,2,chain,False,
hotpotqa,5ac2476755429951e9e68520,20cb1863db3c47e0,1,0,0,0,1,single,False,
hotpotqa,5ab2ed7a55429929539468c6,273ae57dcccaf5ba,1,0,0,0,1,single,False,
hotpotqa,5ae17a2955429901ffe4ae97,385c76d642ff7b59,1,0,0,0,1,single,False,
hotpotqa,5ab579615542997d4ad1f149,06333318f266d74b,1,0,0,0,1,single,False,
hotpotqa,5ae17fae55429901ffe4aebf,84582f87871a72ee,1,0,0,0,1,single,False,
hotpotqa,5adcd8165542992c1e3a242c,fa032b1a63aec329,1,0,0,0,1,single,False,
hotpotqa,5ab417995542996a3a969f2c,403e6ce5057b6070,1,0,0,0,1,single,False,
hotpotqa,5ac4937b5542997ea680ca88,c8bae337ad8f9af1,1,0,0,0,1,single,False,
hotpotqa,5a7a97e055429941d65f26de,cffc5021ccfb7f90,1,0,0,0,1,single,False,
hotpotqa,5ab818885542990e739ec81b,e3bbc298523e2a50,2,1,0,1,2,chain,False,
hotpotqa,5ab6b9285542995eadef0079,1b7c6395e9b63df7,2,1,0,1,2,chain,False,
hotpotqa,5a8089e85542996402f6a548,eb6996d909e07249,1,0,0,0,1,single,False,
hotpotqa,5adc688b5542996e68525355,a4cc96d1e6f8f596,1,0,0,0,1,single,False,
hotpotqa,5adc370d5542996e685252e2,744ed778899b28c9,1,0,0,0,1,single,False,
hotpotqa,5ab812ca5542995dae37ea25,346afda5277b3f24,1,0,0,0,1,single,False,
2wikimultihop,d517d2ff08a111ebbd7aac1f6bf848b6,24d63cd42764a332,3,3,0,2,3,complex,True,
2wikimultihop,b7a7c7fb097b11ebbdb0ac1f6bf848b6,1f8746fb7c2def91,1,0,0,0,1,single,False,
2wikimultihop,5431cfdc0bda11eba7f7acde48001122,dee1823442851233,1,0,0,0,1,single,False,
2wikimultihop,1fd521da093211ebbdaeac1f6bf848b6,ea2466850844daf8,2,1,0,1,2,chain,False,
2wikimultihop,d3fdc35e086211ebbd5dac1f6bf848b6,a9eaea38b1065b82,1,0,0,0,1,single,False,
2wikimultihop,15153f68088911ebbd6eac1f6bf848b6,8af54268e02bc3f3,1,0,0,0,1,single,False,
2wikimultihop,5be446120bdd11eba7f7acde48001122,007c5252ddc1e6af,1,0,0,0,1,single,False,
2wikimultihop,b048cb120bdb11eba7f7acde48001122,62ded509cab8b6ea,1,0,0,0,1,single,False,
2wikimultihop,f23af24a0bd911eba7f7acde48001122,377d016cd2a8a9ac,1,0,0,0,1,single,False,
2wikimultihop,2fd910fb089711ebbd76ac1f6bf848b6,7ae504bcdd15a8ee,1,0,0,0,1,single,False,
2wikimultihop,921afb080bd911eba7f7acde48001122,a5a939c54a03bc90,1,0,0,0,1,single,False,
2wikimultihop,6368d4c00bdd11eba7f7acde48001122,0454c6112ce1b8fe,1,0,0,0,1,single,False,
2wikimultihop,7e0b00d40bdb11eba7f7acde48001122,c3defc1658ca95b8,1,0,0,0,1,single,False,
2wikimultihop,97dd3524086411ebbd5eac1f6bf848b6,2d7131cfc99a855a,1,0,0,0,1,single,False,
2wikimultihop,619fe7ec0bdc11eba7f7acde48001122,98af3184868a8f6f,1,0,0,0,1,single,False,
2wikimultihop,7d40a4280baf11ebab90acde48001122,aa4aedd604a587f5,1,0,0,0,1,single,False,
2wikimultihop,8100a5ba0bda11eba7f7acde48001122,798188a8f799700e,1,0,0,0,1,single,False,
2wikimultihop,8b2cf18e0bd911eba7f7acde48001122,81a1fbe1d9f0aa26,1,0,0,0,1,single,False,
2wikimultihop,52ee417c0bdb11eba7f7acde48001122,1d345e8554c81d3c,1,0,0,0,1,single,False,
2wikimultihop,321b6ff9085a11ebbd5cac1f6bf848b6,872b97dfc9294b4e,1,0,0,0,1,single,False,
2wikimultihop,fc9cd5480bdc11eba7f7acde48001122,dd67caba02366d3d,1,0,0,0,1,single,False,
2wikimultihop,ab3555d80bda11eba7f7acde48001122,567241eb668b78a8,1,0,0,0,1,single,False,
2wikimultihop,40d9815a0bda11eba7f7acde48001122,83a6602afc107746,1,0,0,0,1,single,False,
2wikimultihop,228c3b14085d11ebbd5cac1f6bf848b6,e32959d4edf7820f,1,0,0,0,1,single,False,
2wikimultihop,1e22f8b408e511ebbda4ac1f6bf848b6,72464ceea87e7b77,1,0,0,0,1,single,False,
2wikimultihop,13de229a096a11ebbdafac1f6bf848b6,abda65d1771dd026,1,0,0,0,1,single,False,
2wikimultihop,7d70b69d095011ebbdaeac1f6bf848b6,2beda4160029c521,1,0,0,0,1,single,False,
2wikimultihop,881a1c3a0baf11ebab90acde48001122,e65787d5da79dda0,1,0,0,0,1,single,False,
2wikimultihop,30daabfc08ac11ebbd82ac1f6bf848b6,bea59f166ae47df3,1,0,0,0,1,single,False,
2wikimultihop,1946b3ae08f311ebbdaaac1f6bf848b6,a5d747f3ee8738a6,1,0,0,0,1,single,False,
2wikimultihop,3dfdafc5098111ebbdb0ac1f6bf848b6,0fe0e2c1b5af2d5d,1,0,0,0,1,single,False,
2wikimultihop,acebfb300bd911eba7f7acde48001122,dd88a3363c2d1f22,1,0,0,0,1,single,False,
2wikimultihop,4f9d50a9086611ebbd5eac1f6bf848b6,a35cac9bd8ff6515,1,0,0,0,1,single,False,
2wikimultihop,4e86e9200bdd11eba7f7acde48001122,a0e1a928318930e1,1,0,0,0,1,single,False,
2wikimultihop,ed5705400bdc11eba7f7acde48001122,a7852867eb61dd17,1,0,0,0,1,single,False,
2wikimultihop,4790578608de11ebbd9eac1f6bf848b6,217a3736db95b922,1,0,0,0,1,single,False,
2wikimultihop,e3e6faf6095611ebbdaeac1f6bf848b6,357a1dab8214355d,1,0,0,0,1,single,False,
2wikimultihop,f61b684c0bdc11eba7f7acde48001122,389bed076ff28fbd,4,4,0,3,4,complex,True,
2wikimultihop,6dd1bbba098311ebbdb0ac1f6bf848b6,f288206bcb091766,1,0,0,0,1,single,False,
2wikimultihop,4b2ba5f7098511ebbdb0ac1f6bf848b6,27ae3e2fe7d4590d,1,0,0,0,1,single,False,
2wikimultihop,ab79a7f00bdb11ebhotpotqa,5a79de5b5542994f819ef0e2,,0,0,0,-1,0,compile_failed,False,request failed for http://10.200.37.71:8801/v1/chat/completions: ReadTimeout
hotpotqa,5ab49a9155429942dd415f77,12b9528604c1a1ac,1,0,0,0,1,single,False,
hotpotqa,5a7a8bd65542995eb53be863,3676c937f79fab81,1,0,0,0,1,single,False,
hotpotqa,5a862b8655429960ec39b637,c15ecff00061cfd6,1,0,0,0,1,single,False,
hotpotqa,5adc6ac65542994650320cdd,b0546a7c98c23d68,1,0,0,0,1,single,False,
hotpotqa,5a85c79a5542992a431d1ba0,f7871e1e7bc7d99c,1,0,0,0,1,single,False,
hotpotqa,5ae35a7e5542992e3233c3a7,b264b3404dbce03d,1,0,0,0,1,single,False,
hotpotqa,5a8ae97f55429950cd6afbd4,7a2f1a6086b88c5f,1,0,0,0,1,single,False,
hotpotqa,5adc536255429947ff173928,9ed6aa8deeecb292,1,0,0,0,1,single,False,
hotpotqa,5a8dd0105542994ba4e3dd2e,b4a5f3e190eeb2e6,1,0,0,0,1,single,False,
hotpotqa,5abf0ea95542997ec76fd3a8,165d1575736cb906,1,0,0,0,1,single,False,
hotpotqa,5abe67475542993f32c2a104,4d3725cb564a0433,2,1,0,1,2,chain,False,
hotpotqa,5ae3477f5542992e3233c363,f6fc40f3b26e3587,2,1,0,1,2,chain,False,
hotpotqa,5ae5fe42554299546bf83003,ee5404bdbd7e9b11,1,0,0,0,1,single,False,
hotpotqa,5ae7bdf35542994a481bbdcb,364503dfd0dd141c,1,0,0,0,1,single,False,
hotpotqa,5ab3edee5542992ade7c6ee7,8cf9ffbf6a89c46f,2,1,0,1,2,chain,False,
hotpotqa,5a88b1bd554299206df2b331,0d86d8477768f0a2,2,1,0,1,2,chain,False,
hotpotqa,5a8006e25542992e7d278de4,040c5df24b6b457a,1,0,0,0,1,single,False,
hotpotqa,5a7cc591554299452d57ba46,7557cfbf1cbbaa59,1,0,0,0,1,single,False,
hotpotqa,5ab285d0554299340b5254fa,91014105779061bf,1,0,0,0,1,single,False,
hotpotqa,5abfbf455542997ec76fd449,1ce5385a8a71da71,2,1,0,1,2,chain,False,
hotpotqa,5ae23b285542996483e64936,c4061da13095d778,1,0,0,0,1,single,False,
hotpotqa,5a79b7735542994bb9457039,892793d3de644fd9,1,0,0,0,1,single,False,
hotpotqa,5ab764115542993667793fca,7df85c0a9c3a334c,1,0,0,0,1,single,False,
hotpotqa,5a77884555429949eeb29ed5,27a22wikimultihop,cf175fe8088b11ebbd6fac1f6bf848b6,96c04f5a90dc8e3b,1,0,0,0,1,single,False,
2wikimultihop,5f157a6c087d11ebbd6aac1f6bf848b6,4d2c843ff72542fc,1,0,0,0,1,single,False,
2wikimultihop,ef2c8b6e086311ebbd5eac1f6bf848b6,1b23346653edb8f2,1,0,0,0,1,single,False,
2wikimultihop,2a74e1df08e711ebbda5ac1f6bf848b6,591026f5997c628e,1,0,0,0,1,single,False,
2wikimultihop,5aaa13a3096f11ebbdb0ac1f6bf848b6,7f823be67a6ab2da,1,0,0,0,1,single,False,
2wikimultihop,411b9c240bdb11eba7f7acde48001122,4af8313b1d71a004,1,0,0,0,1,single,False,
2wikimultihop,1a38235e08be11ebbd8aac1f6bf848b6,2f735edadf9dc1c3,1,0,0,0,1,single,False,
2wikimultihop,d5ebfed0088d11ebbd70ac1f6bf848b6,fc9985a8b48a87cc,1,0,0,0,1,single,False,
2wikimultihop,c3c8e96e0baf11ebab90acde48001122,b594e8e609035a17,1,0,0,0,1,single,False,
2wikimultihop,04f8a0cd088711ebbd6dac1f6bf848b6,dc8fdcd32d2a4998,1,0,0,0,1,single,False,
2wikimultihop,235f835e0bda11eba7f7acde48001122,89a3a078c4b2e708,1,0,0,0,1,single,False,
2wikimultihop,8b4ccd1a08f011ebbda8ac1f6bf848b6,7921f335714f3cb0,1,0,0,0,1,single,False,
2wikimultihop,aec69d0e084e11ebbdhotpotqa,5ab5a2a25542997d4ad1f196,4d4499ecc3592bed,1,0,0,2wikimultihop,fa05ahotpotqa,5adc79185542994650320d19,3a1048a12290921b,1,0,0,0,1,single,False,
hotpotqa,5ac199275542994ab5c67d8a,0b2e85d610923033,1,0,0,0,1,single,False,
hotpotqa,5ae45e885542991a06ce9a4b,70438d57264282fb,1,0,0,0,1,single,False,
hotpotqa,5a8301485542wikimultihop,21fdf98a0baf11ebab90acde48001122,9cd04652a7ad8753,1,0,0,0,1,single,False,
2wikimultihop,07ef778508d611ebbd98ac1f6bf84hotpotqa,5a72a3cc5542992359bc314a,dc3deea9e38e2wikimultihop,82f82f5a0bda11ebhotpotqa,5a907eb05542990a98493663,5cc6ac3c4a291972,2,1,0,1,2,chain,False,
hotpotqa,5a804cb95542992bc0c4a6dd,1f9a38e09397ee04,1,0,0,0,1,single,False2wihotpotqa,5a81abca5542990a1d231e60,d816ee7219f4d300,4,4,0,3,4,complex,True,
hotpotqa,5ae768c75542995703ce8c21,c4520615cf55a8b5,3,3,0,2,3,complex,True,
hotpotqa,5ab5a16e5542992aa134a374,7a73d0039b3fbf3a,1,0,0,0,1,single,False,
hotpotqa,5ac23fa155429951e9e684dd,39e2327d8ab2abdc,1,0,0,0,1,single,False,
hotpotqa,5ae70f86554299572ea546a6,8fa6bd0188ac5ec3,1,0,0,0,1,single,False,
hotpotqa,5ae659455542992ae0d162e5,5ca4a8b4f420d9a3,2,1,0,1,2,chain,False,
hotpotqa,5a846240554299123d8c222f,8c196fb3fce5aebb,2,1,0,1,2,chain,False,
hotpotqa,5a8b5c765542995d1e6f138a,5c975a158deb6422,1,0,0,0,1,single,False,
hotpotqa,5a7b7f455542997c3ec971ca,cfb174458a20296e,1,0,0,0,1,single,False,
hotpotqa,5a82147f55429926c1cdae34,0e0a58e33d8bbc57,1,0,0,0,1,single,False,
hotpotqa,5ab27455554299722f9b4d33,360557a8c8a1547d,1,0,0,0,1,single,False,
hotpotqa,5abca36c5542993a06baf93c,145a5900f2186f26,1,0,0,0,1,single,False,
hotpotqa,5a7dd8625542990b8f503ae8,7d180800fb700084,1,0,0,0,1,single,False,
hotpotqa,5a80527a5542996402f6a4c4,7514808f14f78500,2,1,0,1,2,chain,False,
hotpotqa,5ab3b6af55429969a97a818f,3f8ec25affda0b6e,2,1,0,1,2,chain,False,
hotpotqa,5a850bdb5542994c784ddae4,9fed4c7d6259c537,1,0,0,0,1,single,False,
hotpotqa,5a83282b55429954d2e2ec38,e111340635c39de2,1,0,0,0,1,single,False,
hotpotqa,5abee5e25542994516f45473,5e4b2dfd4d778a0a,1,0,0,0,1,single,False,
hotpotqa,5ab42d7f554299753aec5a4f,bcd8113b2c623936,4,4,0,3,4,complex,True,
hotpotqa,5abfcd0d5542993fe9a41e79,ea3c183868a67c38,4,4,0,3,4,complex,True,
hotpotqa,5a713b725542994082a3e6b7,77d61a1ca18a4453,1,0,0,0,1,single,False,
hotpotqa,5a7b932e554299294a54a9ff,da81623a8d6aa78b,1,0,0,0,1,single,False,
hotpotqa,5ac4b8a8554299076e296de2,e8a2304b60a734f0,3,2,0,2,3,chain,True,
hotpotqa,5a7bdfa55542990527d55428,fd2206574b8d006b,1,0,0,0,1,single,False,
hotpotqa,5a78c9e0554299029c4b5e94,4ac16bf51a41e3c2,1,0,0,0,1,single,False,
hotpotqa,5ae5ea0655429929b0807a0f,e978879a3540377b,2,1,0,1,2,chain,False,
hotpotqa,5a729bb65542992359bc3137,76a60b489b6a7810,1,0,0,0,1,single,False,
hotpotqa,5a887a28554299206df2b2af,eb5389c2e414d6c9,1,0,0,0,1,single,False,
hotpotqa,5a7b8a2c5542995eb53be959,fdf7688b1bf398d2,1,0,0,0,1,single,False,
hotpotqa,5ac27e0055429921a00aafbb,9e5a181d66259c87,1,0,0,0,1,single,False,
hotpotqa,5ac3de87554299194317387c,b8a33b6b7db8c154,2,1,0,1,2,chain,False,
hotpotqa,5a8bbe4d5542995e66a474f1,6fb4fbaac9a6a967,1,0,0,0,1,single,False,
hotpotqa,5a8e202b55429917b4a5bd38,84143e0c0e49c199,1,0,0,0,1,single,False,
hotpotqa,5a8f4bf85542997ba9cb3228,86fdd6595736f0d5,1,0,0,0,1,single,False,
hotpotqa,5ae153c455429901ffe4ae62,431e40adf08a0ada,1,0,0,0,1,single,False,
hotpotqa,5ab84c165542990e739ec8af,b3b9a67308b9a2fc,1,0,0,0,1,single,False,
hotpotqa,5a73fb4e5542993e948e87aa,466a168256585f7a,2,1,0,1,2,chain,False,
hotpotqa,5a7b1e4f5542992d025e677c,b72f4017590d75f8,1,0,0,0,1,single,False,
hotpotqa,5abda9b255429965af743daa,,0,0,0,-1,0,compile_failed,False,request failed for http://10.200.37.71:8801/v1/chat/completions: ReadTimeout
hotpotqa,5ae4385b55429970de88d916,1d8bc20dec8e4c74,3,2,0,2,3,chain,True,
hotpotqa,5a7f98b55542995d8a8ddeb3,6e107c336efc5fb6,2,1,0,1,2,chain,False,
hotpotqa,5add2d485542992ae4cec4d1,e73d327defba6f9b,1,0,0,0,1,single,False,
hotpotqa,5a8c765f554299240d9c2174,ee4d21de49260e41,1,0,0,0,1,single,False,
hotpotqa,5ae09bbb5542993d6555ebb7,14e91952d3b70e0f,1,0,0,0,1,single,False,
hotpotqa,5ab451e45542991779162c6a,3a98a6d568857d9a,1,0,0,0,1,single,False,
hotpotqa,5ab62498554299110f2199e4,14a6d8e0b7d9f800,1,0,0,0,1,single,False,
hotpotqa,5abc49635542993a06baf8cb,bc95fbff6513cb36,1,0,0,0,1,single,False,
hotpotqa,5a8b50fe55429950cd6afc9b,d2e743b9d969403b,1,0,0,0,1,single,False,
hotpotqa,5abffd70554299012d1db55a,3e3699a40b49a514,1,0,0,0,1,single,False,
hotpotqa,5ae0611555429924de1b70c9,33fddf9bf6744c3b,2,1,0,1,2,chain,False,
hotpotqa,5ae2ac025542996483e64a35,7cf5fc708302a53c,1,0,0,0,1,single,False,
hotpotqa,5adf05c65542993a75d263d7,89805b0920cf04cc,1,0,0,0,1,single,False,
hotpotqa,5ab3b1305542992ade7c6e3d,f413f8e3512a97eb,1,0,0,0,1,single,False,
hotpotqa,5abd16c055429924427fcef1,d6f936830d8c4947,1,0,0,0,1,single,False,
hotpotqa,5a73c26155429908901be32f,b2173cbf6e42ed79,2,1,0,1,2,chain,False,
hotpotqa,5ae5327c5542990ba0bbb204,a010f1ba10aecad2,1,0,0,0,1,single,False,
hotpotqa,5ac28b455542996773102577,496af1ab2bc484be,2,1,0,1,2,chain,False,
hotpotqa,5a7ccea455429907fabef03d,83f45281129ec801,1,0,0,0,1,single,False,
hotpotqa,5ab2a71d554299545a2cf9f0,41888651d9b26ed7,1,0,0,0,1,single,False,
hotpotqa,5aba8b7c55429901930fa823,85306bfb8c690121,1,0,0,0,1,single,False,
hotpotqa,5ab1d83d554299449642c7e7,b84d58b48af1174a,1,0,0,0,1,single,False,
hotpotqa,5abb95c555429966062416f3,c235f40d55fcdce2,1,0,0,0,1,single,False,
hotpotqa,5a8df4be554299068b959e23,05131df055750a6f,1,0,0,0,1,single,False,
hotpotqa,5a7149d75542994082a3e774,00820403ac285478,1,0,0,0,1,single,False,
hotpotqa,5aba848f554299232ef4a31b,f642cdad2cfbcae3,2,1,0,1,2,chain,False,
hotpotqa,5adc70a95542994650320d04,3bd55dc3c833a92d,1,0,0,0,1,single,False,
hotpotqa,5a89de68554299669944a5ef,e6f64abd3cf26511,1,0,0,0,1,single,False,
hotpotqa,5ac317ce554299741d48a1cc,2a3fd31ccd590a83,2,1,0,1,2,chain,False,
hotpotqa,5ab80f1f5542991d32223824,e5154b9c294705c7,1,0,0,0,1,single,False,
hotpotqa,5a7fbd905542995d8a8ddf0c,aebc3e7d7a1ae59c,1,0,0,0,1,single,False,
hotpotqa,5ae5402955429908b63265ad,491e64d5bffad045,3,2,0,2,3,chain,True,
hotpotqa,5a8f7afc5542995b44242050,cc07a798c489746e,1,0,0,0,1,single,False,
hotpotqa,5a7bbe0355429927d897c024,6d5a4805b8b7c2f8,1,0,0,0,1,single,False,
hotpotqa,5a87c06a5542997e5c09a562,ad7cce1e75f0a97e,1,0,0,0,1,single,False,
hotpotqa,5a909d5c5542995651fb51ba,1b1e1fd8c1a43c62,2,1,0,1,2,chain,False,
hotpotqa,5a8eef895542990e94052bc8,f74344ae43f41e8d,1,0,0,0,1,single,False,
hotpotqa,5a8452e1554299123d8c2206,5ce9e7889937018b,1,0,0,0,1,single,False,
hotpotqa,5ac2d70455429921a00ab061,bb9716ebd7142422,1,0,0,0,1,single,False,
hotpotqa,5add85b45542992ae4cec59c,0a3e3c69c844600c,1,0,0,0,1,single,False,
hotpotqa,5abdb21555429965af743dd6,5f6cc4c2da20f921,1,0,0,0,1,single,False,
hotpotqa,5a84cf4d5542994c784dda5c,8856ddd4901004c8,1,0,0,0,1,single,False,
hotpotqa,5ae225aa554299234fd043f4,475667e2a4af3c73,1,0,0,0,1,single,False,
hotpotqa,5ab5b73e5542997d4ad1f1ba,2a5de333f8b48939,2,1,0,1,2,chain,False,
hotpotqa,5a84bbe15542997b5ce3ff42,5134f2342052ddfa,1,0,0,0,1,single,False,
hotpotqa,5ac552a35542993e66e8230b,2a6494506aec9f83,1,0,0,0,1,single,False,
hotpotqa,5ae27edc5542992decbdcd2d,71877172c2262789,1,0,0,0,1,single,False,
hotpotqa,5ab6ee42554299710c8d1fc2,7b81ae7c2b17e088,1,0,0,0,1,single,False,
hotpotqa,5ae4ab035542995dadf2438e,bb051da7919525ad,1,0,0,0,1,single,False,
hotpotqa,5a7a3b3d5542996a35c1714a,c65db06bc6f13620,1,0,0,0,1,single,False,
hotpotqa,5abdcc275542993062266cfa,f0e2cf29739b17db,1,0,0,0,1,single,False,
hotpotqa,5adcbbba5542994d58a2f6b1,12cb75f011f819df,1,0,0,0,1,single,False,
hotpotqa,5ab83e345542990e739ec88a,6b025a055b89960c,1,0,0,0,1,single,False,
hotpotqa,5a7ca63a55429907fabeefe5,ce50afcb8a9713a4,1,0,0,0,1,single,False,
hotpotqa,5ab96fcd55429970cfb8eaeb,9f57de40d578b9d2,1,0,0,0,1,single,False,
hotpotqa,5a8e2d165542995085b373c0,5a99d7d81c7f1985,1,0,0,0,1,single,False,
hotpotqa,5a75b40f5542992d0ec05fe6,0363722d54a13a37,1,0,0,0,1,single,False,
hotpotqa,5ae20d695542997283cd237e,67f0914916d1308c,1,0,0,0,1,single,False,
hotpotqa,5abb1d3f55429966062416ca,d147d8983ba35a76,1,0,0,0,1,single,False,
hotpotqa,5a8f955f55429918e830d281,37b3ac5097c37690,2,1,0,1,2,chain,False,
hotpotqa,5ac4d9125542996feb3fe94d,4637c7dbd5ff2691,2,1,0,1,2,chain,False,
hotpotqa,5ab2ace955429929539467d4,3433c3500b5e2340,1,0,0,0,1,single,False,
hotpotqa,5ab2ffc155429976abd1bc0b,702d967fc3a630e8,1,0,0,0,1,single,False,
hotpotqa,5a804561554299485f5985b0,20b28b695cb65f26,1,0,0,0,1,single,False,
hotpotqa,5ae5e3f355429929b08079f2,b28d3cf7c4fe9bd4,1,0,0,0,1,single,False,
hotpotqa,5aba3b3a554299232ef4a28b,7191bcc7e878932e,1,0,0,0,1,single,False,
hotpotqa,5a7f095955429934daa2fca0,4b0d2ed5fcb98f16,1,0,0,0,1,single,False,
hotpotqa,5a81d68955429903bc27b9dd,ff7901c581cc921e,1,0,0,0,1,single,False,
hotpotqa,5ac3044e5542996773102694,44e475331b066810,2,1,0,1,2,chain,False,
hotpotqa,5abbc67055429931dba1450c,f0a68c92ad470103,1,0,0,0,1,single,False,
hotpotqa,5ae3b7f95542990afbd1e1b7,6d26f259289e1f2b,1,0,0,0,1,single,False,
hotpotqa,5a8621aa554299211dda2a77,df809a8039a8b442,1,0,0,0,1,single,False,
hotpotqa,5a82c0ae55429954d2e2ebb7,72f6d1b2717c516a,1,0,0,0,1,single,False,
hotpotqa,5ae618245542992663a4f25c,08421dac921ac452,1,0,0,0,1,single,False,
hotpotqa,5ade52105542997c77adedf6,a63b00271c38719c,2,1,0,1,2,chain,False,
hotpotqa,5adf210d5542993344016bef,8aab2b6feebd4ac9,1,0,0,0,1,single,False,
hotpotqa,5add13d15542990d50227db5,54005a429a935f26,2,1,0,1,2,chain,False,
hotpotqa,5a7d21c555429909bec7697d,ee5584aec3ada2ee,1,0,0,0,1,single,False,
hotpotqa,5ae362695542992f92d822af,caa545237f7ef581,1,0,0,0,1,single,False,
hotpotqa,5a8a2c9e55429930ff3c0cd9,389d308fcd22e2cd,1,0,0,0,1,single,False,
hotpotqa,5abfce0e5542997719eab6d4,75d73ca8c8e7c81b,2,1,0,1,2,chain,False,
hotpotqa,5ae2e68e55429928c4239541,98bbc148c914c692,1,0,0,0,1,single,False,
hotpotqa,5a8e3c7f5542995085b373ff,31546968ad1ab074,4,3,0,3,4,chain,True,
hotpotqa,5a7cc0b2554299683c1c6365,cda904a853b4b08f,1,0,0,0,1,single,False,
hotpotqa,5abd38d75542993062266c21,4afb7cbec37d4f7e,1,0,0,0,1,single,False,
hotpotqa,5abfb55a5542997ec76fd43a,26644f70d86e12e3,1,0,0,0,1,single,False,
hotpotqa,5ac3ef75554299076e296cda,3c6f880fbc8230cf,1,0,0,0,1,single,False,
hotpotqa,5a7ddf4a5542995f4f4022e7,e803cbc90e51242d,1,0,0,0,1,single,False,
hotpotqa,5ab9a2a95542996be2020576,dfb8d73900092feb,1,0,0,0,1,single,False,
hotpotqa,5ab200d6554299340b525467,f2c95e219d990bd1,1,0,0,0,1,single,False,
hotpotqa,5abcd2ee5542993a06baf976,2913c2c04f7f8b54,1,0,0,0,1,single,False,
hotpotqa,5ae539f95542990ba0bbb23a,0770447dd281ba3e,1,0,0,0,1,single,False,
hotpotqa,5add9e345542990dbb2f7e88,dd3d11a66f31384b,1,0,0,0,1,single,False,
hotpotqa,5a710e365542994082a3e52d,a1c98d6aa639689e,1,0,0,0,1,single,False,
hotpotqa,5ae231f9554299495565da36,52fecc87c950735b,1,0,0,0,1,single,False,
hotpotqa,5ac302fd5542996773102692,2770ad61c4236451,2,1,0,1,2,chain,False,
hotpotqa,5a88a4ca5542994846c1ce9f,fd2b37cd3e7bc080,1,0,0,0,1,single,False,
hotpotqa,5abba8d55542996606241711,15a25e265c7cbb60,1,0,0,0,1,single,False,
hotpotqa,5a7327f35542992359bc3250,9710983b61748b40,1,0,0,0,1,single,False,
hotpotqa,5abcff3a5542992ac4f3818c,c631a0bc8a020a66,1,0,0,0,1,single,False,
hotpotqa,5a7bbac45542995eb53be9a0,fa14fc297f5e618c,2,1,0,1,2,chain,False,
hotpotqa,5ae0e99a5542997b2ef7d068,7cbcf50039e7650d,1,0,0,0,1,single,False,
hotpotqa,5ac0c092554299012d1db62b,e6636469d1fe75a0,1,0,0,0,1,single,False,
hotpotqa,5ae00b1955429942ec259c06,b190253c876a5655,1,0,0,0,1,single,False,
hotpotqa,5a84c7cf5542991dd0999df6,e64f4ab3725fc86c,3,2,0,2,3,chain,True,
hotpotqa,5a7f3d2c55429930675136cb,58a100c1d06e3d02,2,1,0,1,2,chain,False,
hotpotqa,5a83142655429966c78a6b28,c3ba5d8d2a537f92,2,1,0,1,2,chain,False,
hotpotqa,5ae3500f5542992f92d82279,085f7acd1421d0ad,1,0,0,0,1,single,False,
hotpotqa,5ac549865542993e66e822b2,f7d5a11288442f36,1,0,0,0,1,single,False,
hotpotqa,5abb2c6e55429966062416da,981854066606d9f4,2,1,0,1,2,chain,False,
hotpotqa,5a834ed755429954d2e2ec8e,bce486364fbd1bd8,1,0,0,0,1,single,False,
hotpotqa,5a8b26c055429971feec4652,cb7c382d578fbb01,1,0,0,0,1,single,False,
hotpotqa,5a804e045542992bc0c4a6e6,be94a3a3634105f8,1,0,0,0,1,single,False,
hotpotqa,5add26c7554299473435387e,a51fe3ad4415a0d8,1,0,0,0,1,single,False,
hotpotqa,5ae73c225542991e8301cc19,7cc509239db80477,2,1,0,1,2,chain,False,
hotpotqa,5a82a82e55429940e5e1a90f,77e70117b9bdd29e,1,0,0,0,1,single,False,
hotpotqa,5a8356095542993344745ffc,424d26e002c470b7,2,1,0,1,2,chain,False,
hotpotqa,5a7a128e5542996a35c170b8,0724066dd087be22,1,0,0,0,1,single,False,
hotpotqa,5a74556655429979e2882905,3552f44131c976be,1,0,0,0,1,single,False,
hotpotqa,5adccab755429947343537a2,c3ebd84a21606bd4,1,0,0,0,1,single,False,
hotpotqa,5ab66ea15542995eadeeffcc,72976149a43e5019,1,0,0,0,1,single,False,
hotpotqa,5ae66d1b5542992ae0d16345,b3bb52a869a393f2,1,0,0,0,1,single,False,
hotpotqa,5a7f6dbb5542995d8a8dde66,58b492bc014bdc9b,1,0,0,0,1,single,False,
hotpotqa,5ae11cc955429901ffe4ad9c,5bff7e99c460858a,1,0,0,0,1,single,False,
hotpotqa,5ae8099d5542994a481bbe9a,95b12679307a134a,1,0,0,0,1,single,False,
hotpotqa,5ae0759d5542993d6555eb5d,226541789787a41e,1,0,0,0,1,single,False,
hotpotqa,5ae55f7f5542992663a4f1ec,005564d72d13cfed,1,0,0,0,1,single,False,
hotpotqa,5ab542d05542992aa134a28a,de515c92da24216f,1,0,0,0,1,single,False,
hotpotqa,5ac2c4bd5542990b17b15490,440b98a723532424,1,0,0,0,1,single,False,
hotpotqa,5a7d2b625542995ed0d1661d,fdd98240e5f9e3e7,1,0,0,0,1,single,False,
hotpotqa,5ae1cd3e554299492dc91b8d,d3bb390bf41126cd,1,0,0,0,1,single,False,
hotpotqa,5a7e0bc95542991319bc9423,3d99f818b7ee8e69,1,0,0,0,1,single,False,
hotpotqa,5a8cf98b554299441c6b9f93,2bf72d25169732e1,1,0,0,0,1,single,False,
hotpotqa,5adf8a765542995ec70e9035,48767b16bedde525,1,0,0,0,1,single,False,
hotpotqa,5ab9648f554299743d22eb4b,0b04699b227698f8,1,0,0,0,1,single,False,
hotpotqa,5adbd7025542996e68525258,df6dec75e62a71ff,1,0,0,0,1,single,False,
hotpotqa,5ae4c2835542995dadf243ec,295b0389c4afcd42,2,1,0,1,2,chain,False,
hotpotqa,5ae32bbe55429928c4239645,2b7565d1ed61dae1,1,0,0,0,1,single,False,
hotpotqa,5a8c4be8554299653c1aa02b,8975b2876d45cd29,1,0,0,0,1,single,False,
hotpotqa,5a755af75542992d0ec05f6b,4fb4cb2f5625f099,2,1,0,1,2,chain,False,
hotpotqa,5ae78c33554299540e5a55ea,5445720f364b0bff,1,0,0,0,1,single,False,
hotpotqa,5ae1d71f5542997f29b3c14b,f41910f00e8d0d1a,1,0,0,0,1,single,False,
hotpotqa,5add40aa5542990dbb2f7e01,efe8b34afb53a091,1,0,0,0,1,single,False,
hotpotqa,5a7b531355429927d897bf8f,8527cf1618367304,1,0,0,0,1,single,False,
hotpotqa,5a863f43554299211dda2ac2,f4b0c0f3e9e83857,3,2,0,2,3,chain,True,
hotpotqa,5ab9faf155429901930fa75e,384446ecd8e8ddb4,1,0,0,0,1,single,False,
hotpotqa,5a870898554299211dda2bac,c24b142dc3e5e741,1,0,0,0,1,single,False,
hotpotqa,5ab6bad95542995eadef0085,ff510509932def3f,2,1,0,1,2,chain,False,
hotpotqa,5a82833255429966c78a6a3a,24fa658bcbeb597b,1,0,0,0,1,single,False,
hotpotqa,5a834c0a5542996488c2e402,82b042180e80a1b5,3,2,0,2,3,chain,True,
hotpotqa,5a79c2705542996c55b2dc67,b8034fc4a35fd569,2,1,0,1,2,chain,False,
hotpotqa,5ababc4a55429939ce03dd4e,89e382cadacc27e6,2,1,0,1,2,chain,False,
hotpotqa,5ab7ba9355429928e1fe38b6,20968b46a9a23389,1,0,0,0,1,single,False,
hotpotqa,5ab8a04655429916710eb09b,34691c59a4279290,1,0,0,0,1,single,False,
hotpotqa,5ab923e555429919ba4e23d1,df571bb2e68cc6f9,1,0,0,0,1,single,False,
hotpotqa,5ab35fa655429976abd1bca1,91fbeddf174c6ca2,1,0,0,0,1,single,False,
hotpotqa,5ab83fad55429919ba4e2289,8a371d7810ed804b,1,0,0,0,1,single,False,
hotpotqa,5ade3a565542997c77adedb5,8d9b590694d4dc03,1,0,0,0,1,single,False,
hotpotqa,5ae83d9f5542997ec2727785,4954395b25140f19,1,0,0,0,1,single,False,
hotpotqa,5a77c4eb5542992a6e59dfc2,61653e02db1aac89,1,0,0,0,1,single,False,
hotpotqa,5ae2e0a755429928c4239522,66999f4382d9dd73,1,0,0,0,1,single,False,
hotpotqa,5a7788235542995d8318119b,85e9178357318bc5,1,0,0,0,1,single,False,
hotpotqa,5a7c984c55429907fabeefb8,751cbc808b552caf,1,0,0,0,1,single,False,
hotpotqa,5ae78b29554299540e5a55e0,c1444de04898c3a2,1,0,0,0,1,single,False,
hotpotqa,5ab3526955429976abd1bc8e,bff64fe1eafb27f5,1,0,0,0,1,single,False,
hotpotqa,5a7fbd4d55429969796c1b3d,43f31c36c94720c3,1,0,0,0,1,single,False,
hotpotqa,5ae2efcb55429928c423957b,9eeb6e8392dd486a,1,0,0,0,1,single,False,
hotpotqa,5ab42efe55429942dd415eba,bd3248c48dbf8c04,2,1,0,1,2,chain,False,
hotpotqa,5ab1ddc05542993be8fa9861,1a7830db2c67c23c,1,0,0,0,1,single,False,
hotpotqa,5aded4f15542995534e8c714,241a4b2101d2885a,1,0,0,0,1,single,False,
hotpotqa,5a8ddf53554299068b959e11,7c40412f1b7de8c9,1,0,0,0,1,single,False,
hotpotqa,5ac46a54554299204fd21f41,,0,0,0,-1,0,compile_failed,False,request failed for http://10.200.37.71:8801/v1/chat/completions: ReadTimeout
hotpotqa,5a80a958554299485f59868b,,0,0,0,-1,0,compile_failed,False,request failed for http://10.200.37.71:8801/v1/chat/completions: ReadTimeout
hotpotqa,5adf2e8c5542993a75d26418,8a34c6be81e33bd2,1,0,0,0,1,single,False,
hotpotqa,5ae6105b5542996de7b71b19,7b5fd033e59cc288,1,0,0,0,1,single,False,
hotpotqa,5adf35685542992d7e9f92cf,480ebf431b6a4f94,1,0,0,0,1,single,False,
hotpotqa,5a7a34dc5542990198eaf0e1,e5ae48c6a9aac97a,1,0,0,0,1,single,False,
hotpotqa,5a793bd95542994bb9456fc4,1560d0bde431d69c,1,0,0,0,1,single,False,
hotpotqa,5ac010c65542996f0d89cb18,2b99f00f8b39a84a,2,1,0,1,2,chain,False,
hotpotqa,5ae76e2e5542997b22f6a757,ad9690ec6bca2d25,1,0,0,0,1,single,False,
hotpotqa,5adf53885542995ec70e8fc5,02aad98da5b3a1a6,1,0,0,0,1,single,False,
hotpotqa,5ae1358b5542997b2ef7d12c,2fe4507894766246,1,0,0,0,1,single,False,
hotpotqa,5ab2a47c554299545a2cf9ec,bbefa073e3e62bbf,1,0,0,0,1,single,False,
hotpotqa,5a7cbca7554299452d57b9da,b028962db7ede4a5,1,0,0,0,1,single,False,
hotpotqa,5a78ed5955429974737f7903,1054b9b610ea631e,1,0,0,0,1,single,False,
hotpotqa,5a7ff38e5542994857a7686b,d81e439c7c216631,2,1,0,1,2,chain,False,
hotpotqa,5ae6e5415542992ae0d1639f,3115e358999a2c5a,1,0,0,0,1,single,False,
hotpotqa,5a83020b55429903bc27ba66,6a0149aa4a6db27d,2,1,0,1,2,chain,False,
hotpotqa,5a760b33554299109176e62d,3d47434ed6188c99,2,1,0,1,2,chain,False,
hotpotqa,5a78b5c955429974737f784f,fdfbd26d53970206,2,1,0,1,2,chain,False,
hotpotqa,5abc8aa1554299114383a144,1ef0328c2161e771,1,0,0,0,1,single,False,
hotpotqa,5a8afca455429971feec45ca,61048ea03714b62e,1,0,0,0,1,single,False,
hotpotqa,5ab554fb554299488d4d9941,86b0f05a98035fe7,1,0,0,0,1,single,False,
hotpotqa,5a8132ef5542995ce29dcbd9,9718754331109670,1,0,0,0,1,single,False,
hotpotqa,5a7a69c555429941d65f2629,e62e2cdd6cb0e992,1,0,0,0,1,single,False,
hotpotqa,5ae7b6e55542994a481bbdc2,59ec188fdc181570,1,0,0,0,1,single,False,
hotpotqa,5ab67e9d55429953192ad2d7,b4ad13f572f81b34,2,1,0,1,2,chain,False,
hotpotqa,5ae4ac285542995dadf2439a,622e8169f5e071b6,1,0,0,0,1,single,False,
hotpotqa,5a81388155429926c1cdad1a,03fc54357845aecf,1,0,0,0,1,single,False,
hotpotqa,5a79c7cc554299148911fa4a,57aecbfef11bed8d,4,4,0,3,4,complex,True,
hotpotqa,5a807aad554299485f598606,37f429a8b987fc70,3,2,0,2,3,chain,True,
hotpotqa,5abcffef554299114383a1c4,3336a4440c13da2c,2,1,0,1,2,chain,False,
hotpotqa,5adc753e55429944faac24da,1feb4a377ea11af8,1,0,0,0,1,single,False,
hotpotqa,5adc8b185542994d58a2f645,12469aab7e3297c7,1,0,0,0,1,single,False,
hotpotqa,5ae53b005542992663a4f189,5cd176f32d967607,1,0,0,0,1,single,False,
hotpotqa,5ab44b685542991779162c5b,e173975ebd1dd16d,1,0,0,0,1,single,False,
hotpotqa,5ae00e19554299025d62a3d0,ec674ca6c1af3c04,1,0,0,0,1,single,False,
hotpotqa,5a82b0bc55429966c78a6a7d,170ea475edb459b4,1,0,0,0,1,single,False,
hotpotqa,5a83212455429940e5e1a96e,a5dcfacbb5a58ec5,1,0,0,0,1,single,False,
hotpotqa,5a76dbaa55429972597f13e9,e211121b9ba726b0,1,0,0,0,1,single,False,
hotpotqa,5addee5a5542997545bbbdd8,b5a34b4b6a7ff3ce,3,2,0,2,3,chain,True,
hotpotqa,5a778a915542995d831811ac,45f2f46d454403df,2,1,0,1,2,chain,False,
hotpotqa,5abdbd535542993f32c2a03c,9c73a2c04bf3fc8b,1,0,0,0,1,single,False,
hotpotqa,5a7c75f055429935c91b51c6,1c7ab25a897dd919,1,0,0,0,1,single,False,
hotpotqa,5a78f93255429970f5fffe02,3016bcd52f67707c,2,1,0,1,2,chain,False,
hotpotqa,5ab5b5805542997d4ad1f1b6,,0,0,0,-1,0,compile_failed,False,request failed for http://10.200.37.71:8801/v1/chat/completions: ReadTimeout
hotpotqa,5ac0df1f5542997d64295a62,d369271256a6e0de,1,0,0,0,1,single,False,
hotpotqa,5a904f8c5542995651fb5125,6ea093b5140fbf6c,1,0,0,0,1,single,False,
hotpotqa,5a8144c355429938b614231c,16a4dc7a605e495b,1,0,0,0,1,single,False,
hotpotqa,5a74fde45542993748c8977f,3c01b312422f6088,1,0,0,0,1,single,False,
hotpotqa,5a88a5f55542997e5c09a682,8b207982500bd128,1,0,0,0,1,single,False,
hotpotqa,5a7e3dfc5542991319bc9449,6c1ee0c5fec84398,1,0,0,0,1,single,False,
hotpotqa,5ab9a8f7554299131ca423bb,2b9a8c2e0a2fcd60,1,0,0,0,1,single,False,
hotpotqa,5ab66ffb55429954757d32b8,c25436d10384430b,1,0,0,0,1,single,False,
hotpotqa,5ae83d075542997ec2727783,acd5caa858899734,1,0,0,0,1,single,False,
hotpotqa,5ae7fd8f554299321098400c,98c790e522b06352,2,1,0,1,2,chain,False,
hotpotqa,5ab56db6554299637185c592,,0,0,0,-1,0,compile_failed,False,request failed for http://10.200.37.71:8801/v1/chat/completions: ReadTimeout
hotpotqa,5a89e2cc5542992e4fca8442,08b3912386c273e3,1,0,0,0,1,single,False,
hotpotqa,5ab401b45542996a3a969ede,996186adf8611e52,1,0,0,0,1,single,False,
hotpotqa,5ab46b165542991751b4d767,e434688103282c47,1,0,0,0,1,single,False,
hotpotqa,5a7cd463554299683c1c6391,,0,0,0,-1,0,compile_failed,False,request failed for http://10.200.37.71:8801/v1/chat/completions: ReadTimeout
hotpotqa,5a8dfb2b554299068b959e2a,b808123b1bebf9ca,1,0,0,0,1,single,False,
hotpotqa,5a85b0db5542997b5ce40026,42fea484f3646e0b,1,0,0,0,1,single,False,
hotpotqa,5ae2e79155429928c4239547,4bbc52ec68c53bed,1,0,0,0,1,single,False,
hotpotqa,5add64625542992200553ae5,521eb6a1b61d3c34,1,0,0,0,1,single,False,
hotpotqa,5a8757ac5542994775f607dd,9d6b5e3f21470900,1,0,0,0,1,single,False,
hotpotqa,5a7358d555429901807dafd4,1db1936c7676964e,1,0,0,0,1,single,False,
hotpotqa,5ac520645542994611c8b3c0,855afa79a80de596,1,0,0,0,1,single,False,
hotpotqa,5ab773ef5542992aa3b8c819,1caefec40759692f,1,0,0,0,1,single,False,
hotpotqa,5ade64c255429975fa854eba,b696c25ac3dff517,1,0,0,0,1,single,False,
hotpotqa,5adfdf3c55429906c02daa7b,ae17b9698f427730,1,0,0,0,1,single,False,
hotpotqa,5ae377a35542994393b9e6db,4642df943c385e46,1,0,0,0,1,single,False,
hotpotqa,5a85f7465542994775f606ca,fb0f5569267a1d3e,1,0,0,0,1,single,False,
hotpotqa,5ae2264d554299234fd043fb,10998bb3dc762df1,1,0,0,0,1,single,False,
hotpotqa,5adf1e285542995ec70e8f7d,c05c641fa3ddad8a,1,0,0,0,1,single,False,
hotpotqa,5ab4307c554299233955004b,bc9f6a10822c101f,1,0,0,0,1,single,False,
hotpotqa,5ac328205542995ef918c145,decf297701d6465f,2,1,0,1,2,chain,False,
hotpotqa,5ae1cc1d554299234fd04301,047654ab40ba1465,1,0,0,0,1,single,False,
hotpotqa,5aba714555429955dce3ee29,3805bb35dfaa3ee4,1,0,0,0,1,single,False,
hotpotqa,5a7333975542992359bc3288,36cc0bdd96a965ee,1,0,0,0,1,single,False,
hotpotqa,5aba5537554299232ef4a291,2d65461626447047,2,1,0,1,2,chain,False,
hotpotqa,5ab8597655429919ba4e22bb,29da0ee236e7ed04,2,1,0,1,2,chain,False,
hotpotqa,5a75e9a25542994ccc918653,,0,0,0,-1,0,compile_failed,False,request failed for http://10.200.37.71:8801/v1/chat/completions: ReadTimeout
hotpotqa,5abdf93e5542993f32c2a073,2d70e4857eff6e43,1,0,0,0,1,single,False,
hotpotqa,5ade047d5542997545bbbe1f,fb420269fe82cb15,1,0,0,0,1,single,False,
hotpotqa,5ac3010d5542996773102687,bfaf3f806f56e4e5,1,0,0,0,1,single,False,
hotpotqa,5a8987ba55429946c8d6e93b,84569caa7a265273,1,0,0,0,1,single,False,
hotpotqa,5a8440795542990548d0b267,4c823f4cd1f1eac8,2,1,0,1,2,chain,False,
hotpotqa,5adcc89f5542994d58a2f6cf,b2bab9d1a9f9e20d,1,0,0,0,1,single,False,
hotpotqa,5ab58caa554299637185c5c4,db2fbc19c42f9a3e,1,0,0,0,1,single,False,
hotpotqa,5ae2aa9a554299492dc91c43,15fd5a95d4f78475,1,0,0,0,1,single,False,
hotpotqa,5adfe28055429906c02daa84,7182e5c0fdc7b2cc,1,0,0,0,1,single,False,
hotpotqa,5a7d1ef8554299452d57bb05,c4fe3c6a2a11a630,1,0,0,0,1,single,False,
hotpotqa,5adf1dcb5542993344016bdf,91acd923de502ebc,1,0,0,0,1,single,False,
hotpotqa,5ae0ede85542993d6555eca2,59601db57ab0614e,1,0,0,0,1,single,False,
hotpotqa,5adc401655429944faac2495,2a09df60e2acb5f6,3,3,0,2,3,complex,True,
hotpotqa,5ab2bfbd554299545a2cfa50,d730b625d22fc107,2,1,0,1,2,chain,False,
hotpotqa,5a8b4ef255429971feec46af,2b7b7b7e4c0437e8,1,0,0,0,1,single,False,
hotpotqa,5a8f174b55429918e830d185,5cb109b2462f657f,2,1,0,1,2,chain,False,
hotpotqa,5a732db25542992359bc3263,d19b4917f11cd0d4,1,0,0,0,1,single,False,
hotpotqa,5ae56c195542990ba0bbb2a1,7e36cdf4ab89d097,1,0,0,0,1,single,False,
hotpotqa,5a7117a85542994082a3e57d,91cee0a77c7c30ca,1,0,0,0,1,single,False,
hotpotqa,5a8ac0ee5542996c9b8d5f70,6448195adecbea3b,1,0,0,0,1,single,False,
hotpotqa,5a756f245542992d0ec05f92,42f9eb54d62f3bbd,1,0,0,0,1,single,False,
hotpotqa,5a8b68d355429949d91db59d,10be6932cbd6603f,1,0,0,0,1,single,False,
hotpotqa,5ac277b855429963665199cb,27e477db8901c53b,1,0,0,0,1,single,False,
hotpotqa,5a8392f95542992ef85e2311,86cdbb7dd969a5d7,1,0,0,0,1,single,False,
hotpotqa,5a86f45555429960ec39b6f1,d3ad067a0cbd0d08,1,0,0,0,1,single,False,
hotpotqa,5a7a2ee45542996c55b2dd33,d3183149069aefe9,4,5,0,3,4,complex,True,
hotpotqa,5abd02d05542992ac4f381a4,5b8da9b753b59256,1,0,0,0,1,single,False,
hotpotqa,5abe04cf5542991f661060a8,74f458216a0ba7e4,1,0,0,0,1,single,False,
hotpotqa,5ae7c07f554299540e5a5653,d34116dee9ee7d52,1,0,0,0,1,single,False,
hotpotqa,5a845cfd554299123d8c2222,,0,0,0,-1,0,compile_failed,False,request failed for http://10.200.37.71:8801/v1/chat/completions: ReadTimeout
hotpotqa,5a77cd8a5542995d831812ec,df7e17b6ecc04c40,1,0,0,0,1,single,False,
hotpotqa,5ae4988d5542996836b02ce5,dbef22cc19cac14f,1,0,0,0,1,single,False,
hotpotqa,5a8a6ea75542992d82986f20,2e76f5b5fd926eb8,1,0,0,0,1,single,False,
hotpotqa,5ac053495542997d64295a02,0d8e556f2dcc4a20,1,0,0,0,1,single,False,
hotpotqa,5adbfb535542994650320c26,7eaf5279a3b0ecda,1,0,0,0,1,single,False,
hotpotqa,5addeed05542997dc79070c3,15572cbbf4746dd1,1,0,0,0,1,single,False,
hotpotqa,5ae27f115542996483e649c4,4b49e74ded8cd45e,1,0,0,0,1,single,False,
hotpotqa,5ae3503a5542994393b9e675,4a617031168703ff,2,1,0,1,2,chain,False,
hotpotqa,5add00f45542992c1e3a2508,b5097f0d16e1104b,1,0,0,0,1,single,False,
hotpotqa,5ac451fc5542991943173977,,0,0,0,-1,0,compile_failed,False,request failed for http://10.200.37.71:8801/v1/chat/completions: ReadTimeout
hotpotqa,5a85bd665542994c784ddb72,2093a4e636454c28,1,0,0,0,1,single,False,
hotpotqa,5ac061f2554299294b218fae,a801da9c00c9821b,1,0,0,0,1,single,False,
hotpotqa,5a74fa3a5542993748c8976f,d57adb303105cf33,1,0,0,0,1,single,False,
hotpotqa,5ab2d7c6554299295394687d,b81cbcbbd486f5a8,1,0,0,0,1,single,False,
hotpotqa,5a755f865542992d0ec05f72,25c6a694165b0676,1,0,0,0,1,single,False,
hotpotqa,5ae4c42e55429960a22e01cc,86553e00453326f5,1,0,0,0,1,single,False,
hotpotqa,5a87d4515542994775f607fb,bf618b9e8b0fc820,1,0,0,0,1,single,False,
hotpotqa,5adea4a05542997c77adee98,3e61541ade8a0d2d,2,1,0,1,2,chain,False,
hotpotqa,5ae3beae5542992e3233c46f,1641ee34900332b3,2,1,0,1,2,chain,False,
hotpotqa,5a846764554299123d8c223b,54be1e8a5dcd9b0c,1,0,0,0,1,single,False,
hotpotqa,5ac183125542991316484b2e,b36af1c727652cd3,1,0,0,0,1,single,False,
hotpotqa,5a89e53155429946c8d6e9fe,e5c677abc5235f92,1,0,0,0,1,single,False,
hotpotqa,5a7f891a5542994857a76770,3cd16836410f16b0,2,1,0,1,2,chain,False,
hotpotqa,5ab413d555429969a97a8234,234fab47cbe26873,1,0,0,0,1,single,False,
hotpotqa,5ac4a0995542996feb3fe922,2f85b40ba2ae6e2e,1,0,0,0,1,single,False,
hotpotqa,5ab2dfc9554299194fa9355d,fbdf5be40ef5a8cf,1,0,0,0,1,single,False,
hotpotqa,5ae7f4355542993210983fce,63f6a54a41ac516f,1,0,0,0,1,single,False,
hotpotqa,5a72ba835542992359bc318c,c0528a34f8d95f55,1,0,0,0,1,single,False,
hotpotqa,5a7f03d955429934daa2fc90,42f2f8325156a966,1,0,0,0,1,single,False,
hotpotqa,5abe60f855429976d4830b06,f2aa083ebfe3cca9,2,1,0,1,2,chain,False,
hotpotqa,5a72b82c5542994cef4bc3de,fe8fd3c7d231d0f4,1,0,0,0,1,single,False,
hotpotqa,5a7a61af55429941d65f25fb,59d2bece055dde28,1,0,0,0,1,single,False,
hotpotqa,5a7ea03a55429930675135a7,f51787b83730c0a5,2,1,0,1,2,chain,False,
hotpotqa,5ab5ed53554299637185c624,b5f6bc9408fd48be,1,0,0,0,1,single,False,
hotpotqa,5ab740aa5542992aa3b8c7fe,cc9fcd37b60b7957,2,1,0,1,2,chain,False,
hotpotqa,5a809f815542996402f6a5b7,0f9d68c4fff22e51,1,0,0,0,1,single,False,
hotpotqa,5a8b595d5542997f31a41ce4,c5143d4357008f59,2,1,0,1,2,chain,False,
hotpotqa,5ae6166b5542996de7b71b45,942c29d777dfd12c,1,0,0,0,1,single,False,
hotpotqa,5a7a3a735542990783324ecf,481dc0f4ccc4c1de,2,1,0,1,2,chain,False,
hotpotqa,5a74dafe5542996c70cfae1a,3fa06b254ae193be,1,0,0,0,1,single,False,
hotpotqa,5a764e835542992d0ec0609a,ecb21153a982e9f8,1,0,0,0,1,single,False,
hotpotqa,5adbce2d5542996e68525243,29222671d865d606,1,0,0,0,1,single,False,
hotpotqa,5ae711395542995703ce8bc6,8f1c358456ab6bc7,1,0,0,0,1,single,False,
hotpotqa,5ae7ed8e554299540e5a56a7,762e30dbb06e447f,1,0,0,0,1,single,False,
hotpotqa,5a8aa5e35542996c9b8d5f4f,901ab011fa474ccf,1,0,0,0,1,single,False,
hotpotqa,5ae606b05542992663a4f242,0bcc37bf12a89145,1,0,0,0,1,single,False,
hotpotqa,5a71472b5542994082a3e74d,fd3f489e6689d260,1,0,0,0,1,single,False,
hotpotqa,5a85a8bb5542997b5ce40013,ca68b76d2685f8cd,1,0,0,0,1,single,False,
hotpotqa,5ae13e7d5542997b2ef7d15d,30305bf1bee00027,3,2,0,2,3,chain,True,
hotpotqa,5ab7f3975542995dae37ea07,d809c4d1b0769e42,1,0,0,0,1,single,False,
hotpotqa,5a84af9a5542992a431d1a8c,842759bb2c604be3,1,0,0,0,1,single,False,
hotpotqa,5ac2cd4c554299677310262a,7ed4f92547bad14a,1,0,0,0,1,single,False,
hotpotqa,5ae2933d554299495565dacd,454d5afe03f7bd2b,1,0,0,0,1,single,False,
hotpotqa,5a78eea655429970f5fffde1,aeece7b4b4adc709,1,0,0,0,1,single,False,
hotpotqa,5ae660155542996d980e7b2b,aa1193b1205f1962,1,0,0,0,1,single,False,
hotpotqa,5a80b3a65542992bc0c4a7ba,33674bede14a2f89,1,0,0,0,1,single,False,
hotpotqa,5a7b904555429927d897bfee,d9f8507270513f61,1,0,0,0,1,single,False,
hotpotqa,5ae0b8df55429924de1b7147,fe810f6dba1bcc78,1,0,0,0,1,single,False,
hotpotqa,5ac2cb7e554299657fa29068,81ab0e70b33e290e,1,0,0,0,1,single,False,
hotpotqa,5a8b68205542997f31a41d14,682c5fffe597946a,2,1,0,1,2,chain,False,
hotpotqa,5ae7a2825542993210983ebe,0845015a7868836c,2,1,0,1,2,chain,False,
hotpotqa,5ae37bae5542991a06ce99cf,,0,0,0,-1,0,compile_failed,False,request failed for http://10.200.37.71:8801/v1/chat/completions: ReadTimeout
hotpotqa,5ae72cba554299572ea54758,1b5d996b248f1207,1,0,0,0,1,single,False,
hotpotqa,5abc5a1d554299114383a11a,32711ff142c50eb2,1,0,0,0,1,single,False,
hotpotqa,5ab7cf6d55429928e1fe391a,84190655111f3bef,1,0,0,0,1,single,False,
hotpotqa,5ab2d1e55542992953946878,f2dc42ae1630a795,1,0,0,0,1,single,False,
hotpotqa,5ab55f9d554299488d4d996c,f748b72faa733dd3,1,0,0,0,1,single,False,
hotpotqa,5a790f3b554299029c4b5ef1,3a064d8174bea4c2,1,0,0,0,1,single,False,
hotpotqa,5ae239d35542992decbdcc86,10d43b38cd1d496f,2,1,0,1,2,chain,False,
hotpotqa,5abacf265542996606241628,836929aec69e9c1f,1,0,0,0,1,single,False,
hotpotqa,5abc6b0d554299700f9d78ba,5756870a30bb1e0a,1,0,0,0,1,single,False,
hotpotqa,5ae0d6165542990adbacf676,10c53e81cbca00b8,1,0,0,0,1,single,False,
hotpotqa,5a84f7365542997175ce1f37,646162e7438ee8c1,1,0,0,0,1,single,False,
hotpotqa,5ae68a2d5542996d980e7bf5,276866b7104b24bc,1,0,0,0,1,single,False,
hotpotqa,5a8e2e8b5542995085b373c8,6affe0026b220afa,1,0,0,0,1,single,False,
hotpotqa,5abb0c015542992ccd8e7ed8,50afee76f03779da,1,0,0,0,1,single,False,
hotpotqa,5ac1f8095542991316484bd7,7b1bb565ef93c1aa,2,1,0,1,2,chain,False,
hotpotqa,5ae7ef66554299540e5a56ba,479e794469ad6c34,2,1,0,1,2,chain,False,
hotpotqa,5a7fce9655429969796c1b7a,5f364d2187b81589,1,0,0,0,1,single,False,
hotpotqa,5ac02348554299012d1db5b7,7a693ed090089094,1,0,0,0,1,single,False,
hotpotqa,5ab83d445542990e739ec885,cf6016527f14a220,1,0,0,0,1,single,False,
hotpotqa,5add65b55542992200553aee,f192bd7907f93101,1,0,0,0,1,single,False,
hotpotqa,5ade50b85542997c77adedf1,b1fa2aeb99ce5965,2,1,0,1,2,chain,False,
hotpotqa,5ade2e72554299728e26c666,5b6a03a303ae2561,1,0,0,0,1,single,False,
hotpotqa,5a75055e5542996c70cfae79,94a02eea4f147175,1,0,0,0,1,single,False,
hotpotqa,5ac140815542991316484a99,231c45f40e9e5c93,1,0,0,0,1,single,False,
hotpotqa,5abdd20a5542991f6610604f,f12a3c29a83f89fe,1,0,0,0,1,single,False,
hotpotqa,5a7fab2f55429969796c1b19,58efce11cd2744aa,1,0,0,0,1,single,False,
hotpotqa,5a7bb412554299042af8f7a0,befa64038e832a32,1,0,0,0,1,single,False,
hotpotqa,5ae17f2155429901ffe4aeb8,7cfeb0f0993e254a,1,0,0,0,1,single,False,
hotpotqa,5a8e02dc5542995085b37378,3eec645362ef56a7,1,0,0,0,1,single,False,
hotpotqa,5a7bd3945542990527d55424,3245db2dda7e7fdb,2,1,0,1,2,chain,False,
hotpotqa,5adcdfe45542992c1e3a2449,9442783231cfb759,1,0,0,0,1,single,False,
hotpotqa,5a818fdf5542995ce29dcc00,bdce8937c196d81a,1,0,0,0,1,single,False,
hotpotqa,5a8cd950554299585d9e3741,f91864153f84b91c,1,0,0,0,1,single,False,
hotpotqa,5adc887c554299438c868ddf,30674acb4724100d,1,0,0,0,1,single,False,
hotpotqa,5a7a3cb45542994f819ef180,cdafa117a092dff2,1,0,0,0,1,single,False,
hotpotqa,5a8d03d9554299441c6b9fbb,861f54f87acb46c8,1,0,0,0,1,single,False,
hotpotqa,5ae62e085542992663a4f275,d7c1247628675df2,1,0,0,0,1,single,False,
hotpotqa,5ab66eb055429953192ad2cb,f7c60464a508ff3c,1,0,0,0,1,single,False,
hotpotqa,5ac312675542995ef918c0e6,8b03c04dfb5b08f0,1,0,0,0,1,single,False,
hotpotqa,5add0de55542994734353819,89aae0ff0e2d2344,1,0,0,0,1,single,False,
hotpotqa,5ab7b1cd5542992aa3b8c849,e93773d05f389018,1,0,0,0,1,single,False,
hotpotqa,5abbe9d7554299114383a08f,dc885fa68bbe51a0,1,0,0,0,1,single,False,
hotpotqa,5a889b5b55429938390d3f96,4d3ed07a5142159b,1,0,0,0,1,single,False,
hotpotqa,5a8611e15542996432c57193,b1fd81ebc6fb73e9,1,0,0,0,1,single,False,
hotpotqa,5ab29d5b554299545a2cf9d7,97f00ea630a958dd,1,0,0,0,1,single,False,
hotpotqa,5ae240b6554299492dc91be9,6e9699fba451ce8f,1,0,0,0,1,single,False,
hotpotqa,5a8b35c855429950cd6afc77,e83863963234357b,1,0,0,0,1,single,False,
hotpotqa,5a7138685542994082a3e691,61057257a45b61be,1,0,0,0,1,single,False,
hotpotqa,5a8ca860554299240d9c21bc,9624b4796e46b5b3,1,0,0,0,1,single,False,
hotpotqa,5a90090955429933b8a20471,74912c9df97b2f35,2,1,0,1,2,chain,False,
hotpotqa,5a77c84b5542995d831812cd,ec0207a03901dde7,2,1,0,1,2,chain,False,
hotpotqa,5ab2afbf55429929539467fa,7ccb2f083e93be50,1,0,0,0,1,single,False,
hotpotqa,5abd1e3f55429933744ab730,a76d72d1715ac546,3,3,0,2,3,complex,True,
hotpotqa,5a73844755429908901be2de,4938ef4de8c39b49,1,0,0,0,1,single,False,
hotpotqa,5a903a4955429916514e7437,2e26605c26a5517f,1,0,0,0,1,single,False,
hotpotqa,5ac43e0a5542995c82c4ad09,3375899b4f3243bf,1,0,0,0,1,single,False,
hotpotqa,5a8ce6b0554299585d9e375e,c3bbc2eb9de2d2b8,4,3,0,3,4,chain,True,
hotpotqa,5ae01f75554299025d62a40f,4b74702df7e1f760,1,0,0,0,1,single,False,
hotpotqa,5a86de5f5542996432c571fa,b2287140c6a3fe89,1,0,0,0,1,single,False,
hotpotqa,5ac01b265542992a796dec8a,6da605d59e89a51d,1,0,0,0,1,single,False,
hotpotqa,5a8a9fe65542996c9b8d5f3e,09f054a5bba04763,1,0,0,0,1,single,False,
hotpotqa,5a7c3df85542996dd594b8e0,5165726fb191f655,1,0,0,0,1,single,False,
hotpotqa,5abbd7a05542993f40c73bdc,aea3c0aa0da42e4c,1,0,0,0,1,single,False,
hotpotqa,5ab94e04554299743d22eae8,3f966ce24b7c8a2e,1,0,0,0,1,single,False,
hotpotqa,5a7613205542994ccc9186bc,7a97c66d0d607673,1,0,0,0,1,single,False,
hotpotqa,5a7b165455429927d897bf33,21deb857edf9aae2,1,0,0,0,1,single,False,
hotpotqa,5ae16efe55429920d52343d3,4aedd012dde9e68d,3,3,0,2,3,complex,True,
hotpotqa,5a8a58a75542996c9b8d5ebf,5d57ae285ffd012d,1,0,0,0,1,single,False,
hotpotqa,5adff4e955429925eb1afb95,e36803593f32c235,1,0,0,0,1,single,False,
hotpotqa,5ae234405542992decbdcc5a,67b8c4d947426c36,1,0,0,0,1,single,False,
hotpotqa,5a7fb08155429969796c1b25,f78ecddc8a366205,1,0,0,0,1,single,False,
hotpotqa,5a7b0ce75542992d025e673d,72506d64e288cb83,1,0,0,0,1,single,False,
hotpotqa,5a7601ac5542992db9473711,782930686a95ba92,1,0,0,0,1,single,False,
hotpotqa,5ae5e950554299546bf82fc3,6f48a3d9b21a311d,1,0,0,0,1,single,False,
hotpotqa,5ab7341f5542993667793f8a,d4e18d11ab943347,1,0,0,0,1,single,False,
hotpotqa,5aba94535542994dbf019954,f4a7acb6e55920f4,2,1,0,1,2,chain,False,
hotpotqa,5a807c7a554299485f598612,dc5d273262effbc6,2,1,0,1,2,chain,False,
hotpotqa,5ae2e73055429928c4239544,c87b3ed187351ea4,1,0,0,0,1,single,False,
hotpotqa,5ae190405542997b2ef7d1fe,1770146b3a37fe8a,1,0,0,0,1,single,False,
hotpotqa,5abc440155429959677d6a6b,f0f856a9dc9dee53,1,0,0,0,1,single,False,
hotpotqa,5adf07275542992d7e9f9276,fd6da4f3910cdba2,1,0,0,0,1,single,False,
hotpotqa,5ae74a085542997b22f6a680,33947c24a5a3e573,1,0,0,0,1,single,False,
hotpotqa,5a775add5542993569682d65,34aef5717285e5a5,1,0,0,0,1,single,False,
hotpotqa,5ae3f8255542995dadf24279,e9febf42ba64d825,1,0,0,0,1,single,False,
hotpotqa,5a905ec455429916514e7494,5621e91a71485457,1,0,0,0,1,single,False,
hotpotqa,5a7cee9655429909bec768a7,5109319244fe49a9,3,2,0,2,3,chain,True,
hotpotqa,5a7bcd19554299294a54aaed,a0357aebc6328ba1,2,1,0,1,2,chain,False,
hotpotqa,5ae5e8ef5542992663a4f231,01ff564d2636c27a,3,2,0,2,3,chain,True,
hotpotqa,5a762eb65542994ccc918705,11e068178fcf41b6,1,0,0,0,1,single,False,
hotpotqa,5a7d39155542995ed0d1663d,288d39f2bb673861,1,0,0,0,1,single,False,
hotpotqa,5a7101d95542994082a3e4ae,f4bc8b727726fb58,1,0,0,0,1,single,False,
hotpotqa,5a8e54655542990e94052ad3,3cb6bcd8de604fed,1,0,0,0,1,single,False,
hotpotqa,5a79f191554299029c4b5f8d,bfefc98fe93353fb,1,0,0,0,1,single,False,
hotpotqa,5a7ddac45542997cc2c474af,2bcea9ba2175bddf,1,0,0,0,1,single,False,
hotpotqa,5a739b2c55429978a71e9045,b94e0c9191ef5fd9,1,0,0,0,1,single,False,
hotpotqa,5ae5f88d55429929b0807a49,8496dbdb96016a0c,1,0,0,0,1,single,False,
hotpotqa,5a8838915542994846c1ce3a,11342ba403f5388f,1,0,0,0,1,single,False,
hotpotqa,5ae5168f55429913cc204588,dce81c7e76630b5c,1,0,0,0,1,single,False,
hotpotqa,5a776f2f5542997042120a37,82dbe7fb9c6f30d3,2,1,0,1,2,chain,False,
hotpotqa,5a8ede6d5542995a26add532,23c256f3c08ee9aa,1,0,0,0,1,single,False,
hotpotqa,5a8b44605542995d1e6f1330,f917a524f50e4c85,1,0,0,0,1,single,False,
hotpotqa,5ae74e1c5542991bbc9761e0,c9b882008c4f8bd7,1,0,0,0,1,single,False,
hotpotqa,5ab5d1b0554299494045f071,768b98aec45f1e52,1,0,0,0,1,single,False,
hotpotqa,5a7c29845542990527d55469,61f32f03195ff677,1,0,0,0,1,single,False,
hotpotqa,5a8cd96b55429941ae14df12,ff0abf35a8871e2b,1,0,0,0,1,single,False,
hotpotqa,5a89a5ed5542993b751ca969,44c85f01d8bd974d,1,0,0,0,1,single,False,
hotpotqa,5a8772b85542993e715abf49,aa820f0258acdde9,1,0,0,0,1,single,False,
hotpotqa,5add68005542992ae4cec552,391eb2c6f8fc21fb,1,0,0,0,1,single,False,
hotpotqa,5a75f0275542994ccc918669,b2c61a6bd5b5e089,1,0,0,0,1,single,False,
hotpotqa,5a8fa3785542992414482b13,0f22c6839ddd50a7,2,1,0,1,2,chain,False,
hotpotqa,5a7fa83a5542994857a767a3,9ec04fbd87dd114e,1,0,0,0,1,single,False,
hotpotqa,5a89e08055429946c8d6e9f3,4a8f9ee76727aab6,1,0,0,0,1,single,False,
hotpotqa,5a75d4515542992db94736db,571b2f2aaeb955b1,1,0,0,0,1,single,False,
hotpotqa,5ac02e5e554299012d1db5c8,aad84e05c674dbab,1,0,0,0,1,single,False,
hotpotqa,5a885253554299206df2b221,68b6be6578349bda,1,0,0,0,1,single,False,
hotpotqa,5abc4757554299114383a10a,53194e791ce35680,2,1,0,1,2,chain,False,
hotpotqa,5ae425cf5542995ad6573d05,bf92fbde1359b363,1,0,0,0,1,single,False,
hotpotqa,5abc0a7155429965836003fe,4480f829a7a1de6d,2,1,0,1,2,chain,False,
hotpotqa,5a849af35542997175ce1ef5,8932e2f908eff7e9,1,0,0,0,1,single,False,
hotpotqa,5a7df8445542995f4f40235a,ddda1e9a3bbe4c01,1,0,0,0,1,single,False,
hotpotqa,5ab3543355429976abd1bc90,b253119ee799d578,1,0,0,0,1,single,False,
hotpotqa,5a8f92de55429918e830d26e,9fd45cfb6b533c87,1,0,0,0,1,single,False,
hotpotqa,5ae354b95542991a06ce9995,1e135e94e7550e68,1,0,0,0,1,single,False,
hotpotqa,5a8461c75542992ef85e23d4,9d89fffeb15f716f,1,0,0,0,1,single,False,
hotpotqa,5adcf8c855429947343537e5,e8811237bf82bfc5,1,0,0,0,1,single,False,
hotpotqa,5abbd1b45542993f40c73bb8,0d4f7de713702589,1,0,0,0,1,single,False,
hotpotqa,5abf41155542993fe9a41deb,867e73d42376814c,1,0,0,0,1,single,False,
hotpotqa,5a80f8be554299260e20a1e3,dcc6d4c9f1672a98,1,0,0,0,1,single,False,
hotpotqa,5ae1d16c554299234fd0430b,0af40c4f6fc59bcc,1,0,0,0,1,single,False,
hotpotqa,5a84c2b45542991dd0999de3,ba38809b5fb88972,1,0,0,0,1,single,False,
hotpotqa,5a87dc065542997e5c09a57b,df28af3c7423c206,1,0,0,0,1,single,False,
hotpotqa,5ab2b34c5542992953946826,07dacbacafb132ea,1,0,0,0,1,single,False,
hotpotqa,5ab1ee2b554299449642c810,c7a060765965f82e,1,0,0,0,1,single,False,
hotpotqa,5ab8b2d85542991b5579efe0,1e5726e681d424b0,1,0,0,0,1,single,False,
hotpotqa,5a7fa66d5542995d8a8ddedf,e48c822c74d97b98,1,0,0,0,1,single,False,
hotpotqa,5a7b6a87554299042af8f76c,a1d4c394b2be5d69,1,0,0,0,1,single,False,
hotpotqa,5adfe7fb55429942ec259b7d,cc9af80e47db6012,1,0,0,0,1,single,False,
hotpotqa,5a7e17ea5542995ed0d1668e,1aedc78638f0cdcd,1,0,0,0,1,single,False,
hotpotqa,5ae23cea5542992decbdcc9f,7af9eceab38e9b07,1,0,0,0,1,single,False,
hotpotqa,5ae4ef845542993aec5ec0f7,bde0d5f677bfa5ac,1,0,0,0,1,single,False,
hotpotqa,5a89dc4d554299669944a5da,987bcbde8472be83,1,0,0,0,1,single,False,
hotpotqa,5aba338a55429955dce3edd7,6220f4d833ae002e,1,0,0,0,1,single,False,
hotpotqa,5a8b6d8955429950cd6afcf7,3cd123929fe0fc33,1,0,0,0,1,single,False,
hotpotqa,5a79c39c5542994bb9457076,d979ba1c11f11dc8,1,0,0,0,1,single,False,
hotpotqa,5ae4c5dd5542996836b02d1f,e6d43a991abcda5d,1,0,0,0,1,single,False,
hotpotqa,5adfa196554299025d62a304,c8b7346b8b267542,1,0,0,0,1,single,False,
hotpotqa,5ac1f7f355429964131be2ae,959777fc19b9fc9c,1,0,0,0,1,single,False,
hotpotqa,5a87e1595542993e715abff3,a3ed62519e80d088,1,0,0,0,1,single,False,
hotpotqa,5a8adc8655429950cd6afbbd,ed2068606eeb5d84,1,0,0,0,1,single,False,
hotpotqa,5a89ca65554299669944a59f,ffb5059f570073a1,1,0,0,0,1,single,False,
hotpotqa,5ae0fc0d55429920d523425f,c8824f37c325c613,1,0,0,0,1,single,False,
hotpotqa,5a8716b05542991e771816bd,7a720eef790a82f3,1,0,0,0,1,single,False,
hotpotqa,5a756ca05542992db947365f,c05456610d78e19d,1,0,0,0,1,single,False,
hotpotqa,5a8905f15542993b751ca8ef,eebde37ea7c6bd54,2,1,0,1,2,chain,False,
hotpotqa,5addf5aa5542995b365fab9f,632070980d233c12,1,0,0,0,1,single,False,
hotpotqa,5adca6c05542994d58a2f696,e54119b53a4f2a12,1,0,0,0,1,single,False,
hotpotqa,5a72b2a45542991f9a20c570,00d52ade491c3640,1,0,0,0,1,single,False,
hotpotqa,5a88d8045542993b751ca87a,360302d26dfab7db,2,1,0,1,2,chain,False,
hotpotqa,5ae6f9cf554299572ea54656,9dec996aa7b618c4,1,0,0,0,1,single,False,
hotpotqa,5a747cd755429979e2882961,7d8d07705c228edb,1,0,0,0,1,single,False,
hotpotqa,5ab1ea34554299340b52542b,633fe74195a07a99,1,0,0,0,1,single,False,
hotpotqa,5a8f937c554299458435d67b,2273970aa2946fb9,1,0,0,0,1,single,False,
hotpotqa,5a883e725542997e5c09a5b2,156a5e33edd4c14e,1,0,0,0,1,single,False,
hotpotqa,5a8a3e745542996c9b8d5e71,69db683f36951aa9,2,1,0,1,2,chain,False,
hotpotqa,5a7a666855429941d65f261b,207f4434b2ee1768,1,0,0,0,1,single,False,
hotpotqa,5ac0dda25542996f0d89cc2d,0bf58968ec289017,1,0,0,0,1,single,False,
hotpotqa,5a7f3dde55429930675136d0,,0,0,0,-1,0,compile_failed,False,request failed for http://10.200.37.71:8801/v1/chat/completions: ReadTimeout
hotpotqa,5ae614895542996de7b71b31,4bd1f65ffd9368bf,1,0,0,0,1,single,False,
hotpotqa,5a7784a455429949eeb29ebb,e00d074e7b2e8eca,1,0,0,0,1,single,False,
hotpotqa,5a7276705542991f9a20c482,8466f6d972ce2241,1,0,0,0,1,single,False,
hotpotqa,5a8309bb55429966c78a6b04,cdd80df68db4034d,1,0,0,0,1,single,False,
hotpotqa,5a721f3d55429971e9dc929a,f76ed76084345837,1,0,0,0,1,single,False,
hotpotqa,5a745d0255429979e2882922,adee881bdaeb0a54,1,0,0,0,1,single,False,
hotpotqa,5a86ee39554299211dda2b56,49ae9f841db9b528,1,0,0,0,1,single,False,
hotpotqa,5ab3325c554299233954ff3e,b5c6dadfff5a1c54,2,1,0,1,2,chain,False,
hotpotqa,5adc95435542994ed6169b9e,aa4138263ee07e66,1,0,0,0,1,single,False,
hotpotqa,5ac545dc5542993e66e82290,1dacaaead6a6d23a,1,0,0,0,1,single,False,
hotpotqa,5ab26be4554299449642c89a,1fecfedd34c105dc,1,0,0,0,1,single,False,
hotpotqa,5ab5cbe0554299637185c619,b4bbfec763869fb7,1,0,0,0,1,single,False,
hotpotqa,5a7ba589554299294a54aa56,4bb9f35ee80cf474,1,0,0,0,1,single,False,
hotpotqa,5adf33435542993344016c1b,2f07a062fa444076,1,0,0,0,1,single,False,
hotpotqa,5a7565a25542996c70cfaef0,c01e6bbac81367fc,2,1,0,1,2,chain,False,
hotpotqa,5ae0812255429924de1b70e5,267104a769aa7bd6,1,0,0,0,1,single,False,
hotpotqa,5ade05185542997545bbbe23,96561bc3aae3a4fe,1,0,0,0,1,single,False,
hotpotqa,5a726ff55542997f827839cd,5e4b38c6c2276633,5,10,0,4,5,complex,True,
hotpotqa,5ae40e8a55429970de88d8c8,f051e39b4c90aec9,1,0,0,0,1,single,False,
hotpotqa,5ae798d855429952e35ea996,f5dbde12ad2793d1,1,0,0,0,1,single,False,
hotpotqa,5a8cb59055429941ae14ded6,ce4f70113dcc3cbb,2,1,0,1,2,chain,False,
hotpotqa,5ae50be05542993aec5ec11e,e1e2af8b65b2f8ef,1,0,0,0,1,single,False,
hotpotqa,5ae117cf55429901ffe4ad7c,3df003ad89cc14f5,1,0,0,0,1,single,False,
hotpotqa,5ab2d28f554299545a2cfaac,653086bc0c210435,2,1,0,1,2,chain,False,
hotpotqa,5a90ae915542990a98493696,32ed026c4bcb8de3,1,0,0,0,1,single,False,
hotpotqa,5a8afe8255429971feec45d8,1a650de54b8f3bcc,1,0,0,0,1,single,False,
hotpotqa,5addf2715542997dc79070dc,507c6ae1d06f8271,1,0,0,0,1,single,False,
hotpotqa,5ade168655429939a52fe808,b8c3953e3f5fc9ec,1,0,0,0,1,single,False,
hotpotqa,5ae207fa5542997f29b3c20d,e32aec0bbd35436d,1,0,0,0,1,single,False,
hotpotqa,5a8902055542997e5c09a6ef,f552088de132b11f,1,0,0,0,1,single,False,
hotpotqa,5ac0dcd55542992a796dedaa,afc06149da50d69e,1,0,0,0,1,single,False,
hotpotqa,5a7ccd5b5542990527d55533,196e42440c2603c6,1,0,0,0,1,single,False,
hotpotqa,5ae155ab55429901ffe4ae69,890cad258e66f110,1,0,0,0,1,single,False,
hotpotqa,5a7a619c55429941d65f25fa,210c3f2dbe5aeb70,1,0,0,0,1,single,False,
hotpotqa,5a7cb30d5542996dd594b993,88a867756ff62391,1,0,0,0,1,single,False,
hotpotqa,5ab4211955429969a97a8256,4e7eaa5d7340b1d0,1,0,0,0,1,single,False,
hotpotqa,5a7ded595542995f4f402313,9ac76f5c325942c0,1,0,0,0,1,single,False,
hotpotqa,5ae6cad755429908198fa6bf,098ef4f5a06a5559,3,2,0,2,3,chain,True,
hotpotqa,5a86056155429960ec39b604,13d910dc52bb0c5e,1,0,0,0,1,single,False,
hotpotqa,5a85603a5542997b5ce3fff1,f288257b26f624d0,1,0,0,0,1,single,False,
hotpotqa,5abe37b75542993f32c2a092,5fe6cb4e91e6a158,1,0,0,0,1,single,False,
hotpotqa,5ab3f8c0554299753aec5a0e,9d0db89104e5161f,1,0,0,0,1,single,False,
hotpotqa,5ade03295542992200553be0,2c8b0e50adc634c2,1,0,0,0,1,single,False,
hotpotqa,5ae355505542991a06ce9996,665f9d10e338de54,1,0,0,0,1,single,False,
hotpotqa,5ae05efd55429924de1b70c5,f2e5e1391a9600e5,1,0,0,0,1,single,False,
hotpotqa,5ae1daa3554299492dc91ba5,85a920a80599654d,1,0,0,0,1,single,False,
hotpotqa,5ab8507155429916710eb034,43b2c5acebe956c1,2,1,0,1,2,chain,False,
hotpotqa,5a9042285542990a984935d4,0be5f9f025043267,2,1,0,1,2,chain,False,
hotpotqa,5a8b90c755429949d91db5e3,733e9a5c5ac765a7,1,0,0,0,1,single,False,
hotpotqa,5ae395235542994393b9e718,719fba83d2273e5c,1,0,0,0,1,single,False,
hotpotqa,5abd2d5a55429933744ab74d,a3c5d6042959db05,1,0,0,0,1,single,False,
hotpotqa,5a81ec5c554299676cceb170,7bae8d19074f7b1a,1,0,0,0,1,single,False,
hotpotqa,5a7eb1135542994959419a53,e60cbadc37f023f3,1,0,0,0,1,single,False,
hotpotqa,5a8f77e25542995b4424204c,9489644ce4a60284,1,0,0,0,1,single,False,
hotpotqa,5ab67f8455429954757d330d,ebfcdf27b1604a3b,2,1,0,1,2,chain,False,
hotpotqa,5a80af7c5542992bc0c4a7a6,65cd2406053bb592,1,0,0,0,1,single,False,
hotpotqa,5a8dac29554299653c1aa13f,31cf9e538cf6fa73,1,0,0,0,1,single,False,
hotpotqa,5a84c6815542994c784dda46,b04d67b1d20803d9,1,0,0,0,1,single,False,
hotpotqa,5ab3fa995542992ade7c6f10,09ff4d202d5d2504,2,1,0,1,2,chain,False,
hotpotqa,5ab8c01d5542991b5579eff4,e68b9c28875d1e47,2,1,0,1,2,chain,False,
hotpotqa,5a75e4d4554299109176e5bb,fdefa5b25305f255,1,0,0,0,1,single,False,
hotpotqa,5add1e515542992ae4cec47d,,0,0,0,-1,0,compile_failed,False,request failed for http://10.200.37.71:8801/v1/chat/completions: ReadTimeout
hotpotqa,5ab66d415542995eadeeffc8,bbcfe4dfe4f013f8,1,0,0,0,1,single,False,
hotpotqa,5a712d295542994082a3e62a,d0611ec0c6dad2d2,1,0,0,0,1,single,False,
hotpotqa,5a902e085542995651fb50dc,bfac2e9646ee8f51,3,2,0,2,3,chain,True,
hotpotqa,5a75afb25542992db94736a2,38a141e8d4797a77,1,0,0,0,1,single,False,
hotpotqa,5ae4ffcd55429908b63264d5,abb59b1c1ff06cf5,1,0,0,0,1,single,False,
hotpotqa,5ac3f6525542997ea680c99b,3f698a4f5404c297,1,0,0,0,1,single,False,
hotpotqa,5ab6e3675542995eadef00e1,4f999ed9323caaf0,2,1,0,1,2,chain,False,
hotpotqa,5ae1462f5542997b2ef7d19f,,0,0,0,-1,0,compile_failed,False,request failed for http://10.200.37.71:8801/v1/chat/completions: ReadTimeout
hotpotqa,5a7f110055429934daa2fcbd,08a6976985fceb6b,2,1,0,1,2,chain,False,
hotpotqa,5ab577ec5542997d4ad1f143,36d31526a99e2e90,1,0,0,0,1,single,False,
hotpotqa,5a864e235542994775f60740,f100ebf1deb0fee0,2,1,0,1,2,chain,False,
hotpotqa,5a8dfa23554299068b959e29,ff4b16b3cf6852c4,1,0,0,0,1,single,False,
hotpotqa,5a77245855429972597f1446,bc19077749ea5a9c,2,1,0,1,2,chain,False,
hotpotqa,5adfe2c755429925eb1afaf6,c93e18e4da867fbe,2,1,0,1,2,chain,False,
hotpotqa,5a7a59485542996c55b2dd63,35f43a3a9f3fb52c,1,0,0,0,1,single,False,
hotpotqa,5ae6b4c85542992ae0d16395,0a9c3be6270cb805,1,0,0,0,1,single,False,
hotpotqa,5a8aab1c5542992d82986f51,3cf96d1754e61b80,1,0,0,0,1,single,False,
hotpotqa,5ab2a327554299340b52553c,073a156bcea3bd79,1,0,0,0,1,single,False,
hotpotqa,5abe1b035542991f661060c9,071d78d9f768649a,1,0,0,0,1,single,False,
hotpotqa,5a75b3585542992db94736a9,6f5e422a8571d482,3,2,0,2,3,chain,True,
hotpotqa,5ac3d703554299204fd21e9a,7ac4e6933adde464,5,4,0,4,5,chain,True,
hotpotqa,5a8af12655429951533613b2,e72b77779259d322,1,0,0,0,1,single,False,
hotpotqa,5ae625285542996de7b71b72,41e3c5e5715499cd,1,0,0,0,1,single,False,
hotpotqa,5ae78224554299540e5a55d2,d6b126a6977dfb49,2,1,0,1,2,chain,False,
hotpotqa,5ae42ea85542995ad6573d17,9e353343835c3b59,1,0,0,0,1,single,False,
hotpotqa,5a7708d25542993569682ca7,676c429cddd62257,1,0,0,0,1,single,False,
hotpotqa,5ac3b542554299204fd21e0e,f72a5e23be0d8130,1,0,0,0,1,single,False,
hotpotqa,5a855ebd5542997b5ce3fff0,0685d6cf9283c975,1,0,0,0,1,single,False,
hotpotqa,5a820a43554299676cceb1f8,92b90404e82d84ff,2,1,0,1,2,chain,False,
hotpotqa,5a8efc375542997ba9cb3166,d189b8e46bfab9c3,1,0,0,0,1,single,False,
hotpotqa,5ae10cb9554299422ee995e4,a6d010fc8d80f640,1,0,0,0,1,single,False,
hotpotqa,5adc76b155429947ff173982,0d0c2d838397f33b,1,0,0,0,1,single,False,
hotpotqa,5ae71fd65542996d980e7cad,287e5d00f304881c,1,0,0,0,1,single,False,
hotpotqa,5ae0eb415542993d6555ec9a,94e9fe6ac714b47e,2,1,0,1,2,chain,False,
hotpotqa,5ae7cc235542997ec27276ec,a09ef46e7b9b28b4,2,1,0,1,2,chain,False,
hotpotqa,5a8074765542996402f6a52d,150aff099772b223,1,0,0,0,1,single,False,
hotpotqa,5ade2df65542992fa25da700,4b64414f87c266e7,1,0,0,0,1,single,False,
hotpotqa,5ac45f5d5542995c82c4ad3e,6a107ee25f42eda0,1,0,0,0,1,single,False,
hotpotqa,5ab6e5c75542991d322236c7,4398e59209b53768,2,1,0,1,2,chain,False,
hotpotqa,5ae180d355429901ffe4aecb,4b3214ea69daaa35,1,0,0,0,1,single,False,
hotpotqa,5a883c6b5542994846c1ce51,c348a62a8cc47d96,1,0,0,0,1,single,False,
hotpotqa,5ab877eb5542990e739ec910,cd36eb411cf14d06,1,0,0,0,1,single,False,
hotpotqa,5a8cac56554299585d9e3715,1d5f2d801b233cca,1,0,0,0,1,single,False,
hotpotqa,5ab68bf755429954757d3329,50978844627b8721,1,0,0,0,1,single,False,
hotpotqa,5a89de715542992e4fca8406,eae43d52ed393a9c,1,0,0,0,1,single,False,
hotpotqa,5ae1a94d554299234fd042b5,2abbc044d2c51156,2,1,0,1,2,chain,False,
hotpotqa,5a7922b655429974737f79a3,ef789d4a42480d10,1,0,0,0,1,single,False,
hotpotqa,5a8a6f9e5542996c9b8d5ee3,fa860e4e61168325,1,0,0,0,1,single,False,
hotpotqa,5ab9dd2f5542994dbf019871,fd5b1e4c891e9d5e,1,0,0,0,1,single,False,
hotpotqa,5ab5f766554299494045f0ce,4e15d0d8626915bb,1,0,0,0,1,single,False,
hotpotqa,5ae71816554299572ea546d1,fb6269745e205fb0,1,0,0,0,1,single,False,
hotpotqa,5a80bcaa55429938b61421ac,3255785a9a015d24,1,0,0,0,1,single,False,
hotpotqa,5a74cb3555429929fddd84eb,a01dc217c8f8165d,1,0,0,0,1,single,False,
hotpotqa,5ae01839554299025d62a3ef,2f8c87e34fb89211,1,0,0,0,1,single,False,
hotpotqa,5a8abc795542996c9b8d5f66,b02d473096beb773,1,0,0,0,1,single,False,
hotpotqa,5ae1167755429901ffe4ad70,9df68ef9785f3010,1,0,0,0,1,single,False,
hotpotqa,5ae29fbf5542992decbdcd5e,ca87ae3a1da28f56,1,0,0,0,1,single,False,
hotpotqa,5ae13d9d55429920d523433d,892fc3d9e5188f83,1,0,0,0,1,single,False,
hotpotqa,5abf982a5542994516f454cb,b5ed70fb171384d5,2,1,0,1,2,chain,False,
hotpotqa,5a79461e55429970f5fffe8d,0747543dd2ff8504,1,0,0,0,1,single,False,
hotpotqa,5abba0535542996606241704,a8ff8b9ba42bbfe1,1,0,0,0,1,single,False,
hotpotqa,5ae72df0554299572ea54760,588bd919f11ea6cf,2,1,0,1,2,chain,False,
hotpotqa,5ae69bd555429908198fa658,38a87ddf18e29c73,2,1,0,1,2,chain,False,
hotpotqa,5adfde2355429906c02daa76,b1eea446358a6634,1,0,0,0,1,single,False,
hotpotqa,5a7f46735542992e7d278cde,a5ac34518fdcd6d1,1,0,0,0,1,single,False,
hotpotqa,5ae775335542997b22f6a77f,d1ce92e1e6615aa9,1,0,0,0,1,single,False,
hotpotqa,5ae7fa7f5542993210983ff0,e262ba8e4df21de7,1,0,0,0,1,single,False,
hotpotqa,5adffd7455429906c02daa9c,7a8566e8c15f3359,1,0,0,0,1,single,False,
hotpotqa,5ab9ba2c554299131ca423e2,039f12521e30ad03,1,0,0,0,1,single,False,
hotpotqa,5abce67b55429959677d6b2d,ff8e19a9a5b5526a,1,0,0,0,1,single,False,
hotpotqa,5a776e8d5542997042120a35,cd848ab473c5a347,1,0,0,0,1,single,False,
hotpotqa,5a7ec6a255429934daa2fc60,a4780060c6176742,2,1,0,1,2,chain,False,
hotpotqa,5a8c553b554299240d9c2125,ece8a370e6e45705,1,0,0,0,1,single,False,
hotpotqa,5a8b581c55429949d91db55f,de8a408b428bc7f6,3,3,0,2,3,complex,True,
hotpotqa,5ac131ca55429964131be171,8588c07c56246a66,1,0,0,0,1,single,False,
hotpotqa,5a8cb6e0554299653c1aa0f7,4a578c3431ad2229,1,0,0,0,1,single,False,
hotpotqa,5abc3ce45542993a06baf8a4,aac5bd3497056523,1,0,0,0,1,single,False,
hotpotqa,5a80892c554299485f598643,c7df7943d6a55ed4,1,0,0,0,1,single,False,
hotpotqa,5ab3bfe85542992ade7c6e73,91fa150e97abfbca,1,0,0,0,1,single,False,
hotpotqa,5adcb1625542990d50227cfb,ba41179dd5ceb910,3,3,0,2,3,complex,True,
hotpotqa,5a8eb8eb5542990e94052b83,51456d6e29083ecf,1,0,0,0,1,single,False,
hotpotqa,5ae0075a55429925eb1afbea,bad37a8c19d49cc5,2,1,0,1,2,chain,False,
hotpotqa,5adc8f2f5542994ed6169b8b,67dc942e6ce8a54e,1,0,0,0,1,single,False,
hotpotqa,5a7c74c555429935c91b51c1,79fff93676e89161,1,0,0,0,1,single,False,
hotpotqa,5ab50a2b55429942dd415fe0,f9c15ad7d3f634d1,2,1,0,1,2,chain,False,
hotpotqa,5a7b4d2b5542995eb53be8fd,2e63b91e3a53671f,1,0,0,0,1,single,False,
hotpotqa,5a75ac8d5542992db947369f,96b337fc665fcb78,1,0,0,0,1,single,False,
hotpotqa,5a8a07475542992e4fca84dc,45f434dab75ec9fe,1,0,0,0,1,single,False,
hotpotqa,5ab5b5de554299494045f037,750be7d8a5b7047d,1,0,0,0,1,single,False,
hotpotqa,5ab406ce55429976abd1bd36,3ea248edc3bd4ba2,1,0,0,0,1,single,False,
hotpotqa,5adc92375542994d58a2f669,0466c74948ea334e,2,1,0,1,2,chain,False,
hotpotqa,5ab27860554299449642c8b4,c9224ecaf424000a,1,0,0,0,1,single,False,
hotpotqa,5a7b235755429931da12c9ee,198e61003f680f3b,1,0,0,0,1,single,False,
hotpotqa,5a77ad605542992a6e59df7b,653f1f4b66d04001,1,0,0,0,1,single,False,
hotpotqa,5a7d05c555429909bec76900,4370ac77cd87aa36,1,0,0,0,1,single,False,
hotpotqa,5adc51fd5542996e68525303,9eb396abe63fb11a,1,0,0,0,1,single,False,
hotpotqa,5ae30e8855429928c42395d2,e0c4a1e28d912e93,1,0,0,0,1,single,False,
hotpotqa,5a7bf9cc5542996dd594b878,abb739a6d1fc763c,1,0,0,0,1,single,False,
hotpotqa,5a79d2c25542994f819ef0c1,a66cadf78835d28c,1,0,0,0,1,single,False,
hotpotqa,5ae7c9575542994a481bbddc,a710df81e5858e12,1,0,0,0,1,single,False,
hotpotqa,5a8fadbe5542995b4424208d,3879260e9755f414,1,0,0,0,1,single,False,
hotpotqa,5adcca525542994d58a2f6d4,f1ad92b5e622618f,1,0,0,0,1,single,False,
hotpotqa,5abe3dfa55429976d4830a9c,8471b9741a6acf3f,2,1,0,1,2,chain,False,
hotpotqa,5a7cf22355429909bec768b6,ef2753a4bb3a7662,1,0,0,0,1,single,False,
hotpotqa,5ab66d2b55429954757d32ac,eb1ffbb291a3b80c,2,1,0,1,2,chain,False,
hotpotqa,5a7c27175542990527d55464,bace3f95437177ae,1,0,0,0,1,single,False,
hotpotqa,5a7c2781554299683c1c62da,493c7717b9f0c579,1,0,0,0,1,single,False,
hotpotqa,5a80e2c255429938b6142232,bb2f8f58a45a9630,1,0,0,0,1,single,False,
hotpotqa,5a7ea27555429930675135ae,ee19da15bdd34b82,1,0,0,0,1,single,False,
hotpotqa,5ae17c6c5542990adbacf7a4,640d4e554dc6473a,1,0,0,0,1,single,False,
hotpotqa,5ae7d4ca554299540e5a5658,b2b319397968f3cc,1,0,0,0,1,single,False,
hotpotqa,5a85a9625542997b5ce40015,a099bb779c90b621,1,0,0,0,1,single,False,
hotpotqa,5ac417695542997ea680ca03,7e4428baa697ec4b,1,0,0,0,1,single,False,
hotpotqa,5a7f620155429969796c1a20,afed4e6c2e3faeb8,1,0,0,0,1,single,False,
hotpotqa,5ae4af715542995dadf243ae,02c197499c7420a4,1,0,0,0,1,single,False,
hotpotqa,5a7b1fec554299042af8f6ee,ea95b6d486ef640d,2,1,0,1,2,chain,False,
hotpotqa,5ab95326554299131ca422f7,,0,0,0,-1,0,compile_failed,False,request failed for http://10.200.37.71:8801/v1/chat/completions: ReadTimeout
hotpotqa,5adcd8295542994d58a2f6fc,dd493152690a2c29,1,0,0,0,1,single,False,
hotpotqa,5ae5b60d5542990ba0bbb2bf,c02a70fb1c4bff88,1,0,0,0,1,single,False,
hotpotqa,5a81c7375542990a1d231ea6,82adfb530597aa73,1,0,0,0,1,single,False,
hotpotqa,5a805afe554299485f5985ca,a684f2880b57bffa,1,0,0,0,1,single,False,
hotpotqa,5ab9eda055429901930fa749,28b2f4bb0eed555a,1,0,0,0,1,single,False,
hotpotqa,5ab29969554299194fa9342e,8a757afb3e38b1d2,1,0,0,0,1,single,False,
hotpotqa,5ae778855542997b22f6a78b,014730d91ce1dac0,1,0,0,0,1,single,False,
hotpotqa,5ac2bd4c5542990b17b1546f,4429d05e6722b36f,1,0,0,0,1,single,False,
hotpotqa,5abb0324554299232ef4a3a0,ca71e79a8d2916fa,1,0,0,0,1,single,False,
hotpotqa,5a7e09205542997cc2c47500,09337eca4ba8bf39,1,0,0,0,1,single,False,
hotpotqa,5ade688055429939a52fe8ab,5e1e3d593572f1e2,1,0,0,0,1,single,False,
hotpotqa,5a7ba7d15542995eb53be97f,850804ce3f29a429,1,0,0,0,1,single,False,
hotpotqa,5adbfffb5542996e685252a1,ba2eca851bdfcee8,1,0,0,0,1,single,False,
hotpotqa,5a7a60e75542990783324f34,10ef8d1b807f926c,4,4,0,3,4,complex,True,
hotpotqa,5ab2d78d5542991669774103,3922885557d70ff5,1,0,0,0,1,single,False,
hotpotqa,5ab37e0055429969a97a8165,34f11bfa4e00928b,1,0,0,0,1,single,False,
hotpotqa,5a8e57525542995085b3740d,2f46ca57c48f1e80,2,1,0,1,2,chain,False,
hotpotqa,5ae513df55429908b6326512,6aba3cc396c8adc5,1,0,0,0,1,single,False,
hotpotqa,5a7a33175542990198eaf0d9,84b874afea40de12,1,0,0,0,1,single,False,
hotpotqa,5ae380685542992f92d822eb,e016538ef2704880,1,0,0,0,1,single,False,
hotpotqa,5abdd59d5542991f6610605d,2ad8118157a353e4,1,0,0,0,1,single,False,
hotpotqa,5a7b6b3855429927d897bfc3,1ae2521364a6013f,1,0,0,0,1,single,False,
hotpotqa,5a88c65c5542993b751ca84b,1403cf409c3af101,1,0,0,0,1,single,False,
hotpotqa,5ac39d02554299391541381e,1f7fc2d5ebb7ffcb,2,1,0,1,2,chain,False,
hotpotqa,5a88b91a554299206df2b342,9111b459777840a1,1,0,0,0,1,single,False,
hotpotqa,5ab804885542990e739ec7e2,ed076c0fcd03185a,2,1,0,1,2,chain,False,
hotpotqa,5ac127e9554299294b2190bf,797c1a816bf90df7,1,0,0,0,1,single,False,
hotpotqa,5ab96ef455429970cfb8eae6,57391d40753ec09c,1,0,0,0,1,single,False,
hotpotqa,5ae05db9554299603e418409,dc4ef756ef2531ba,1,0,0,0,1,single,False,
hotpotqa,5a825de255429940e5e1a883,c2ccbd8d528d1c57,1,0,0,0,1,single,False,
hotpotqa,5ade1a8755429975fa854e4a,3e2706604dd2d89a,1,0,0,0,1,single,False,
hotpotqa,5ac23d825542992f1f2b3827,fa99f6df935c29ab,2,1,0,1,2,chain,False,
hotpotqa,5abef38e5542993fe9a41db5,48ddb510e91834f3,1,0,0,0,1,single,False,
hotpotqa,5ab3b326554299233954ff8b,088dd090d0888ebf,1,0,0,0,1,single,False,
hotpotqa,5a7dbc385542997cc2c47489,e3f4f4e91d7df24d,4,6,0,3,4,complex,True,
hotpotqa,5a8f12825542997ba9cb31bf,c84b8885343b4b90,1,0,0,0,1,single,False,
hotpotqa,5a7dba375542990b8f503a47,75b7db95561be964,1,0,0,0,1,single,False,
hotpotqa,5abfaa6b5542997ec76fd429,637f2961ac2160c4,1,0,0,0,1,single,False,
hotpotqa,5a7cec35554299683c1c63e0,ff7edc5339822c3b,1,0,0,0,1,single,False,
hotpotqa,5ab3ccde5542992ade7c6ea2,259d1a0d8adf5a34,1,0,0,0,1,single,False,
hotpotqa,5ab2cad6554299340b525551,e4ed126caf78b9bd,1,0,0,0,1,single,False,
hotpotqa,5a8d9372554299068b959d44,603179a2b93d43bf,1,0,0,0,1,single,False,
hotpotqa,5ac15d8b5542994ab5c67cfe,7f7ce46f6825fec6,1,0,0,0,1,single,False,
hotpotqa,5a8acc815542992d82986f89,85e89fada5951294,1,0,0,0,1,single,False,
hotpotqa,5a8c3e1e5542995e66a47574,f4167ed219d5fa73,1,0,0,0,1,single,False,
hotpotqa,5ae812f95542994a481bbea9,6f56c5c66dec65e3,1,0,0,0,1,single,False,
hotpotqa,5ab92dd8554299753720f773,5e123e893bf5ca05,2,1,0,1,2,chain,False,
hotpotqa,5ab5a9525542997d4ad1f1a8,e55e42a636cecb27,2,1,0,1,2,chain,False,
hotpotqa,5ae001cf55429942ec259bd7,b8c2f2c399b0066c,1,0,0,0,1,single,False,
hotpotqa,5a8a1b175542992e4fca8509,7f4da50a1049cff5,1,0,0,0,1,single,False,
hotpotqa,5abaaf68554299232ef4a372,83b20fae738259d6,2,1,0,1,2,chain,False,
hotpotqa,5ae68ffb5542991bbc97612c,f84f2aa0715b261e,1,0,0,0,1,single,False,
hotpotqa,5ae3633a5542992e3233c3d0,c79b40e74c35793e,1,0,0,0,1,single,False,
hotpotqa,5a8c6ac75542995e66a475e8,d351b1979683b211,2,1,0,1,2,chain,False,
hotpotqa,5ab85a1955429919ba4e22bf,18ea33f389f2b5fa,1,0,0,0,1,single,False,
hotpotqa,5ae729105542991e8301cb6d,644445838e7a8fb9,1,0,0,0,1,single,False,
hotpotqa,5ae4bf105542996836b02d11,7dc8f53f12789f14,1,0,0,0,1,single,False,
hotpotqa,5a7a947f55429941d65f26c8,31f2ec501c66448b,1,0,0,0,1,single,False,
hotpotqa,5abea3c65542997ec76fd340,515afc5d8f3a2b72,1,0,0,0,1,single,False,
hotpotqa,5ade1e6e55429975fa854e6b,f59334d2dcca576b,2,1,0,1,2,chain,False,
hotpotqa,5a74857555429929fddd8464,3d457be021ea12ef,1,0,0,0,1,single,False,
hotpotqa,5a7aa3b855429941d65f2714,cc2936f977316eef,1,0,0,0,1,single,False,
hotpotqa,5a79fe1f5542996a35c1706d,9fce10c886d12e19,2,1,0,1,2,chain,False,
hotpotqa,5a866fb55542994775f6075b,834745035610f7ab,2,1,0,1,2,chain,False,
hotpotqa,5a7abc96554299042af8f6a1,8c700db50faa2b84,1,0,0,0,1,single,False,
hotpotqa,5ae7a675554299540e5a5628,e5ef51bb13395af7,1,0,0,0,1,single,False,
hotpotqa,5ac1858955429964131be20e,b1f1adead7df4c4b,1,0,0,0,1,single,False,
hotpotqa,5adf29f65542995ec70e8f83,ddb0ca7bf3b7d796,2,1,0,1,2,chain,False,
hotpotqa,5a7dc91b5542990b8f503aa1,9ffe2614b792adb5,1,0,0,0,1,single,False,
hotpotqa,5ab584a25542997d4ad1f171,de97d4882e79ead9,1,0,0,0,1,single,False,
hotpotqa,5ac32c305542995ef918c159,fd045f246ed7fef0,2,1,0,1,2,chain,False,
hotpotqa,5ab6e5a2554299710c8d1fa1,78120d8ec8c8dfa5,1,0,0,0,1,single,False,
hotpotqa,5ae67b365542991bbc9760ea,05277967e17e501f,1,0,0,0,1,single,False,
hotpotqa,5abebbd75542994516f4540b,0d8950b31f94c1f5,1,0,0,0,1,single,False,
hotpotqa,5adf993f5542992d7e9f93b1,10f0c3ed26d1fb29,1,0,0,0,1,single,False,
hotpotqa,5a7a23695542996c55b2dd22,bf80574e31b0170a,1,0,0,0,1,single,False,
hotpotqa,5a7e9e3e5542994959419a31,0ea77838db2d808a,1,0,0,0,1,single,False,
hotpotqa,5a8599355542992a431d1b61,00515849a4528f6a,1,0,0,0,1,single,False,
hotpotqa,5a7df5a75542995f4f402350,d677d5820d2a1e91,1,0,0,0,1,single,False,
hotpotqa,5a778e8955429949eeb29ef5,90c09c05d8f5033b,1,0,0,0,1,single,False,
hotpotqa,5a80f5b355429938b6142271,bfed4df9ba138e84,1,0,0,0,1,single,False,
hotpotqa,5ab4fe3e55429942dd415fbf,ecd0fa0a8a7ca0af,1,0,0,0,1,single,False,
hotpotqa,5ab5658c554299494045ef9b,04b8ecc7a1a3e00a,1,0,0,0,1,single,False,
hotpotqa,5a8994f0554299515336131b,f62b17b84f9c3e41,1,0,0,0,1,single,False,
hotpotqa,5ae0c2485542993d6555ec45,af5098fe45607889,1,0,0,0,1,single,False,
hotpotqa,5a7266885542997f827839ab,35cdc681f619c5d0,2,1,0,1,2,chain,False,
hotpotqa,5a755fc65542992d0ec05f73,927b3a84a4abca97,1,0,0,0,1,single,False,
hotpotqa,5ae5362c55429960a22e0261,e2a920ffebe4d537,1,0,0,0,1,single,False,
hotpotqa,5a7a33de5542990198eaf0dc,63c3286b6972c88f,1,0,0,0,1,single,False,
hotpotqa,5a7246425542990c210a4097,f76566e43292153d,2,1,0,1,2,chain,False,
hotpotqa,5adfe16f55429925eb1afaec,9e3fa75c6a7cdad3,1,0,0,0,1,single,False,
hotpotqa,5ae18ee9554299492dc91b3e,3660e57d298cb147,1,0,0,0,1,single,False,
hotpotqa,5a810245554299260e20a1fa,46344369156f519f,1,0,0,0,1,single,False,
hotpotqa,5ab737c2554299110f219ace,44bfb937b5a73ffe,1,0,0,0,1,single,False,
hotpotqa,5ae2c519554299492dc91c69,b8dbe261ae045bcd,1,0,0,0,1,single,False,
hotpotqa,5a7b66f255429927d897bfb2,d70a264d4ac3a3f9,3,2,0,2,3,chain,True,
hotpotqa,5a8e3fab5542995a26add491,92df23113a85b3c5,1,0,0,0,1,single,False,
hotpotqa,5ae73fae5542991bbc9761c9,819d4960ac2e83b3,1,0,0,0,1,single,False,
hotpotqa,5abff1145542997ec76fd478,8ef1ed41e863ca85,1,0,0,0,1,single,False,
hotpotqa,5a7e498b5542994959419985,3c6512494bb4d663,1,0,0,0,1,single,False,
hotpotqa,5a8191685542995ce29dcc02,78381c0055994274,1,0,0,0,1,single,False,
hotpotqa,5aba737a5542994dbf019919,83116d509c8ed757,1,0,0,0,1,single,False,
hotpotqa,5ae4d8c05542990ba0bbb173,648e6fd3ac3e8c04,1,0,0,0,1,single,False,
hotpotqa,5a7985a2554299148911fa33,71488d98ade40d3c,1,0,0,0,1,single,False,
hotpotqa,5ae2ebd455429928c423955f,099d92189aeac8e9,2,1,0,1,2,chain,False,
hotpotqa,5a8f7f8855429918e830d241,aa6abf6e67f598b6,1,0,0,0,1,single,False,
hotpotqa,5ae671d65542996d980e7b6a,f003d0a5a39d7ccc,1,0,0,0,1,single,False,
hotpotqa,5ae5e57455429929b0807a01,d5fc92690964cd4f,1,0,0,0,1,single,False,
hotpotqa,5a7e2f765542995ed0d166c3,6e76d307334152fe,3,3,0,2,3,complex,True,
hotpotqa,5ac2483f5542992f1f2b382d,e48f3095ab7de936,1,0,0,0,1,single,False,
hotpotqa,5abcf56b55429959677d6b73,1615d24c0bf590b5,1,0,0,0,1,single,False,
hotpotqa,5aba379955429901930fa782,add37266df24ad61,1,0,0,0,1,single,False,
hotpotqa,5add85845542990dbb2f7e69,0f4993ffaa8ffa53,1,0,0,0,1,single,False,
hotpotqa,5ab51d2e5542990594ba9d0f,77e5e3cd5875815d,2,1,0,1,2,chain,False,
hotpotqa,5a85b0bc5542992a431d1b81,65322fd3ef428d3c,1,0,0,0,1,single,False,
hotpotqa,5ac1c7ee55429964131be28d,632d8cd4e4bc994a,1,0,0,0,1,single,False,
hotpotqa,5ab64b675542995eadeeffa0,4a8ddda8fd7f5c2b,2,1,0,1,2,chain,False,
hotpotqa,5ae3ebe35542996836b02bf4,68bbaa0efcfb621b,1,0,0,0,1,single,False,
hotpotqa,5ab737665542993667793f95,df67a2a85b0b01dc,1,0,0,0,1,single,False,
hotpotqa,5ac27d2d554299677310253e,2e06ce08f4b16a36,2,1,0,1,2,chain,False,
hotpotqa,5a7793c05542992a6e59df06,18b32a3ed83f7839,1,0,0,0,1,single,False,
hotpotqa,5ac168005542994ab5c67d11,f32cae8998194826,1,0,0,0,1,single,False,
hotpotqa,5ade02505542997545bbbe07,8fa5bc246652e865,1,0,0,0,1,single,False,
hotpotqa,5a7a3d435542994f819ef184,b2bac582f773b428,1,0,0,0,1,single,False,
hotpotqa,5ae11009554299422ee995ef,eb36df11739cdbc4,1,0,0,0,1,single,False,
hotpotqa,5a8ffa1855429916514e73f7,a9b57f365233b5ad,1,0,0,0,1,single,False,
hotpotqa,5a8baf415542996e8ac889c4,d2609bf1431e1054,1,0,0,0,1,single,False,
hotpotqa,5ab9103255429934fafe6e5e,fd9ae62bf9e3790c,2,1,0,1,2,chain,False,
hotpotqa,5abbf7dd55429965836003c3,7753e0f02ba9cc57,2,1,0,1,2,chain,False,
hotpotqa,5ab91c5f554299753720f6fe,77f91ae0688b7191,1,0,0,0,1,single,False,
hotpotqa,5ae3684b5542994393b9e6b3,76448226acbe7899,1,0,0,0,1,single,False,
hotpotqa,5ae1d3f95542997283cd2281,2ef815200e123e36,1,0,0,0,1,single,False,
hotpotqa,5a8ce531554299441c6b9f60,1a3bb16887acdb4d,1,0,0,0,1,single,False,
hotpotqa,5a7a5e9055429941d65f25e3,78b6df9fd8685cbd,1,0,0,0,1,single,False,
hotpotqa,5ae4c12055429960a22e01b4,537cbf0cd7279089,1,0,0,0,1,single,False,
hotpotqa,5ac3bdd5554299204fd21e24,b17be36275287efe,1,0,0,0,1,single,False,
hotpotqa,5ae1e7745542997f29b3c18d,4641cc2102dc9d12,1,0,0,0,1,single,False,
hotpotqa,5a77c5265542995d831812ba,96b1a87a121a34f9,1,0,0,0,1,single,False,
hotpotqa,5a733c475542992359bc32a1,0b1af2d398b05c58,2,1,0,1,2,chain,False,
hotpotqa,5a8f5dd05542992414482a7d,5356ea0dd969c80a,1,0,0,0,1,single,False,
hotpotqa,5ae8236655429952e35eaa4e,066798ac1d193669,2,1,0,1,2,chain,False,
hotpotqa,5adc8d1b554299438c868df2,c0529be303fa7bd4,1,0,0,0,1,single,False,
hotpotqa,5adf3a8f5542992d7e9f92f0,96b337fc665fcb78,1,0,0,0,1,single,False,
hotpotqa,5a8051e15542992bc0c4a6fc,4206f5bcbb125b08,1,0,0,0,1,single,False,
hotpotqa,5ac50e295542994611c8b345,,0,0,0,-1,0,compile_failed,False,request failed for http://10.200.37.71:8801/v1/chat/completions: ReadTimeout
hotpotqa,5a7331335542994cef4bc4a0,6230cff035967e09,1,0,0,0,1,single,False,
hotpotqa,5ae39cb25542990afbd1e191,3f7db449e28a79ca,1,0,0,0,1,single,False,
hotpotqa,5adf932a5542992d7e9f93a0,1b563612e01c163e,1,0,0,0,1,single,False,
hotpotqa,5ae24549554299492dc91c02,e5bd6381363ba195,2,1,0,1,2,chain,False,
hotpotqa,5a881cda55429938390d3ee8,94c1e1fbc4508c4e,1,0,0,0,1,single,False,
hotpotqa,5a8c2da1554299240d9c20bc,0207d2f2dd094dc9,1,0,0,0,1,single,False,
hotpotqa,5a8e2db15542995a26add479,b373012a60819400,1,0,0,0,1,single,False,
hotpotqa,5ac240f755429951e9e684f0,c96a2fe04664e6e3,1,0,0,0,1,single,False,
hotpotqa,5ae0560255429945ae959311,7c31b598e1a6c92c,1,0,0,0,1,single,False,
hotpotqa,5a7349ca5542992359bc32de,edecee441bb63841,1,0,0,0,1,single,False,
hotpotqa,5ab2d14d55429916697740ea,11fc35c8d900207c,1,0,0,0,1,single,False,
hotpotqa,5abaaf88554299232ef4a373,ecf78dc16093981e,1,0,0,0,1,single,False,
hotpotqa,5ae4c15b55429913cc2044f6,ae9bb18ea795f432,1,0,0,0,1,single,False,
hotpotqa,5a78b9275542990784727741,6d0e2f06555c5106,2,1,0,1,2,chain,False,
hotpotqa,5ac115525542992a796dedcf,d331730a16b252b6,1,0,0,0,1,single,False,
hotpotqa,5a7ba80f554299294a54aa6b,a6456a00766d7fe5,2,1,0,1,2,chain,False,
hotpotqa,5a8c7c9a554299653c1aa094,9439198d022f1221,1,0,0,0,1,single,False,
hotpotqa,5a7b86e95542995eb53be94b,4dc1cb6425612736,1,0,0,0,1,single,False,
hotpotqa,5a80baae5542992bc0c4a7f5,25efc69c0363d045,1,0,0,0,1,single,False,
hotpotqa,5a88a74a554299206df2b31b,a64c5b526de8e583,1,0,0,0,1,single,False,
hotpotqa,5ac435325542997ea680ca30,cd85ca0699e70d58,1,0,0,0,1,single,False,
hotpotqa,5ae77f705542994a481bbd11,ad2806fe86163767,2,1,0,1,2,chain,False,
hotpotqa,5ab2a3255542992953946782,d950a730d4de8094,1,0,0,0,1,single,False,
hotpotqa,5ae642aa55429908198fa558,277142dd31e2a3ce,1,0,0,0,1,single,False,
hotpotqa,5a8716a455429960ec39b734,39ffca2649769a9d,2,1,0,1,2,chain,False,
hotpotqa,5a75e6f15542994ccc918651,acb23913ede40072,1,0,0,0,1,single,False,
hotpotqa,5a88c8fd55429938390d3fbe,ffd18ed61b39a6de,1,0,0,0,1,single,False,
hotpotqa,5a7905bd55429970f5fffe24,a9ab5412c6775aaf,2,1,0,1,2,chain,False,
hotpotqa,5ae00d30554299025d62a3c9,f3ba1453f366e52a,2,1,0,1,2,chain,False,
hotpotqa,5a76284e5542994ccc9186fc,439478b9f817bc8a,1,0,0,0,1,single,False,
hotpotqa,5a77544955429966f1a36d0e,49d718eef1d54837,2,1,0,1,2,chain,False,
hotpotqa,5adfa130554299025d62a302,e6fec64b430de3c9,1,0,0,0,1,single,False,
hotpotqa,5a8bb1a15542997f31a41da4,ad2dfc47b9571e99,1,0,0,0,1,single,False,
hotpotqa,5adcef125542992c1e3a24bf,9c99ecbf3861200a,1,0,0,0,1,single,False,
hotpotqa,5ab296dd554299449642c916,234f58bcde591d8b,1,0,0,0,1,single,False,
hotpotqa,5aded9865542995534e8c716,479083cf4934f1ff,1,0,0,0,1,single,False,
hotpotqa,5a7271825542991f9a20c47a,e73bd3e194b0ecda,1,0,0,0,1,single,False,
hotpotqa,5ac1a8045542994d76dccea1,54a054e460caaed5,1,0,0,0,1,single,False,
hotpotqa,5ae10f0555429901ffe4ad37,6630334d1d38fd59,1,0,0,0,1,single,False,
hotpotqa,5ae321875542991a06ce9930,c86aa2ca78795637,1,0,0,0,1,single,False,
hotpotqa,5a8508c85542994c784ddadd,776ae500c3aad656,1,0,0,0,1,single,False,
hotpotqa,5a84668d554299123d8c2238,01da801d70bd3fbc,2,1,0,1,2,chain,False,
hotpotqa,5ac063da5542992a796ded15,402aa1a9410b5a66,1,0,0,0,1,single,False,
hotpotqa,5a9086f755429933b8a20531,d690a33df85adc25,1,0,0,0,1,single,False,
hotpotqa,5ab675f55542995eadeefff9,67ef54a99b7cbc47,1,0,0,0,1,single,False,
hotpotqa,5a821ef25542995ce29dccb7,de34063411a70982,1,0,0,0,1,single,False,
hotpotqa,5ac3ac3555429939154138ac,8dca8401ad464836,2,1,0,1,2,chain,False,
hotpotqa,5abc7082554299700f9d78c9,829d7f88f6283e7a,1,0,0,0,1,single,False,
hotpotqa,5a8b99035542997f31a41d7d,e99a544512fcfcc3,1,0,0,0,1,single,False,
hotpotqa,5a74d6ef55429929fddd84f7,09588bb1ae787423,1,0,0,0,1,single,False,
hotpotqa,5a8e3a555542995085b373f9,75f5e9c2185aaff6,1,0,0,0,1,single,False,
hotpotqa,5a893bb355429951533612ee,22f5d780957fdeb2,1,0,0,0,1,single,False,
hotpotqa,5ac251025542992f1f2b3851,06ac166ca292664c,1,0,0,0,1,single,False,
hotpotqa,5abb28d75542992ccd8e7f30,4dc4f5471c420087,2,1,0,1,2,chain,False,
hotpotqa,5abdca7255429965af743e4b,6b6b7496b626055d,1,0,0,0,1,single,False,
hotpotqa,5a8f380e55429918e830d1d8,8a695c7de99a9a82,3,3,0,2,3,complex,True,
hotpotqa,5a7cfb4955429909bec768da,9d28be8255c0ae0d,1,0,0,0,1,single,False,
hotpotqa,5add3e9c5542990dbb2f7df4,e5363f3482b1b9c5,1,0,0,0,1,single,False,
hotpotqa,5a7347b75542991f9a20c6db,f0adf647f040581f,2,1,0,1,2,chain,False,
hotpotqa,5a7dea655542995f4f402300,56939575814ba4a7,1,0,0,0,1,single,False,
hotpotqa,5a7cdd1455429909bec76856,0b2ba5c57d8bb937,1,0,0,0,1,single,False,
hotpotqa,5aba882a55429955dce3ee79,,0,0,0,-1,0,compile_failed,False,request failed for http://10.200.37.71:8801/v1/chat/completions: ReadTimeout
hotpotqa,5a89d7d05542992e4fca83df,6e406dea830228f2,2,1,0,1,2,chain,False,
hotpotqa,5ae4094855429970de88d897,e0f74db14e6ee30c,1,0,0,0,1,single,False,
hotpotqa,5a8c9705554299585d9e36f7,b353d73cf88086e9,1,0,0,0,1,single,False,
hotpotqa,5ac2702355429963665199b6,6613f377d6bf1c49,1,0,0,0,1,single,False,
hotpotqa,5a79541255429970f5fffe9f,228d1400d8e76107,1,0,0,0,1,single,False,
hotpotqa,5ae437ef5542996836b02c51,14bce1daebc46ab9,1,0,0,0,1,single,False,
hotpotqa,5a7a38d35542990198eaf0f1,6095a272ea32dbbc,1,0,0,0,1,single,False,
hotpotqa,5a7ee63c55429934daa2fc6f,b811f5c6e19da264,1,0,0,0,1,single,False,
hotpotqa,5a7bb676554299042af8f7ae,4798b314d439a7eb,1,0,0,0,1,single,False,
hotpotqa,5a8a250d5542992d82986ec8,93d30f1da10ad05d,2,1,0,1,2,chain,False,
hotpotqa,5a906a585542990a9849362c,b138ef2d6a761e0d,1,0,0,0,1,single,False,
hotpotqa,5a8aa9645542992d82986f4c,,0,0,0,-1,0,compile_failed,False,request failed for http://10.200.37.71:8801/v1/chat/completions: ReadTimeout
hotpotqa,5a90655055429933b8a20514,91bdde54f6de87c8,1,0,0,0,1,single,False,
hotpotqa,5ab26a6d554299722f9b4d16,661e9a74d126c5dc,1,0,0,0,1,single,False,
hotpotqa,5abc4d985542993a06baf8d5,d372698c83e283da,2,1,0,1,2,chain,False,
hotpotqa,5a7af14455429931da12c98c,9792ed8a1051f430,2,1,0,1,2,chain,False,
hotpotqa,5a89cdde554299669944a5b6,41d79f3c1fffc9c2,1,0,0,0,1,single,False,
hotpotqa,5a8d26b95542994ba4e3dc13,c862dae64ad3ebb1,2,1,0,1,2,chain,False,
hotpotqa,5ae213bf554299495565d9e6,c74121c9fa596b9d,1,0,0,0,1,single,False,
hotpotqa,5a85a84f5542997175ce1feb,8f5547a44f2c80b9,1,0,0,0,1,single,False,
hotpotqa,5a88f50e55429946c8d6e8e2,97899ed3d7d4283e,1,0,0,0,1,single,False,
hotpotqa,5ab2ec6f55429929539468c2,f99b450be89ddd71,2,1,0,1,2,chain,False,
hotpotqa,5a7fedc055429969796c1b8a,f3ce75c9f7bf5487,1,0,0,0,1,single,False,
hotpotqa,5a734ccc5542992359bc32ee,de8cc4d246a95f27,1,0,0,0,1,single,False,
hotpotqa,5ae7c3955542994a481bbdd4,e23aa1f444d41046,1,0,0,0,1,single,False,
hotpotqa,5a87b1275542994775f607e9,581233dc7d83f969,1,0,0,0,1,single,False,
hotpotqa,5ae04dbd55429925eb1afc31,dd558314b7e56427,1,0,0,0,1,single,False,
hotpotqa,5ab769685542995dae37e916,192b764016da217f,1,0,0,0,1,single,False,
hotpotqa,5a77540e55429966f1a36d0a,8e04cee6422a58a4,1,0,0,0,1,single,False,
hotpotqa,5a827b5455429940e5e1a8d2,e1096c3a071f06eb,1,0,0,0,1,single,False,
hotpotqa,5ae155b6554299422ee99662,6f2c9ee992ab5deb,2,1,0,1,2,chain,False,
hotpotqa,5ab3f23b55429976abd1bd00,caa5949fbf6e8a94,1,0,0,0,1,single,False,
hotpotqa,5ab3c25f55429969a97a81b2,841081911480e2d6,1,0,0,0,1,single,False,
hotpotqa,5abbaff7554299660624171d,1b51c47fabb07f0a,1,0,0,0,1,single,False,
hotpotqa,5adf9e59554299025d62a2e9,bbdf3d171a30e210,1,0,0,0,1,single,False,
hotpotqa,5add38ad5542990dbb2f7dd3,5be66101776748b0,2,1,0,1,2,chain,False,
hotpotqa,5a7cf3ef55429907fabef05c,e8f3b8d7cbd874c2,1,0,0,0,1,single,False,
hotpotqa,5abcfb1a5542993a06baf9ce,bb8441927520086d,1,0,0,0,1,single,False,
hotpotqa,5ac0e5155542992a796dedb4,90a030d374156d40,2,1,0,1,2,chain,False,
hotpotqa,5a7276555542997f827839e5,e425a04cdab0fd53,1,0,0,0,1,single,False,
hotpotqa,5a84d5f15542994c784dda65,c87a40d772eb957a,1,0,0,0,1,single,False,
hotpotqa,5a8f4e5d5542997ba9cb322f,b9dd72f5a74c5499,1,0,0,0,1,single,False,
hotpotqa,5a7a19c35542990783324e5a,fcb563a4aab2df91,1,0,0,0,1,single,False,
hotpotqa,5ab7c6b055429928e1fe38d2,cb49be90bdcac351,1,0,0,0,1,single,False,
hotpotqa,5ae18a12554299234fd04287,974dc058a6840aec,1,0,0,0,1,single,False,
hotpotqa,5a8a1b3f5542992e4fca850a,d8bafd3039a02d68,1,0,0,0,1,single,False,
hotpotqa,5ae4128e55429970de88d8e0,d70f13670ce634db,1,0,0,0,1,single,False,
hotpotqa,5ae0a00a55429906c02daae8,9f54afb8b4ae5a7b,1,0,0,0,1,single,False,
hotpotqa,5ac3a918554299391541389e,c83175ea8a2eb01e,1,0,0,0,1,single,False,
hotpotqa,5a813aa855429938b6142303,690660f8a0993445,1,0,0,0,1,single,False,
hotpotqa,5a7247175542990c210a40a3,70a752ef28368c99,1,0,0,0,1,single,False,
hotpotqa,5ab99d35554299131ca4239e,026a0a797203a69c,1,0,0,0,1,single,False,
hotpotqa,5ae791cb554299540e5a5611,882ea8398204d4fc,1,0,0,0,1,single,False,
hotpotqa,5a906c6f5542995651fb515d,4c86095f89ba3c14,1,0,0,0,1,single,False,
hotpotqa,5adc89ff5542994d58a2f63e,09b71fbde88252a0,1,0,0,0,1,single,False,
hotpotqa,5ab6e24a5542995eadef00dd,e8006127f5a3427f,1,0,0,0,1,single,False,
hotpotqa,5abae247554299660624165c,5aec2c367e0723b9,1,0,0,0,1,single,False,
hotpotqa,5ac269e855429921a00aaf61,,0,0,0,-1,0,compile_failed,False,request failed for http://10.200.37.71:8801/v1/chat/completions: ReadTimeout
hotpotqa,5a75087a55429916b0164241,6b737b4c584f833e,1,0,0,0,1,single,False,
hotpotqa,5adc08885542996e685252b0,4c512bd1f985ceb0,1,0,0,0,1,single,False,
hotpotqa,5ae76db45542997b22f6a754,0e847822d3f93229,1,0,0,0,1,single,False,
hotpotqa,5ab6c0bf554299710c8d1f49,b7494792082bbc8c,1,0,0,0,1,single,False,
hotpotqa,5ab8beb35542991b5579efef,ab88f515af16c7ef,3,2,0,2,3,chain,True,
hotpotqa,5abd24fd5542996e802b4730,c6b01f94c4e080b2,1,0,0,0,1,single,False,
hotpotqa,5a80083c5542992bc0c4a688,9cdcd1db6e661abb,1,0,0,0,1,single,False,
hotpotqa,5a8cee9755429941ae14df52,ebbb7c00a3829a81,2,1,0,1,2,chain,False,
hotpotqa,5a7aa88155429927d897bef0,53c5d2e1aecf3847,1,0,0,0,1,single,False,
hotpotqa,5a77b7e55542997042120afe,d718954193133e39,1,0,0,0,1,single,False,
hotpotqa,5a777d2355429949eeb29e6f,231bf1cdcf98d276,1,0,0,0,1,single,False,
hotpotqa,5a9048465542990a984935f2,2faf8db97e42f83f,1,0,0,0,1,single,False,
hotpotqa,5adf8f6b5542992d7e9f9399,73f544b219f375a4,1,0,0,0,1,single,False,
hotpotqa,5adf46265542992d7e9f9318,2ce8e8d1779b5870,1,0,0,0,1,single,False,
hotpotqa,5ab9d0e055429970cfb8ebb4,76083048c8c1be6f,1,0,0,0,1,single,False,
hotpotqa,5ae14caf55429920d52343bc,13a8748803f90a40,1,0,0,0,1,single,False,
hotpotqa,5a777ec155429949eeb29e84,59f5f1175fcfa1d5,1,0,0,0,1,single,False,
hotpotqa,5a7f475955429969796c19f3,e08b8cf339b910d7,1,0,0,0,1,single,False,
hotpotqa,5ae2a403554299495565daff,6b7d857070c41efd,1,0,0,0,1,single,False,
hotpotqa,5ab2954a554299545a2cf9ad,7be209795e3a8977,1,0,0,0,1,single,False,
hotpotqa,5a8e49d655429917b4a5bd7f,c545c5785cd706f9,3,2,0,2,3,chain,True,
hotpotqa,5a7fbf525542995d8a8ddf11,d3dcf6234df75b7b,1,0,0,0,1,single,False,
hotpotqa,5ade86b855429975fa854eee,06ae7a54da7f234d,1,0,0,0,1,single,False,
hotpotqa,5ac4129f5542997ea680c9df,55a7d115fbd99c31,1,0,0,0,1,single,False,
hotpotqa,5abc9b0955429959677d6ac6,5616baa8d7e33242,1,0,0,0,1,single,False,
hotpotqa,5abc18d15542993a06baf868,8b5bdadfa4270d48,1,0,0,0,1,single,False,
hotpotqa,5ac159f55542991316484af4,54f324f948b0358e,1,0,0,0,1,single,False,
hotpotqa,5a8279af55429940e5e1a8c8,e332447b49eb5e6e,1,0,0,0,1,single,False,
hotpotqa,5adc8a255542994d58a2f63f,67c0e1e0430eb4d4,1,0,0,0,1,single,False,
hotpotqa,5ab84f1755429934fafe6d53,e2233c734894814d,1,0,0,0,1,single,False,
hotpotqa,5a77ab1b55429949eeb29f24,12fa712a47f533c8,2,1,0,1,2,chain,False,
hotpotqa,5ae749385542997b22f6a677,14fa0391df7bcd71,1,0,0,0,1,single,False,
hotpotqa,5ae610095542996de7b71b17,249ba393877fa919,1,0,0,0,1,single,False,
hotpotqa,5abe50b355429976d4830ae4,40222d8fba2b8f52,1,0,0,0,1,single,False,
hotpotqa,5a85f23f5542994775f606bd,c3a6c38e94a8f28d,1,0,0,0,1,single,False,
hotpotqa,5a7d43b95542997cc2c4743f,15a4ffa3769f07cb,1,0,0,0,1,single,False,
hotpotqa,5abaf13355429966062416a6,70c6bfd0c0879ac8,1,0,0,0,1,single,False,
hotpotqa,5ab3f881554299753aec5a0c,3b6114a4fb4b1ee9,1,0,0,0,1,single,False,
hotpotqa,5ae252c85542994d89d5b3d7,7c3df5dfc7dfda0d,1,0,0,0,1,single,False,
hotpotqa,5ae5d710554299546bf82f95,745a03e1570254a9,1,0,0,0,1,single,False,
hotpotqa,5adce41255429947343537c1,c9ffead39ab95791,1,0,0,0,1,single,False,
hotpotqa,5a7f2b6d554299306751366d,2e5ebb7d202db09c,1,0,0,0,1,single,False,
hotpotqa,5ac1ce4e5542994d76dccee7,5d749bfbf34c0dd1,1,0,0,0,1,single,False,
hotpotqa,5ab276625542993be8fa9916,4c116ed0f6d26419,1,0,0,0,1,single,False,
hotpotqa,5ae340a15542990afbd1e0f6,8fce7600e9ccea0e,1,0,0,0,1,single,False,
hotpotqa,5adff02d55429925eb1afb4e,54bbc4abe7215662,2,1,0,1,2,chain,False,
hotpotqa,5adbf6ac5542994650320c1c,e3f116047748008a,1,0,0,0,1,single,False,
hotpotqa,5ae2e8bf55429928c4239549,77e1509fa7b6f598,1,0,0,0,1,single,False,
hotpotqa,5a838978554299123d8c215a,a82108fcca939755,1,0,0,0,1,single,False,
hotpotqa,5a7dedeb5542995f4f402318,0ed471e8458c2115,1,0,0,0,1,single,False,
hotpotqa,5ab46e7c5542996a3a969f82,69aa93e39bcfa621,1,0,0,0,1,single,False,
hotpotqa,5a7dbc1c5542990b8f503a50,651a6f47a1a82019,1,0,0,0,1,single,False,
hotpotqa,5a74f11355429974ef308ca4,53006ff90bca00a7,1,0,0,0,1,single,False,
hotpotqa,5a73e30f55429905862fe0f1,3cd4ab69baf11f4d,1,0,0,0,1,single,False,
hotpotqa,5ac29b8b554299657fa28fd3,24c8b557a1b5da3a,1,0,0,0,1,single,False,
hotpotqa,5abee94e5542994516f4547b,a36b4818dd3237d2,1,0,0,0,1,single,False,
hotpotqa,5a7503cd5542993748c8979a,6e7d37d6c9aac420,1,0,0,0,1,single,False,
hotpotqa,5ae4f70b55429960a22e022b,80dadb5f56900e6b,1,0,0,0,1,single,False,
hotpotqa,5a72ec575542992359bc31d7,e85566293c19b420,1,0,0,0,1,single,False,
hotpotqa,5ae0d2b955429924de1b7189,266f3346a50e5c7f,3,2,0,2,3,chain,True,
hotpotqa,5ade1c6355429939a52fe820,ea82d6ebf5553626,2,1,0,1,2,chain,False,
hotpotqa,5a713d855542994082a3e6d5,3dd9dd698c5237e9,1,0,0,0,1,single,False,
hotpotqa,5a73310d5542992359bc3279,ffc4e43a940beb34,1,0,0,0,1,single,False,
hotpotqa,5a83b6bd5542990548d0b225,811e30e39f1aaa90,1,0,0,0,1,single,False,
hotpotqa,5ae47fb85542995ad6573d59,2a52adfccbf42cc7,1,0,0,0,1,single,False,
hotpotqa,5ae519495542990ba0bbb1b3,b1c24e7ba0ce3824,1,0,0,0,1,single,False,
hotpotqa,5a775c915542994aec3b72ad,a221d53f5780e48f,1,0,0,0,1,single,False,
hotpotqa,5ae4ccf15542990ba0bbb144,7739c3ea5486ac14,1,0,0,0,1,single,False,
hotpotqa,5a8a36405542996c9b8d5e54,6fee22acdeb523c0,1,0,0,0,1,single,False,
hotpotqa,5ae525dd5542990ba0bbb1cf,b8d6230cc57951b6,1,0,0,0,1,single,False,
hotpotqa,5add3a455542992ae4cec4fe,be082b848379ec75,1,0,0,0,1,single,False,
hotpotqa,5ac25ebe5542992f1f2b3884,6646d3ae9647ab54,1,0,0,0,1,single,False,
hotpotqa,5add8b935542997545bbbd72,74a38c34d4097946,2,1,0,1,2,chain,False,
hotpotqa,5ae5520b5542990ba0bbb27d,b221981612a8243f,1,0,0,0,1,single,False,
hotpotqa,5add10095542990d50227daf,719268c87a5f9f33,1,0,0,0,1,single,False,
hotpotqa,5a89165855429951533612be,8999e38812996216,1,0,0,0,1,single,False,
hotpotqa,5a8a55a75542995153361369,316e761911374dbd,1,0,0,0,1,single,False,
hotpotqa,5ae39aa85542992e3233c438,c3755ca5c4e3f021,1,0,0,0,1,single,False,
hotpotqa,5a7e709f5542991319bc94b6,388af3095339b5cc,1,0,0,0,1,single,False,
hotpotqa,5ae22a6b5542994d89d5b37f,13e7ad1cea0446e9,1,0,0,0,1,single,False,
hotpotqa,5adfdf40554299025d62a36d,8f646937e94abed6,1,0,0,0,1,single,False,
hotpotqa,5a83a9d95542990548d0b215,bc761e5f23d0beda,2,1,0,1,2,chain,False,
hotpotqa,5a80e71b55429938b6142243,da5217a60fe8b96f,1,0,0,0,1,single,False,
hotpotqa,5aba98b155429955dce3ee9a,ebf02ce180565c11,1,0,0,0,1,single,False,
hotpotqa,5ae63e9b5542992663a4f27d,c3f9c46fba040e0b,1,0,0,0,1,single,False,
hotpotqa,5a7775ba5542997042120a5c,0af82b6a36fe55bf,2,1,0,1,2,chain,False,
hotpotqa,5adc32d95542994650320caf,d7cb869c81f17426,1,0,0,0,1,single,False,
hotpotqa,5ae1c9ea5542997f29b3c103,d21678a1b2170bfd,1,0,0,0,1,single,False,
hotpotqa,5a83a5ec5542990548d0b20b,4839dd2f8c5fd19d,1,0,0,0,1,single,False,
hotpotqa,5ae788f05542994a481bbd76,6b00516accc237d0,1,0,0,0,1,single,False,
hotpotqa,5a7cc7cc554299683c1c6377,6cd1c8ec4466b6f0,1,0,0,0,1,single,False,
hotpotqa,5ac30bd0554299657fa290e4,caef6cdcf692c96b,1,0,0,0,1,single,False,
hotpotqa,5a79052855429974737f7945,,0,0,0,-1,0,compile_failed,False,request failed for http://10.200.37.71:8801/v1/chat/completions: ReadTimeout
hotpotqa,5ab2977f554299545a2cf9bf,d9aba5904f92653c,4,6,0,3,4,complex,True,
hotpotqa,5a7ca3a155429935c91b5278,585d2c6e69b515d8,1,0,0,0,1,single,False,
hotpotqa,5ac3a8b75542993915413899,,0,0,0,-1,0,compile_failed,False,request failed for http://10.200.37.71:8801/v1/chat/completions: ReadTimeout
hotpotqa,5ab8b44a55429919ba4e235f,0668a1ed74374b45,1,0,0,0,1,single,False,
hotpotqa,5ab9c5e2554299131ca423ff,b947427d544416bd,1,0,0,0,1,single,False,
hotpotqa,5ae20c5a5542994d89d5b321,a7c585fd58153d1a,1,0,0,0,1,single,False,
hotpotqa,5ae14c9955429920d52343bb,6e2c3602e0b4a38e,1,0,0,0,1,single,False,
hotpotqa,5ab6f32a5542995eadef00f6,f3cd7f2d43017c80,1,0,0,0,1,single,False,
hotpotqa,5a81e13255429903bc27b9fb,17aaa266fb0c46dc,1,0,0,0,1,single,False,
hotpotqa,5a7c41e555429935c91b5144,ea0764138f2cab51,1,0,0,0,1,single,False,
hotpotqa,5a8e7ac55542990e94052b20,0cd224d373de0b37,1,0,0,0,1,single,False,
hotpotqa,5a7c41e65542996dd594b8f2,b1b364fbf0d7658e,2,1,0,1,2,chain,False,
hotpotqa,5adeaf5155429939a52fe954,b968257d41f3de54,2,1,0,1,2,chain,False,
hotpotqa,5adfe10055429942ec259b66,5312595088bbb8c0,1,0,0,0,1,single,False,
hotpotqa,5ae52d335542990ba0bbb1e8,29f6e15646535259,1,0,0,0,1,single,False,
hotpotqa,5a82125b55429926c1cdae2c,c36d941554c8a44d,1,0,0,0,1,single,False,
hotpotqa,5a80f7c155429938b6142278,54c2048bc6614c7e,1,0,0,0,1,single,False,
hotpotqa,5ab524c755429942dd415ffb,4f7c5899db8481f8,1,0,0,0,1,single,False,
hotpotqa,5a791c45554299148911f9f4,1a4e42da6a60533f,1,0,0,0,1,single,False,
hotpotqa,5abba18a5542996606241706,726640b64b5eb6bf,1,0,0,0,1,single,False,
hotpotqa,5ab6c297554299110f219a62,19ac0ecefcfc0d33,1,0,0,0,1,single,False,
hotpotqa,5ae1e6d05542997f29b3c188,f4258df3a9cbe781,1,0,0,0,1,single,False,
hotpotqa,5ae60cee554299546bf83039,1609c66b492b2994,1,0,0,0,1,single,False,
hotpotqa,5a74c8205542996c70cfade5,170adf1be16d377b,1,0,0,0,1,single,False,
hotpotqa,5a84ab625542991dd0999d6e,a9e8785b87311304,1,0,0,0,1,single,False,
hotpotqa,5a80342f554299485f598589,f2abc6fffdd43e97,2,1,0,1,2,chain,False,
hotpotqa,5ab6d9d65542995eadef00c9,99c142e378d36584,1,0,0,0,1,single,False,
hotpotqa,5adcfdbe5542992c1e3a24e9,57b9e2f4fadc42c1,1,0,0,0,1,single,False,
hotpotqa,5ae130d655429920d52342fb,9ba464231ab98ff2,1,0,0,0,1,single,False,
hotpotqa,5ab5be1d5542997d4ad1f1d1,412fee31c323d158,1,0,0,0,1,single,False,
hotpotqa,5abce64a55429959677d6b2b,b9e3e3e63db0254b,1,0,0,0,1,single,False,
hotpotqa,5ae6b92e55429908198fa694,c5dc51758a20f6c6,1,0,0,0,1,single,False,
hotpotqa,5addfb8f5542992200553bc2,33f477b8d5b5e561,1,0,0,0,1,single,False,
hotpotqa,5ae1233d5542997b2ef7d0f9,3837661856a98b0f,2,1,0,1,2,chain,False,
hotpotqa,5a74ad2b55429916b01641c2,f7abb1863223c82c,2,1,0,1,2,chain,False,
hotpotqa,5aded09055429975fa854fa8,f3708821ba819ebd,1,0,0,0,1,single,False,
hotpotqa,5a8cdc7b55429941ae14df23,6f1b63afe2a8140f,2,1,0,1,2,chain,False,
hotpotqa,5ae242f2554299492dc91bf7,919da4c1cff39a65,1,0,0,0,1,single,False,
hotpotqa,5a8b677055429949d91db599,3d909fe47dae1c3e,1,0,0,0,1,single,False,
hotpotqa,5ae10c02554299422ee995e1,cf6d6a60bfa6d05f,2,1,0,1,2,chain,False,
hotpotqa,5a804b005542996402f6a4a4,968cebd5bf1c5bc6,1,0,0,0,1,single,False,
hotpotqa,5a7b3b1a5542992d025e67ab,cd839ebc61239124,1,0,0,0,1,single,False,
hotpotqa,5a7dfdc05542995f4f402373,5ed403e0e524aea7,1,0,0,0,1,single,False,
hotpotqa,5ae0d3e3554299603e418466,dfd7d40d086c15c0,1,0,0,0,1,single,False,
hotpotqa,5abd89f55542993062266cc1,857c1c456a18e5b9,1,0,0,0,1,single,False,
hotpotqa,5a763d1c5542992db947374c,0dd5d145383e073d,1,0,0,0,1,single,False,
hotpotqa,5a722c6455429971e9dc932e,bea7b0f63ade42c1,1,0,0,0,1,single,False,
hotpotqa,5a8a1b465542992d82986ebf,310b2741b2396fd4,1,0,0,0,1,single,False,
hotpotqa,5ae7be77554299540e5a5651,1ba075106b22c9ca,1,0,0,0,1,single,False,
hotpotqa,5ae2691f554299492dc91c18,70a752ef28368c99,1,0,0,0,1,single,False,
hotpotqa,5ae14120554299422ee99643,68386e3ff82daef6,1,0,0,0,1,single,False,
hotpotqa,5ae53a2855429960a22e027a,8757839f090bff9a,1,0,0,0,1,single,False,
hotpotqa,5a7a33bc5542996c55b2dd3c,20dbfea161862115,1,0,0,0,1,single,False,
hotpotqa,5a734de35542994cef4bc524,1f559ff813838523,1,0,0,0,1,single,False,
hotpotqa,5ae63de155429908198fa53a,e375252fd3fb5fc1,1,0,0,0,1,single,False,
hotpotqa,5ae5547055429960a22e02b6,517c85903877d32a,1,0,0,0,1,single,False,
hotpotqa,5a8b30095542995d1e6f12ff,c20aa439ebad46d3,1,0,0,0,1,single,False,
hotpotqa,5ab708fc5542992aa3b8c787,2eb41168ac419287,1,0,0,0,1,single,False,
hotpotqa,5a8a385a5542996c9b8d5e5a,5f4f6a7bccf4dc3d,1,0,0,0,1,single,False,
hotpotqa,5abb471f5542993f40c73ae5,75387a76360a0d51,2,1,0,1,2,chain,False,
hotpotqa,5add5eeb5542992ae4cec52c,c7f3f0d01f897a8c,1,0,0,0,1,single,False,
hotpotqa,5ab5f156554299637185c62c,2cadeddbf86ac46d,1,0,0,0,1,single,False,
hotpotqa,5a89d4e05542992e4fca83d7,2362123522af1cc6,2,1,0,1,2,chain,False,
hotpotqa,5ae2d4f455429928c42394e9,fb1d7ef843d4f04f,1,0,0,0,1,single,False,
hotpotqa,5adcb5c95542994ed6169bc8,faae2364fceb5636,1,0,0,0,1,single,False,
hotpotqa,5ae337d95542994393b9e65c,c0afa177f2972f6a,1,0,0,0,1,single,False,
hotpotqa,5a7c2f57554299683c1c62e0,de9206e7334c6490,1,0,0,0,1,single,False,
hotpotqa,5a8df2635542995085b37361,848defcbfe00270c,2,1,0,1,2,chain,False,
hotpotqa,5add12c95542992ae4cec44f,bdb9fb82246f4573,2,1,0,1,2,chain,False,
hotpotqa,5ae4a8235542996836b02cf7,0a06a1748c15d4e7,3,3,0,2,3,complex,True,
hotpotqa,5a881ef455429938390d3ef6,d02578dbabb75f34,1,0,0,0,1,single,False,
hotpotqa,5a80d86555429938b614220d,7d0af4c7e3ddf7b1,1,0,0,0,1,single,False,
hotpotqa,5a8005f15542992e7d278de2,326e00206f9686c9,4,6,0,3,4,complex,True,
hotpotqa,5ac2cbd8554299657fa29069,d2548f286f52adfa,1,0,0,0,1,single,False,
hotpotqa,5adbde7555429944faac2396,725a9c5a57e94bbe,1,0,0,0,1,single,False,
hotpotqa,5ab50dad5542990594ba9cef,3e2bf38f2b336faf,1,0,0,0,1,single,False,
hotpotqa,5a8a0c3a5542992e4fca84e5,8eebf40a505a163c,1,0,0,0,1,single,False,
hotpotqa,5ae236b75542992decbdcc6e,17aaa266fb0c46dc,1,0,0,0,1,single,False,
hotpotqa,5a87c3125542997e5c09a56a,8ee730267d4ed683,1,0,0,0,1,single,False,
hotpotqa,5ade80c155429975fa854ee2,3da4e684b1f1d7c1,1,0,0,0,1,single,False,
hotpotqa,5ac022c65542996f0d89cb30,ea96b3209f492d2d,1,0,0,0,1,single,False,
hotpotqa,5a73042d55429901807daf60,76872b6b622c9c6e,1,0,0,0,1,single,False,
hotpotqa,5ac062de554299294b218fb6,06c05eb85fffccc7,1,0,0,0,1,single,False,
hotpotqa,5ae5bd3155429960a22e0325,477a681237026be2,1,0,0,0,1,single,False,
hotpotqa,5ae36a585542991a06ce99bf,653a3ee4936f31d3,1,0,0,0,1,single,False,
hotpotqa,5aba03e955429939ce03dc50,2f165f8cedaedfb0,1,0,0,0,1,single,False,
hotpotqa,5ab88cbf55429919ba4e231c,25cd9dc922496dd8,2,1,0,1,2,chain,False,
hotpotqa,5a8e14e055429917b4a5bd0f,525fcec0d4c0f0f4,2,1,0,1,2,chain,False,
hotpotqa,5ae7d6025542993210983f78,fb85f14b35f5c05d,2,1,0,1,2,chain,False,
hotpotqa,5abf9a445542990832d3a166,942967f3cfcab7a0,1,0,0,0,1,single,False,
hotpotqa,5a77c58655429967ab105280,8f6d781286495083,1,0,0,0,1,single,False,
hotpotqa,5a746f0155429929fddd8426,3e04c10413b1df0b,1,0,0,0,1,single,False,
hotpotqa,5ab958bc5542996be2020494,d2be52737f2becbc,1,0,0,0,1,single,False,
hotpotqa,5a8639ea5542991e771815c9,d4632ade555cd2f8,3,3,0,2,3,complex,True,
hotpotqa,5a76b6185542993569682c8e,68e8659161d6ab03,1,0,0,0,1,single,False,
hotpotqa,5ae76cd655429952e35ea912,,0,0,0,-1,0,compile_failed,False,request failed for http://10.200.37.71:8801/v1/chat/completions: ReadTimeout
hotpotqa,5add6b8d5542992200553b0d,8c6d4e7cffb32484,2,1,0,1,2,chain,False,
hotpotqa,5ade15305542997545bbbe43,5a8870cf205102ba,1,0,0,0,1,single,False,
hotpotqa,5a79188455429974737f7984,17e425dcadb916f5,1,0,0,0,1,single,False,
hotpotqa,5ab901b75542991b5579f0c8,5b8631c7638d35fa,1,0,0,0,1,single,False,
hotpotqa,5adf25f85542993344016bfc,1cbe77f987222b31,1,0,0,0,1,single,False,
hotpotqa,5ac1625f5542994d76dcce02,0169c782f371e836,1,0,0,0,1,single,False,
hotpotqa,5a8afe2e55429971feec45d5,497abea17671fde3,1,0,0,0,1,single,False,
hotpotqa,5ab5ea3a5542997d4ad1f246,ff956b60027e1319,1,0,0,0,1,single,False,
hotpotqa,5ab2abb155429929539467c8,fa5e98146e567e1c,1,0,0,0,1,single,False,
hotpotqa,5a7d6fd35542990b8f503987,7f1fd665297dc267,1,0,0,0,1,single,False,
hotpotqa,5a7b8d67554299294a54a9ed,6e0f3e94faa7beeb,1,0,0,0,1,single,False,
hotpotqa,5ababb0d55429939ce03dd4a,4fe0396a20e7a867,1,0,0,0,1,single,False,
hotpotqa,5ae629b05542995703ce8b36,c96329cdedb9cdb3,1,0,0,0,1,single,False,
hotpotqa,5ac40187554299076e296d1a,64372bf02e3bc9d2,1,0,0,0,1,single,False,
hotpotqa,5abe6b865542991f66106181,c947ee0eda5a1555,1,0,0,0,1,single,False,
hotpotqa,5ab82bb955429916710eb00a,460f49cc3f404d99,1,0,0,0,1,single,False,
hotpotqa,5adf8e74554299025d62a2bb,0d70af496e2801a0,1,0,0,0,1,single,False,
hotpotqa,5ac24d6d5542996366519965,1978c931fb615cae,1,0,0,0,1,single,False,
hotpotqa,5a74a0d85542996c70cfad9d,ab9da2350cb4e8d2,3,3,0,2,3,complex,True,
hotpotqa,5ae10d3855429920d52342a9,16a96cb801c974d5,1,0,0,0,1,single,False,
hotpotqa,5a7f47df5542994857a766dc,d7af8ec4014e17f4,1,0,0,0,1,single,False,
hotpotqa,5a79e58b5542994bb945713a,cda3d1664896be0c,2,1,0,1,2,chain,False,
hotpotqa,5abb1e435542996cc5e49fb3,c4841d6cef0e33b1,1,0,0,0,1,single,False,
hotpotqa,5ae2ede555429928c4239571,9add0f523e8e7a61,3,3,0,2,3,complex,True,
hotpotqa,5a77666755429972597f1522,,0,0,0,-1,0,compile_failed,False,request failed for http://10.200.37.71:8801/v1/chat/completions: ReadTimeout
hotpotqa,5a8d48ff5542994ba4e3dc5a,90b32fc083cd206e,1,0,0,0,1,single,False,
hotpotqa,5ac1b0755542991316484b91,46aaa701d0b8802e,2,1,0,1,2,chain,False,
hotpotqa,5ae802435542994a481bbe7e,3500876260489566,2,1,0,1,2,chain,False,
hotpotqa,5add16e85542992ae4cec459,aafc735c8104a69b,2,1,0,1,2,chain,False,
hotpotqa,5ac31ef4554299741d48a214,4761cc55e0b5204d,1,0,0,0,1,single,False,
hotpotqa,5abb22645542992ccd8e7f20,9d9c356e7b406f31,1,0,0,0,1,single,False,
hotpotqa,5ab66cd855429954757d32a9,140a4d97c4c061d2,1,0,0,0,1,single,False,
hotpotqa,5a7b12735542992d025e6743,f391e5a2316144a1,1,0,0,0,1,single,False,
hotpotqa,5ae0b15d55429945ae959428,4157669e2d3eb0a1,1,0,0,0,1,single,False,
hotpotqa,5a88884855429938390d3f73,913b9693e1f6d18e,1,0,0,0,1,single,False,
hotpotqa,5ae649f55542992ae0d162b9,5bbc9b70a9bf0711,1,0,0,0,1,single,False,
hotpotqa,5a820f8f5542995ce29dcca2,aec67601e7c996f3,2,1,0,1,2,chain,False,
hotpotqa,5ab6e26355429954757d33a7,a2b5f08f7c116b59,2,1,0,1,2,chain,False,
hotpotqa,5adc113e55429944faac240f,5e7c50396c7a7242,2,1,0,1,2,chain,False,
hotpotqa,5a742af455429974ef308bb7,72e2cadd54953f92,1,0,0,0,1,single,False,
hotpotqa,5ae0c2265542993d6555ec44,87cd5e243168985f,1,0,0,0,1,single,False,
hotpotqa,5a7df0a35542995f4f402334,e364dbfef514e377,2,1,0,1,2,chain,False,
hotpotqa,5ae5d82f554299546bf82f99,2b5c919032eb3140,1,0,0,0,1,single,False,
hotpotqa,5ac386b0554299741d48a27d,b961ff9f973bd433,1,0,0,0,1,single,False,
hotpotqa,5abd7cdd55429924427fd00c,3aba38711cc8d5a3,1,0,0,0,1,single,False,
hotpotqa,5a7e1bf155429965cec5ea71,200b9b1db09cbf41,1,0,0,0,1,single,False,
hotpotqa,5a8700a75542994775f6079f,50d1d8b934875a4c,1,0,0,0,1,single,False,
hotpotqa,5a86d8b95542996432c571ee,69e42da6ba83f652,1,0,0,0,1,single,False,
hotpotqa,5a8f95ff5542997ba9cb32dd,,0,0,0,-1,0,compile_failed,False,request failed for http://10.200.37.71:8801/v1/chat/completions: ReadTimeout
hotpotqa,5a726a095542997f827839ba,bfe03aed99be5766,1,0,0,0,1,single,False,
hotpotqa,5a7b97f25542995eb53be964,2d4cf4205fa6d24d,1,0,0,0,1,single,False,
hotpotqa,5ac2950555429921a00aafd2,00bd80b854955dbf,1,0,0,0,1,single,False,
hotpotqa,5a7cbf8b554299452d57b9f3,691b3a15e5c66f22,1,0,0,0,1,single,False,
hotpotqa,5a77106c55429937353601be,d10a9ed395172298,1,0,0,0,1,single,False,
hotpotqa,5a7c914455429935c91b5228,1f37fbc1bb3b0fea,1,0,0,0,1,single,False,
hotpotqa,5a82432c55429940e5e1a81e,3dfc8f3259e11e54,2,1,0,1,2,chain,False,
hotpotqa,5adeb0995542992fa25da804,e4d214ea24811474,1,0,0,0,1,single,False,
hotpotqa,5abb7f1b5542993f40c73b13,5b48e14c7556eb3c,1,0,0,0,1,single,False,
hotpotqa,5abe3cb85542993f32c2a0ba,d564fd569b9ab03c,1,0,0,0,1,single,False,
hotpotqa,5a74531b55429979e28828fb,ae797248271c2b6e,1,0,0,0,1,single,False,
hotpotqa,5a8e64625542995085b37423,b1c3606b971292a6,2,1,0,1,2,chain,False,
hotpotqa,5ac44df05542995c82c4ad24,6eb9245368d4beff,1,0,0,0,1,single,False,
hotpotqa,5a7aecb45542995eb53be8ba,6371b1fcabe57acd,1,0,0,0,1,single,False,
hotpotqa,5a8db282554299068b959dbc,550b822f56b6c448,1,0,0,0,1,single,False,
hotpotqa,5ab449f95542990594ba9bf6,0d329e666938ea32,1,0,0,0,1,single,False,
hotpotqa,5a7619b0554299109176e649,0a95d68abf07ed04,1,0,0,0,1,single,False,
hotpotqa,5adc761455429947ff17397c,2d84b0a214f7d9e8,1,0,0,0,1,single,False,
hotpotqa,5ac0ab7d5542997d64295a4a,89e382cadacc27e6,2,1,0,1,2,chain,False,
hotpotqa,5add2cb55542994ed6169cad,a1cc9208da636ad0,1,0,0,0,1,single,False,
hotpotqa,5ae350d65542994393b9e67b,35b31dfa6ddfa5f3,1,0,0,0,1,single,False,
hotpotqa,5a775dc55542994aec3b72b3,9c48e288e1eab718,1,0,0,0,1,single,False,
hotpotqa,5a7312075542994cef4bc43b,1d541d70975b9f53,1,0,0,0,1,single,False,
hotpotqa,5a84734b554299123d8c2258,088660dd3ca6c266,2,1,0,1,2,chain,False,
hotpotqa,5a88fec05542995153361238,3e3d9d851b801190,1,0,0,0,1,single,False,
hotpotqa,5ae4aad55542995dadf2438c,9bd6b0eda650843b,1,0,0,0,1,single,False,
hotpotqa,5a89fb045542992e4fca84c3,f49b6b02646e0de8,2,1,0,1,2,chain,False,
hotpotqa,5ae8277955429952e35eaa63,21a4c936a402ec79,1,0,0,0,1,single,False,
hotpotqa,5a89f1c855429970aeb701a0,15426982683e88ff,1,0,0,0,1,single,False,
hotpotqa,5ae72d4a554299572ea5475c,98524580b90eb97d,2,1,0,1,2,chain,False,
hotpotqa,5a886460554299206df2b24d,5eb4a425d4241e8f,2,1,0,1,2,chain,False,
hotpotqa,5a7340d85542992359bc32b9,6dceb8d31565b1a0,1,0,0,0,1,single,False,
hotpotqa,5abc17585542993a06baf859,39e0676046e98983,1,0,0,0,1,single,False,
hotpotqa,5a7a8c9f55429941d65f269f,73aaa580cf18b37f,1,0,0,0,1,single,False,
hotpotqa,5ae489a255429913cc204492,f8424e74f9ad260b,1,0,0,0,1,single,False,
hotpotqa,5ae143aa55429920d523435d,55f55ff63ec794fa,1,0,0,0,1,single,False,
hotpotqa,5a7a205d5542990783324e73,6ae7e7439baa8eea,1,0,0,0,1,single,False,
hotpotqa,5ac43fa65542997ea680ca48,ef1e75d57fec08e2,1,0,0,0,1,single,False,
hotpotqa,5abc93bb554299114383a14a,288530dfdb3189b2,1,0,0,0,1,single,False,
hotpotqa,5ae7ef735542994a481bbe41,eb2285f6c7d578e9,1,0,0,0,1,single,False,
hotpotqa,5abe3b1d5542991f66106105,9c8a5df87641959c,1,0,0,0,1,single,False,
hotpotqa,5a79380355429970f5fffe7a,eecc826a3fee7781,1,0,0,0,1,single,False,
hotpotqa,5ae83a2e5542997ec272777e,6c6f62cad9364f5d,1,0,0,0,1,single,False,
hotpotqa,5a78bdad55429974737f786b,bef36db571a607ba,1,0,0,0,1,single,False,
hotpotqa,5ab42de7554299753aec5a51,bb8ce0c3cb13cdac,1,0,0,0,1,single,False,
hotpotqa,5ab8733c5542990e739ec8ff,74b4bc8863624175,2,1,0,1,2,chain,False,
hotpotqa,5ae2bc48554299492dc91c51,bd9c7597467639ed,1,0,0,0,1,single,False,
hotpotqa,5ab97f75554299131ca42346,832cfb635c3f2a0e,1,0,0,0,1,single,False,
hotpotqa,5add59565542992ae4cec519,5c3dd4209e282206,1,0,0,0,1,single,False,
hotpotqa,5abc0b7a5542996583600408,610c5515c89394cb,1,0,0,0,1,single,False,
hotpotqa,5ae5427f5542990ba0bbb244,b567029ff1c68ba3,1,0,0,0,1,single,False,
hotpotqa,5ae0c8e555429945ae95944f,8651d07184c1871a,1,0,0,0,1,single,False,
hotpotqa,5ae4f66255429960a22e0229,f6f12717dc5559a6,1,0,0,0,1,single,False,
hotpotqa,5ae713d9554299572ea546bc,64f87c30d3d7ed51,1,0,0,0,1,single,False,
hotpotqa,5adc530255429947ff173927,14b3853c6e8353e1,1,0,0,0,1,single,False,
hotpotqa,5a8748a05542996432c5724d,a06aa30ce2a232f3,5,8,0,4,5,complex,True,
hotpotqa,5a8b848d5542997f31a41d5c,ab27cf51a88cccf5,1,0,0,0,1,single,False,
hotpotqa,5ae375725542992f92d822c6,0ae5bdc23a8d037d,2,1,0,1,2,chain,False,
hotpotqa,5a89d5c35542995153361335,46811adaba3caf66,2,1,0,1,2,chain,False,
hotpotqa,5abbdad55542993f40c73bf0,ca6e697f4d7e5983,1,0,0,0,1,single,False,
hotpotqa,5ab946bf554299743d22eaae,de51f3fcf43b62c2,1,0,0,0,1,single,False,
hotpotqa,5abc08bc5542993f40c73c58,4674b1cafcda8923,1,0,0,0,1,single,False,
hotpotqa,5ac319f4554299741d48a1e3,beffb3d12edb2d5a,1,0,0,0,1,single,False,
hotpotqa,5ae5f2f25542996de7b71a7b,873baef8be6d03c6,1,0,0,0,1,single,False,
hotpotqa,5a7c6e325542990527d554a4,0f2265ddafe56896,1,0,0,0,1,single,False,
hotpotqa,5a738c1d554299623ed4abef,3eda266f93ae85de,1,0,0,0,1,single,False,
hotpotqa,5a779a5c5542995d83181211,e242130874731afc,1,0,0,0,1,single,False,
hotpotqa,5a8f4140554299458435d596,e7ab1ccd8d5830bf,1,0,0,0,1,single,False,
hotpotqa,5a7e24f655429965cec5ea9b,06e9e5071cc320a9,1,0,0,0,1,single,False,
hotpotqa,5ab8197655429916710eafef,d67b2492e913e5f9,1,0,0,0,1,single,False,
hotpotqa,5ae537465542990ba0bbb233,9179a786657fa03d,1,0,0,0,1,single,False,
hotpotqa,5a81961755429903bc27b980,097f686201ef4bf3,1,0,0,0,1,single,False,
hotpotqa,5abbe18e554299642a094ba1,2ba47c7316d283cc,1,0,0,0,1,single,False,
hotpotqa,5adc0f93554299438c868d1a,5923cd8a8806bbb8,1,0,0,0,1,single,False,
hotpotqa,5a8546bb5542997b5ce3ffdf,43cad2844f8c5175,1,0,0,0,1,single,False,
hotpotqa,5ae794065542994a481bbdb0,5870ee113b085ea2,1,0,0,0,1,single,False,
hotpotqa,5a7dc9a15542990b8f503aa6,b7f109d6fe1ff599,1,0,0,0,1,single,False,
hotpotqa,5a8220805542995ce29dccbe,9d52edb22fc9e7f5,1,0,0,0,1,single,False,
hotpotqa,5a7ced7d554299452d57baa6,8b57c3b6d3039315,1,0,0,0,1,single,False,
hotpotqa,5a732c215542991f9a20c66c,0e35797648310433,1,0,0,0,1,single,False,
hotpotqa,5a8f50645542992414482a35,cbc9b59a4bcdc5c9,1,0,0,0,1,single,False,
hotpotqa,5ab85f9a55429919ba4e22d0,b95fc4fc29846264,1,0,0,0,1,single,False,
hotpotqa,5adf34755542993344016c2b,014d8874a44f751d,1,0,0,0,1,single,False,
hotpotqa,5ac412e45542995c82c4acb5,f3484419bbff15f9,1,0,0,0,1,single,False,
hotpotqa,5ae02142554299025d62a41e,a4a583b069e1815e,1,0,0,0,1,single,False,
hotpotqa,5ac2c718554299657fa29048,e71188ed0c64213b,1,0,0,0,1,single,False,
hotpotqa,5ae6dace5542996d980e7c99,0af82ceeb6efcc4c,1,0,0,0,1,single,False,
hotpotqa,5ab2a370554299194fa93499,826b1b19848b1129,1,0,0,0,1,single,False,
hotpotqa,5ae3b2625542992f92d82345,c9d32b88769293b3,1,0,0,0,1,single,False,
hotpotqa,5ab5e7ed554299494045f0b2,40f5f7071dd27e9f,1,0,0,0,1,single,False,
hotpotqa,5ab7e7c25542993667794043,6c83e7859acceb34,1,0,0,0,1,single,False,
hotpotqa,5ab3a3d25542992ade7c6dfc,813aaaabacea66c1,2,1,0,1,2,chain,False,
hotpotqa,5ae75a5c5542995703ce8bf5,45d0f56a065ec949,2,1,0,1,2,chain,False,
hotpotqa,5ae7d4675542993210983f6c,5fd88a1ca3a2812a,1,0,0,0,1,single,False,
hotpotqa,5ac300515542996773102680,23505bc5e21ce13d,1,0,0,0,1,single,False,
hotpotqa,5a74e4a45542996c70cfae2c,c81695c9140da7fd,1,0,0,0,1,single,False,
hotpotqa,5ae3276655429928c4239638,37564f9649745177,2,1,0,1,2,chain,False,
hotpotqa,5ac32109554299218029dbd2,65b2509c22237ce1,1,0,0,0,1,single,False,
hotpotqa,5ade219b55429975fa854e8f,9e7a19718e3489b5,1,0,0,0,1,single,False,
hotpotqa,5a7d72a25542995f4f40227a,a968a88e03549717,1,0,0,0,1,single,False,
hotpotqa,5a7e14155542991319bc9428,7a873e9e1e863c60,1,0,0,0,1,single,False,
hotpotqa,5a8f5a00554299458435d5d9,e50072d41ca67b7e,1,0,0,0,1,single,False,
hotpotqa,5a858d785542994c784ddb24,0b40845221c53136,1,0,0,0,1,single,False,
hotpotqa,5ae21f59554299234fd043e1,ff4a5344bf5c8302,1,0,0,0,1,single,False,
hotpotqa,5ae25b015542996483e64984,82e88ecf5a3e399a,1,0,0,0,1,single,False,
hotpotqa,5ade24f45542997c77aded6c,ecdacb130220aadc,1,0,0,0,1,single,False,
hotpotqa,5adfb270554299025d62a33e,339191939bcf4679,1,0,0,0,1,single,False,
hotpotqa,5ae07bd555429945ae959366,8a6de6c28898b798,1,0,0,0,1,single,False,
hotpotqa,5a88bbb95542993e715ac08f,953a6c3c01422157,1,0,0,0,1,single,False,
hotpotqa,5a87d9065542994775f60802,9702c946bc63b4cb,1,0,0,0,1,single,False,
hotpotqa,5ac0b0895542992a796ded63,fee13446157d6c4f,1,0,0,0,1,single,False,
hotpotqa,5a7fdb175542995d8a8ddf35,b90225b924748565,2,1,0,1,2,chain,False,
hotpotqa,5ae13fdc5542997b2ef7d172,c172e6730d75ce35,2,1,0,1,2,chain,False,
hotpotqa,5ac1a2675542991316484b72,f6d5149255ce746f,1,0,0,0,1,single,False,
hotpotqa,5ae209735542997f29b3c21a,00f24abeaabddad5,1,0,0,0,1,single,False,
hotpotqa,5a8864d755429938390d3f43,994e6dd33cc18341,1,0,0,0,1,single,False,
hotpotqa,5a85368c5542997b5ce3ffc9,8af535cb2fc7e33f,1,0,0,0,1,single,False,
hotpotqa,5a8eb2795542995a26add4ea,30fa234275c8b370,1,0,0,0,1,single,False,
hotpotqa,5ab3c13b55429969a97a81af,56b71ef23e13da38,1,0,0,0,1,single,False,
hotpotqa,5a7c32d05542996dd594b8c7,8f7eed4805942ffa,1,0,0,0,1,single,False,
hotpotqa,5a7fcd245542992e7d278da6,efc6e0e8ad004296,1,0,0,0,1,single,False,
hotpotqa,5a78ef54554299148911f9b0,3dc9d0337279e299,1,0,0,0,1,single,False,
hotpotqa,5a838aba5542992ef85e22e9,2b910b35afc1c54d,1,0,0,0,1,single,False,
hotpotqa,5ab2a41a5542992953946787,722cf57a45ca7eec,1,0,0,0,1,single,False,
hotpotqa,5adc074555429944faac23f8,4fc8660483dea447,1,0,0,0,1,single,False,
hotpotqa,5a835440554299123d8c20eb,9c586b3ae2a54e65,1,0,0,0,1,single,False,
hotpotqa,5a85c11d5542994c784ddb77,fe678b9dd884904f,1,0,0,0,1,single,False,
hotpotqa,5adea5a455429975fa854f38,5eb43161ccdf2557,1,0,0,0,1,single,False,
hotpotqa,5ac4ea565542996feb3fe977,c6c5969eac61a84f,1,0,0,0,1,single,False,
hotpotqa,5ab31d345542991669774198,8ad6c2b127430aa3,2,1,0,1,2,chain,False,
hotpotqa,5ae099d355429924de1b710c,caf232613dc42494,2,1,0,1,2,chain,False,
hotpotqa,5ab5c99b554299488d4d9a22,2d86dd6d93d36fdb,1,0,0,0,1,single,False,
hotpotqa,5ae60172554299546bf83012,949439d087112cd2,1,0,0,0,1,single,False,
hotpotqa,5a7e16ed5542997cc2c4751f,162e9ae3f5f89740,1,0,0,0,1,single,False,
hotpotqa,5a8b85ef5542997f31a41d61,cae96cab606706c0,1,0,0,0,1,single,False,
hotpotqa,5ae7e5ab5542997ec27276fe,b519ad866387b5b7,2,1,0,1,2,chain,False,
hotpotqa,5a8d76835542994ba4e3dc8d,213197f29bc6c4ea,1,0,0,0,1,single,False,
hotpotqa,5a81ddb4554299676cceb115,0adc00fb83e859ff,1,0,0,0,1,single,False,
hotpotqa,5a8dcbab554299441c6ba08c,ae017d52d7af2a19,1,0,0,0,1,single,False,
hotpotqa,5ae01aab55429925eb1afc13,,0,0,0,-1,0,compile_failed,False,request failed for http://10.200.37.71:8801/v1/chat/completions: ReadTimeout
hotpotqa,5ab9c2da554299753720f84e,8a7f3b4a6a99d902,1,0,0,0,1,single,False,
hotpotqa,5a8afa6255429949d91db44d,a74a3882cbf956e4,1,0,0,0,1,single,False,
hotpotqa,5a7a41055542990783324edf,129e5fb579c590d2,1,0,0,0,1,single,False,
hotpotqa,5ae3556e5542992f92d8228b,9311de03c0bf80c5,1,0,0,0,1,single,False,
hotpotqa,5a7bb449554299042af8f7a1,8511abb4abdd33e7,1,0,0,0,1,single,False,
hotpotqa,5a7b52215542992d025e67fc,7c74ed887686dfe1,1,0,0,0,1,single,False,
hotpotqa,5a8b6e2655429950cd6afcfa,0c629ea682e794c1,1,0,0,0,1,single,False,
hotpotqa,5a810b21554299260e20a21c,dbdbcfa3da7b3a28,1,0,0,0,1,single,False,
hotpotqa,5abbfe0355429965836003da,55ee375cb4aa8962,1,0,0,0,1,single,False,
hotpotqa,5ae717c7554299572ea546cf,1a05c1ff8da51444,1,0,0,0,1,single,False,
hotpotqa,5a83e45f55429933447460ac,cde8a5f1c78326c5,1,0,0,0,1,single,False,
hotpotqa,5ab40ea6554299753aec5a29,d442e1dc97bd1224,1,0,0,0,1,single,False,
hotpotqa,5ab1deef554299449642c7ee,6fab9977b3e9c7ae,1,0,0,0,1,single,False,
hotpotqa,5ae166af5542997b2ef7d1d5,1b7b488405205bfb,1,0,0,0,1,single,False,
hotpotqa,5a7e2f7c5542997cc2c4752e,f5f9c97076e5ef4e,1,0,0,0,1,single,False,
hotpotqa,5a76b26d5542993735360165,2cf40052b1507d16,1,0,0,0,1,single,False,
hotpotqa,5abbd8845542993f40c73be2,cc267b9c7109c364,1,0,0,0,1,single,False,
hotpotqa,5add68785542992200553aff,91ad906f7d5f36f2,1,0,0,0,1,single,False,
hotpotqa,5a7f844a55429969796c1a87,55a1776ac3ad7ccd,1,0,0,0,1,single,False,
hotpotqa,5ae724185542992ae0d163be,068bfb19ba5d4841,1,0,0,0,1,single,False,
hotpotqa,5adc1437554299438c868d44,edabf3e62d35a673,1,0,0,0,1,single,False,
hotpotqa,5a81711555429903bc27b965,5ddca6d1c3520bec,1,0,0,0,1,single,False,
hotpotqa,5adcbe4c5542994ed6169be6,838039187e60c3f4,2,1,0,1,2,chain,False,
hotpotqa,5ab7831a55429928e1fe3865,986bdfc6b01f9d34,2,1,0,1,2,chain,False,
hotpotqa,5addad6a5542997dc7907010,330498f9cdd23aa4,3,3,0,2,3,complex,True,
hotpotqa,5a8b991b55429971feec4739,47aa1e54616c1e76,1,0,0,0,1,single,False,
hotpotqa,5ab7734d5542993667793fe0,0664ab35a0bb045e,2,1,0,1,2,chain,False,
hotpotqa,5a74e97255429929fddd8502,44e6af7d4618818d,1,0,0,0,1,single,False,
hotpotqa,5ae0fbdd5542997b2ef7d0cd,b69ef4da88322df7,1,0,0,0,1,single,False,
hotpotqa,5a7b40ba55429931da12ca3c,9b40bac6d45f9adc,1,0,0,0,1,single,False,
hotpotqa,5a8488ed5542997175ce1eef,f70c5c1e7dca3aa2,2,1,0,1,2,chain,False,
hotpotqa,5abe4f3f5542991f6610613b,d93f5f97727d6363,2,1,0,1,2,chain,False,
hotpotqa,5ac294cb5542990b17b15410,f37ac139f5d6d165,1,0,0,0,1,single,False,
hotpotqa,5ae206b5554299234fd043b1,d2e5631ef98ddeab,1,0,0,0,1,single,False,
hotpotqa,5a809cb15542992097ad300a,e136cbc8703a9659,2,1,0,1,2,chain,False,
hotpotqa,5ae7932f55429952e35ea980,f79a67a1772cf018,1,0,0,0,1,single,False,
hotpotqa,5a81ba3455429903bc27b9b5,6bb9a838fc4e8cb9,1,0,0,0,1,single,False,
hotpotqa,5a794caa5542994bb9456fee,dfaf918749159dee,1,0,0,0,1,single,False,
hotpotqa,5abd599f55429924427fcfbc,f1cc2cf34301bf21,1,0,0,0,1,single,False,
hotpotqa,5a8ba49655429971feec4745,1f24cfd784d918c4,1,0,0,0,1,single,False,
hotpotqa,5ac02c295542997d642959db,6b5e54084f76e0bc,1,0,0,0,1,single,False,
hotpotqa,5ab2fe3655429976abd1bc01,daff078154c93d4f,4,4,0,3,4,complex,True,
hotpotqa,5ae24e5a5542992decbdccaa,4bf03286c6cf501a,1,0,0,0,1,single,False,
hotpotqa,5aba8b985542994dbf019936,1bca875d04c8b164,1,0,0,0,1,single,False,
hotpotqa,5a892507554299669944a4c3,0b88ef6b484118ce,1,0,0,0,1,single,False,
hotpotqa,5ab27a29554299449642c8ba,bd7c8c03be0b49ee,1,0,0,0,1,single,False,
hotpotqa,5ab1c2695542997061209555,95e40b3fe45c5bf0,2,1,0,1,2,chain,False,
hotpotqa,5a7d3ee55542997cc2c47434,9956c94667263c76,1,0,0,0,1,single,False,
hotpotqa,5ab6f173554299710c8d1fcb,93f92d9f80459c32,1,0,0,0,1,single,False,
hotpotqa,5a7501385542993748c89790,513ae50c96299bac,1,0,0,0,1,single,False,
hotpotqa,5ab247bf554299722f9b4cd0,0b1618b1cfa96d79,1,0,0,0,1,single,False,
hotpotqa,5a7f5fe45542995d8a8dde4f,3f38366f49e0ce00,1,0,0,0,1,single,False,
hotpotqa,5ade8d5155429975fa854f0d,6897a213e11e0c0f,1,0,0,0,1,single,False,
hotpotqa,5a70fc435542994082a3e48a,a17e45ebdf24fa3e,1,0,0,0,1,single,False,
hotpotqa,5a8393f0554299334474604a,93e36b54365b80d8,1,0,0,0,1,single,False,
hotpotqa,5a8f70dc55429918e830d228,191a0370cfef817a,1,0,0,0,1,single,False,
hotpotqa,5add06915542994d58a2f745,45ce9b5a003e2ad7,1,0,0,0,1,single,False,
hotpotqa,5abeea3d5542997719eab5f8,525b56182d2ecb91,1,0,0,0,1,single,False,
hotpotqa,5aba03dd55429901930fa770,9e1277b3ceb6ce0b,1,0,0,0,1,single,False,
hotpotqa,5ab2a2e4554299194fa93498,39adcc846394e45e,1,0,0,0,1,single,False,
hotpotqa,5add053b5542990d50227d99,0e0bd302b62ee7ab,1,0,0,0,1,single,False,
hotpotqa,5ae363605542992f92d822b7,5e383a0d8a0c906c,1,0,0,0,1,single,False,
hotpotqa,5ab3f1845542992339550001,2229c4384e4c1a04,1,0,0,0,1,single,False,
hotpotqa,5ae291e15542996483e649f7,3baf27d7c2a2dcbe,1,0,0,0,1,single,False,
hotpotqa,5ae67b3b5542996d980e7b7b,b8b272180154b115,1,0,0,0,1,single,False,
hotpotqa,5ade733b5542997c77adee30,9fb846874d22ecc5,1,0,0,0,1,single,False,
hotpotqa,5a7dacb75542995f4f4022b9,,0,0,0,-1,0,compile_failed,False,request failed for http://10.200.37.71:8801/v1/chat/completions: ReadTimeout
hotpotqa,5a8130b555429938b61422eb,f763910f3af63557,1,0,0,0,1,single,False,
hotpotqa,5a7f2dfd5542994959419aae,,0,0,0,-1,0,compile_failed,False,request failed for http://10.200.37.71:8801/v1/chat/completions: ReadTimeout
hotpotqa,5abce714554299114383a187,78a4983abf76c3bd,1,0,0,0,1,single,False,
hotpotqa,5a89aa475542993b751ca97e,7e381983bf4d2ba8,1,0,0,0,1,single,False,
hotpotqa,5a7ca63255429907fabeefe4,2f1c3e80a36f49d7,1,0,0,0,1,single,False,
hotpotqa,5ac3bdbe5542993915413936,47728829e7ed01ca,1,0,0,0,1,single,False,
hotpotqa,5a8493555542997b5ce3fec8,4dd174c86a5abc05,2,1,0,1,2,chain,False,
hotpotqa,5aba9a8655429955dce3eea0,,0,0,0,-1,0,compile_failed,False,request failed for http://10.200.37.71:8801/v1/chat/completions: ReadTimeout
hotpotqa,5a836de7554299123d8c2116,86a4c40592866c51,1,0,0,0,1,single,False,
hotpotqa,5ae3491c5542992e3233c36e,fc8c36b48c8dbe79,2,1,0,1,2,chain,False,
hotpotqa,5adf3e5a5542995ec70e8f9f,e8374d25c45cc023,1,0,0,0,1,single,False,
hotpotqa,5ae77c3e55429952e35ea93f,0d771095f536c8a5,2,1,0,1,2,chain,False,
hotpotqa,5a8355c25542996488c2e417,dfde8372273ecb50,1,0,0,0,1,single,False,
hotpotqa,5a89e35c5542992e4fca844b,395d55253526d6c6,1,0,0,0,1,single,False,
hotpotqa,5abeeb225542997719eab5fc,5a1698f345945f97,1,0,0,0,1,single,False,
hotpotqa,5ac1c52055429964131be283,ff3121391a5ca8bd,1,0,0,0,1,single,False,
hotpotqa,5ae0ce2955429945ae95945b,0b92b92ac0c91212,1,0,0,0,1,single,False,
hotpotqa,5addff635542997545bbbded,2b09c49477cf2e9d,1,0,0,0,1,single,False,
hotpotqa,5abcda1055429965836004d5,ed662d29c7fec9bf,2,1,0,1,2,chain,False,
hotpotqa,5ade67be55429975fa854ebf,2e8a20677918a673,1,0,0,0,1,single,False,
hotpotqa,5ab6bdbb5542995eadef0091,89347b5692cb753f,4,3,0,3,4,chain,True,
hotpotqa,5a7e8c0155429949594199fe,b63a4da34f265588,2,1,0,1,2,chain,False,
hotpotqa,5adcfb4f5542990d50227d80,a010cc0d65f30340,1,0,0,0,1,single,False,
hotpotqa,5ab48e735542996a3a969f96,53c969e335acfa69,1,0,0,0,1,single,False,
hotpotqa,5a7a61b955429941d65f25fc,326fe8966a0f7139,4,4,0,3,4,complex,True,
hotpotqa,5adcdc6155429947343537b2,eea75894122e7cb9,1,0,0,0,1,single,False,
hotpotqa,5ae77edb5542997ec272766b,f2f64b674bd6e0e3,4,4,0,3,4,complex,True,
hotpotqa,5ade13c355429939a52fe7f3,131d00004a780199,1,0,0,0,1,single,False,
hotpotqa,5abd38355542993062266c1b,ee13e39e50b3d924,1,0,0,0,1,single,False,
hotpotqa,5ac480585542995c82c4ad54,9f41383621a0a687,1,0,0,0,1,single,False,
hotpotqa,5a7433e955429974ef308bba,a1b9a1e958c5c71f,1,0,0,0,1,single,False,
hotpotqa,5a78cbb6554299029c4b5e98,787d9b58df8decd9,1,0,0,0,1,single,False,
hotpotqa,5a7183185542994082a3e85d,cb7104434eab3822,1,0,0,0,1,single,False,
hotpotqa,5ac160035542991316484b00,34a5a837a55cb52c,1,0,0,0,1,single,False,
hotpotqa,5abc7289554299700f9d78cd,daaeb47f5e845c0e,1,0,0,0,1,single,False,
hotpotqa,5ab5f3d8554299637185c639,e6d614a027b919aa,1,0,0,0,1,single,False,
hotpotqa,5a747af555429929fddd8447,991f6fe80f503f54,1,0,0,0,1,single,False,
hotpotqa,5abbc5555542992ccd8e7f93,37ae480ddb1a925d,1,0,0,0,1,single,False,
hotpotqa,5ae03ab455429942ec259c51,8b9c84eafbd501d1,1,0,0,0,1,single,False,
hotpotqa,5ae726db554299572ea54739,a37b3df27c20d74f,1,0,0,0,1,single,False,
hotpotqa,5a7ccbcf554299683c1c637f,fc2a5e029b577c27,1,0,0,0,1,single,False,
hotpotqa,5ab67b445542995eadef0004,3e142877035c9925,1,0,0,0,1,single,False,
hotpotqa,5ae275625542992decbdcd0c,7b75842ec24147f9,1,0,0,0,1,single,False,
hotpotqa,5ac1ac9555429963665198df,a6c2f720731737b4,1,0,0,0,1,single,False,
hotpotqa,5a7c6b30554299683c1c62fe,7378bac8fd2ba17c,1,0,0,0,1,single,False,
hotpotqa,5a7e592f55429949594199a4,d11abd86795e5ce5,1,0,0,0,1,single,False,
hotpotqa,5a793d6a554299029c4b5f34,,0,0,0,-1,0,compile_failed,False,request failed for http://10.200.37.71:8801/v1/chat/completions: ReadTimeout
hotpotqa,5ac1e33b554299636651992a,d3010256379744b6,1,0,0,0,1,single,False,
hotpotqa,5abd341855429924427fcf42,8bef9207eff5a282,1,0,0,0,1,single,False,
hotpotqa,5ae0489255429925eb1afc2f,cf840c7859c6f144,2,1,0,1,2,chain,False,
hotpotqa,5ae1caa45542997f29b3c105,d808993e4e6b6547,1,0,0,0,1,single,False,
hotpotqa,5a77844255429967ab1051eb,25b0cd43e5054ff8,1,0,0,0,1,single,False,
hotpotqa,5ae170b055429920d52343d7,2b5298bfd1521119,1,0,0,0,1,single,False,
hotpotqa,5a839f7c5542992ef85e2333,14edc98906c343fc,4,4,0,3,4,complex,True,
hotpotqa,5addffba5542997dc7907113,9292df49c89b35b8,1,0,0,0,1,single,False,
hotpotqa,5ab448565542990594ba9bf0,0301a1dc68c13616,1,0,0,0,1,single,False,
hotpotqa,5ab9e33c554299232ef4a254,fdb15b997745d7e6,1,0,0,0,1,single,False,
hotpotqa,5a7ac8fd55429927d897bf11,45e963342faec529,1,0,0,0,1,single,False,
hotpotqa,5aba7a9955429955dce3ee55,33ba288cccbc9dae,1,0,0,0,1,single,False,
hotpotqa,5ab7e4b45542995dae37e9de,62855342980a9bd0,1,0,0,0,1,single,False,
hotpotqa,5ab72d8755429928e1fe3833,4834babb5df3edca,1,0,0,0,1,single,False,
hotpotqa,5a7327c55542991f9a20c654,41b5d257a95ca49e,2,1,0,1,2,chain,False,
hotpotqa,5ae5c18a5542990ba0bbb2d0,2225004e3c11372c,2,1,0,1,2,chain,False,
hotpotqa,5add45475542997545bbbd0e,f10d87ee3ecd6522,1,0,0,0,1,single,False,
hotpotqa,5a82537b55429940e5e1a84c,7ae19df6dd906146,1,0,0,0,1,single,False,
hotpotqa,5ac25d8555429951e9e68587,286b5a453d7485d1,1,0,0,0,1,single,False,
hotpotqa,5a8870f155429938390d3f61,6c1c8fb52969414b,2,1,0,1,2,chain,False,
hotpotqa,5a772e6055429972597f146e,a61446d49abf61f2,3,2,0,2,3,chain,True,
hotpotqa,5a722b6b55429971e9dc9328,833d1d0cfeaa0626,1,0,0,0,1,single,False,
hotpotqa,5ac0ac415542997d64295a4b,9daa4e12b586ce34,2,1,0,1,2,chain,False,
hotpotqa,5ab2fc545542991669774173,effd601409b9bed0,1,0,0,0,1,single,False,
hotpotqa,5ae359415542992e3233c399,eb5512f0bdda6cb1,1,0,0,0,1,single,False,
hotpotqa,5a7ba1465542997c3ec97249,dc5cb073a6aca522,1,0,0,0,1,single,False,
hotpotqa,5a7cdb5d554299683c1c63a2,96439282ff729088,1,0,0,0,1,single,False,
hotpotqa,5adcfbd85542990d50227d85,60119840b0855b1d,1,0,0,0,1,single,False,
hotpotqa,5a77ad6b55429967ab105226,2a7c04243873ba66,1,0,0,0,1,single,False,
hotpotqa,5a7634985542994ccc918713,d90d53a72ec94eb6,1,0,0,0,1,single,False,
hotpotqa,5ae1b578554299492dc91b78,984410caf6d9fa76,1,0,0,0,1,single,False,
hotpotqa,5aba27d155429955dce3edd1,d1ab3fe995f76a91,1,0,0,0,1,single,False,
hotpotqa,5ae52f495542992663a4f142,786044412cc639de,1,0,0,0,1,single,False,
hotpotqa,5ab29155554299340b52551f,b86178c47749ac6f,2,1,0,1,2,chain,False,
hotpotqa,5a77f4a15542995d83181335,036cf020fff1f287,1,0,0,0,1,single,False,
hotpotqa,5a8de76f5542995085b37352,294274b524a9de40,1,0,0,0,1,single,False,
hotpotqa,5a8bd3375542997f31a41dd3,ee48ef3d81ed98a0,1,0,0,0,1,single,False,
hotpotqa,5adc87ba55429947ff173992,76a84bcfd6ae533a,1,0,0,0,1,single,False,
hotpotqa,5a905aa955429916514e7483,c536f9e1b74fd269,1,0,0,0,1,single,False,
hotpotqa,5a84f25b5542994c784dda97,50ac528980fb9192,1,0,0,0,1,single,False,
hotpotqa,5ae0ebd45542990adbacf6ce,,0,0,0,-1,0,compile_failed,False,request failed for http://10.200.37.71:8801/v1/chat/completions: ReadTimeout
hotpotqa,5ab3b4fb554299753aec59be,1916e3eec302c903,1,0,0,0,1,single,False,
hotpotqa,5a83d4f75542992ef85e2376,892eb507916d0dce,1,0,0,0,1,single,False,
hotpotqa,5ae7d3895542993210983f66,a704287e89f69b02,1,0,0,0,1,single,False,
hotpotqa,5a83959f554299334474604c,e6ce16dbdfc762f9,1,0,0,0,1,single,False,
hotpotqa,5ac3d0b2554299204fd21e85,c7ce481360d37a3b,1,0,0,0,1,single,False,
hotpotqa,5ae7ecfb554299540e5a56a2,4964f505d812ab6f,3,2,0,2,3,chain,True,
hotpotqa,5adbd0665542994650320bf1,c4e5dc68d2d64ea6,1,0,0,0,1,single,False,
hotpotqa,5a8b891a55429949d91db5d1,9e034af57f50ae9a,4,3,0,3,4,chain,True,
hotpotqa,5adffb0555429942ec259bb6,ba360f8b5ff8af17,1,0,0,0,1,single,False,
hotpotqa,5a8bab025542996e8ac8899a,fafbe22dfcece563,1,0,0,0,1,single,False,
hotpotqa,5add1b095542994ed6169c8c,a8abbd345ce1044d,1,0,0,0,1,single,False,
hotpotqa,5ae01a61554299603e4183e8,749200a55f938677,1,0,0,0,1,single,False,
hotpotqa,5ab9f0f355429901930fa74e,ee36c010b8a31de7,1,0,0,0,1,single,False,
hotpotqa,5abf0e315542997719eab642,100f329aae56b87c,1,0,0,0,1,single,False,
hotpotqa,5ac44cf05542995c82c4ad22,19b23114702db66c,1,0,0,0,1,single,False,
hotpotqa,5a88adee5542993e715ac062,4cf1350a1e4957c7,3,3,0,2,3,complex,True,
hotpotqa,5a8756765542994846c1cd68,8f0bf23e5dd50c1e,1,0,0,0,1,single,False,
hotpotqa,5ab591ae554299488d4d99e1,ec0d657759eaace3,1,0,0,0,1,single,False,
hotpotqa,5ac37893554299741d48a260,56381c5ee4b84356,1,0,0,0,1,single,False,
hotpotqa,5a89271a554299669944a4cc,42600c8d9754a239,4,6,0,3,4,complex,True,
hotpotqa,5a81a1ab55429926c1cdad57,aed3a60f17ce1e8e,2,1,0,1,2,chain,False,
hotpotqa,5a7c709c55429907fabeef89,033493cc8c3fef01,1,0,0,0,1,single,False,
hotpotqa,5ae4ff4755429913cc204563,94a9fad7d73f7891,1,0,0,0,1,single,False,
hotpotqa,5ae5418e55429908b63265bb,29e2c23765c3008e,1,0,0,0,1,single,False,
hotpotqa,5ab5b6855542992aa134a399,e1509b6985c37bba,2,1,0,1,2,chain,False,
hotpotqa,5a81135b554299260e20a237,0dabe2954ae93a62,1,0,0,0,1,single,False,
hotpotqa,5a8b1dfd5542996c9b8d5fa7,78a08dd29b4d6841,1,0,0,0,1,single,False,
hotpotqa,5ac263755542992f1f2b38a1,4cfa13dbedd4f65c,1,0,0,0,1,single,False,
hotpotqa,5ae78be55542994a481bbd91,93d0b600dfb8873f,1,0,0,0,1,single,False,
hotpotqa,5ae79f2e5542993210983eb8,b2f7e092f20306a6,1,0,0,0,1,single,False,
hotpotqa,5ae776b1554299540e5a55ae,bb3d19d0a71d05bc,3,2,0,2,3,chain,True,
hotpotqa,5ae740ec5542997b22f6a63c,6d7b10c228a784b3,3,2,0,2,3,chain,True,
hotpotqa,5adc498155429947ff173916,62b0a57a4e81cafb,1,0,0,0,1,single,False,
hotpotqa,5ae077035542993d6555eb69,b434cbb177245e8b,1,0,0,0,1,single,False,
hotpotqa,5a8ca0a1554299653c1aa0d7,55bf4188d262f409,1,0,0,0,1,single,False,
hotpotqa,5ae0601d5542993d6555eb17,06b2e0d701cc1162,1,0,0,0,1,single,False,
hotpotqa,5ae8378d5542997ec2727776,7040af85737411e5,2,1,0,1,2,chain,False,
hotpotqa,5a85a5f85542991dd0999e77,e64a04d473c2a675,1,0,0,0,1,single,False,
hotpotqa,5abada3d554299660624163c,5813a9d2a364c6d3,1,0,0,0,1,single,False,
hotpotqa,5abae9cd5542996cc5e49f04,f2ee733b7a77f09a,2,1,0,1,2,chain,False,
hotpotqa,5addf9fe5542995b365faba9,dae7c9d11db1809f,1,0,0,0,1,single,False,
hotpotqa,5abc105b5542993a06baf841,c31daa31a83ceef5,1,0,0,0,1,single,False,
hotpotqa,5a8b48985542995d1e6f134a,c03628a636898313,1,0,0,0,1,single,False,
hotpotqa,5a89efb25542992e4fca8497,ec81d33281106f84,2,1,0,1,2,chain,False,
hotpotqa,5ac01fc3554299012d1db5af,b1ce4b95ad7c00af,1,0,0,0,1,single,False,
hotpotqa,5ae0deae5542990adbacf695,592ab8a5edbab847,1,0,0,0,1,single,False,
hotpotqa,5ab521615542991779162d89,e5cff9aa13787324,2,1,0,1,2,chain,False,
hotpotqa,5ac0f4425542996f0d89cc41,0156095da3e8e06e,1,0,0,0,1,single,False,
hotpotqa,5ab9a8075542996be2020579,68b188bd6cbaec6a,1,0,0,0,1,single,False,
hotpotqa,5ae6654a5542992ae0d16322,92ea47db127ae5dd,2,1,0,1,2,chain,False,
hotpotqa,5a75e625554299109176e5bf,637f18daab75ca0e,2,1,0,1,2,chain,False,
hotpotqa,5a7775315542997042120a59,92a507169ab4b536,1,0,0,0,1,single,False,
hotpotqa,5ac1682c5542994ab5c67d13,a42d92b39d68af7d,1,0,0,0,1,single,False,
hotpotqa,5ac290c35542992f1f2b3915,220fd03e37d66fb4,1,0,0,0,1,single,False,
hotpotqa,5ae31dd755429928c4239611,f6ad6e345ca8835f,1,0,0,0,1,single,False,
hotpotqa,5ab7a1a95542995dae37e97e,b80c92cd3509cb69,1,0,0,0,1,single,False,
hotpotqa,5a808b09554299485f59864f,4e26dc5c7aace595,1,0,0,0,1,single,False,
hotpotqa,5abe1b8655429976d4830a78,5cc494640d7aa6a4,3,2,0,2,3,chain,True,
hotpotqa,5a82f1b455429966c78a6aa6,3958c69ee856e532,2,1,0,1,2,chain,False,
hotpotqa,5abfb4015542990832d3a1c9,f4e03f9c3322ecbe,1,0,0,0,1,single,False,
hotpotqa,5a8b19bb5542996c9b8d5f9d,73450b70f622c39b,1,0,0,0,1,single,False,
hotpotqa,5ae1374855429901ffe4adfb,9c0ad9df42a9b2f2,1,0,0,0,1,single,False,
hotpotqa,5ab2c540554299545a2cfa6c,1bf572a479f5bde7,1,0,0,0,1,single,False,
hotpotqa,5ae0a2b855429945ae9593da,aed2edaa13b98035,1,0,0,0,1,single,False,
hotpotqa,5a7fe12a5542994857a7681a,e6a92139a584b40e,1,0,0,0,1,single,False,
hotpotqa,5ae4062a5542996836b02c1a,26e7d4b360118247,1,0,0,0,1,single,False,
hotpotqa,5ac3ae265542995ef918c1e4,4ee85c6a1e4d8c73,1,0,0,0,1,single,False,
hotpotqa,5ab3aded554299753aec598d,7b94dc770e629bb1,1,0,0,0,1,single,False,
hotpotqa,5a8516a35542992a431d1ad5,7a33a56ce1a734d0,1,0,0,0,1,single,False,
hotpotqa,5ae53f3055429908b63265a5,3ab42b79a962d33c,1,0,0,0,1,single,False,
hotpotqa,5ae717135542995703ce8bcd,aad5de3101fe9575,2,1,0,1,2,chain,False,
hotpotqa,5a7f35f05542992e7d278c8f,6b71ff13fd019c85,2,1,0,1,2,chain,False,
hotpotqa,5ae7f3535542994a481bbe4f,854a92410ecf82d2,1,0,0,0,1,single,False,
hotpotqa,5a81a9c15542990a1d231e56,1d88e5275dbd22a8,1,0,0,0,1,single,False,
hotpotqa,5a8e165955429917b4a5bd16,cc61e57d457fccce,1,0,0,0,1,single,False,
hotpotqa,5ac3c4be554299204fd21e46,1316eab09b27de65,1,0,0,0,1,single,False,
hotpotqa,5adfadfa55429942ec259aea,01c9618b1f0157fd,2,1,0,1,2,chain,False,
hotpotqa,5a7a41475542996a35c17167,17c4dda6de45451b,2,1,0,1,2,chain,False,
hotpotqa,5a88a2045542997e5c09a64f,da16fa03cd57d5ad,1,0,0,0,1,single,False,
hotpotqa,5ae0ff2255429920d523426a,c7c114c9c12ba882,1,0,0,0,1,single,False,
hotpotqa,5ae3b7375542992f92d8234f,0168de4be33574f2,1,0,0,0,1,single,False,
hotpotqa,5a730abb5542992359bc3211,b705d8fe52ffe860,2,1,0,1,2,chain,False,
hotpotqa,5a8472755542993344746132,6edc31ed37f62252,1,0,0,0,1,single,False,
hotpotqa,5a79b52155429970f5fffeb0,b235a039d7a2081d,1,0,0,0,1,single,False,
hotpotqa,5adeba465542992fa25da82e,ba84687f10108e99,1,0,0,0,1,single,False,
hotpotqa,5a7a40f15542994f819ef196,47363542825fa4e0,1,0,0,0,1,single,False,
hotpotqa,5a8e8ecb5542990e94052b54,cc087a1ba5475062,2,1,0,1,2,chain,False,
hotpotqa,5ab8563655429934fafe6d69,b906d7e1c56de464,1,0,0,0,1,single,False,
hotpotqa,5a7cfd85554299683c1c6400,1def322fbdab6ef3,1,0,0,0,1,single,False,
hotpotqa,5abe4ba15542991f6610612a,2630626f48b6074b,5,10,0,4,5,complex,True,
hotpotqa,5adc717f55429947ff173967,f0dc0dc60a89e628,1,0,0,0,1,single,False,
hotpotqa,5ab7f89e5542993667794079,761044c624e04866,1,0,0,0,1,single,False,
hotpotqa,5ab96387554299131ca42320,35036ef777de62aa,1,0,0,0,1,single,False,
hotpotqa,5a90b85155429916514e752f,7e11c779df9c850f,1,0,0,0,1,single,False,
hotpotqa,5a77854e5542995d8318118d,8255c2d22bdcf9ff,1,0,0,0,1,single,False,
hotpotqa,5ae07b9655429945ae959363,8b34104baae38113,1,0,0,0,1,single,False,
hotpotqa,5a8789215542996e4f308835,d4c9746fa97a0d37,1,0,0,0,1,single,False,
hotpotqa,5a8bc89e5542997f31a41dc5,5416d017a81f5e80,1,0,0,0,1,single,False,
hotpotqa,5a7d42d85542990b8f503968,16be75407a7920c6,1,0,0,0,1,single,False,
hotpotqa,5ac241385542996366519953,290e09faa8ee007f,1,0,0,0,1,single,False,
hotpotqa,5a8f09cd554299458435d537,6f5447a8be4f07cf,1,0,0,0,1,single,False,
hotpotqa,5adf25e95542992d7e9f92bc,22d1a9611b1c58ac,1,0,0,0,1,single,False,
hotpotqa,5a8b79be55429971feec471d,2fd9846a97d45267,1,0,0,0,1,single,False,
hotpotqa,5adc256f55429947ff1738fb,93633f1e1eb2a64e,1,0,0,0,1,single,False,
hotpotqa,5ae3f95f5542995dadf2427b,ce1aa6275de2e0bc,1,0,0,0,1,single,False,
hotpotqa,5abdb45855429965af743ded,a6493c26d14edb4f,1,0,0,0,1,single,False,
hotpotqa,5a8d103f554299585d9e37a5,1af9042e3fa07d28,1,0,0,0,1,single,False,
hotpotqa,5a84660e554299123d8c2234,0b853faf32b92c12,2,1,0,1,2,chain,False,
hotpotqa,5ab95c15554299131ca42300,8b3f0a1a24486d8c,1,0,0,0,1,single,False,
hotpotqa,5ab920e4554299753720f718,f67425eab298fe3e,2,1,0,1,2,chain,False,
hotpotqa,5adeea695542993344016bba,2ee45e44e922455a,1,0,0,0,1,single,False,
hotpotqa,5adf9da7554299025d62a2e5,af7a9f4cbb071a71,1,0,0,0,1,single,False,
hotpotqa,5ab470ed5542991751b4d773,8bdb486d46810899,2,1,0,1,2,chain,False,
hotpotqa,5a8753795542993e715abeed,e38dc36fc596644f,1,0,0,0,1,single,False,
hotpotqa,5a8c41225542996e8ac88a3a,cba95eeea7058c31,1,0,0,0,1,single,False,
hotpotqa,5a79e5765542994bb9457139,ae9496539c13e135,1,0,0,0,1,single,False,
hotpotqa,5ac2a1f455429967731025ca,d4ec3f8446d2c5e1,2,1,0,1,2,chain,False,
hotpotqa,5a89bfde5542992e4fca83b7,642d1788196518eb,1,0,0,0,1,single,False,
hotpotqa,5a8dbd20554299441c6ba07c,5f9ed41ee5ae0d04,1,0,0,0,1,single,False,
hotpotqa,5ab9336d554299753720f792,e6fb28be695f2306,1,0,0,0,1,single,False,
hotpotqa,5ae7f28c554299540e5a56d5,1003d8c17a7d9488,1,0,0,0,1,single,False,
hotpotqa,5a90503c5542995651fb512b,88386d510ba9e945,1,0,0,0,1,single,False,
hotpotqa,5a8f989b55429918e830d28b,3ba5f128e55a9340,3,2,0,2,3,chain,True,
hotpotqa,5ae22855554299234fd04406,11f39cffad4d9ee0,1,0,0,0,1,single,False,
hotpotqa,5ab2f5ab55429929539468d0,f0962549179395cd,1,0,0,0,1,single,False,
hotpotqa,5ac3b9b555429939154138ec,,0,0,0,-1,0,compile_failed,False,request failed for http://10.200.37.71:8801/v1/chat/completions: ReadTimeout
hotpotqa,5a7136105542994082a3e674,5b6973783f14d081,1,0,0,0,1,single,False,
hotpotqa,5ac3f05855429919431738d2,4530455f3c174bcf,1,0,0,0,1,single,False,
hotpotqa,5ab7e5e9554299366779403c,0c7081b2be7d8bb3,1,0,0,0,1,single,False,
hotpotqa,5ae2867e554299495565da98,59387b384ffd423f,1,0,0,0,1,single,False,
hotpotqa,5ac2a01e55429967731025c4,8f39cd075acb6694,1,0,0,0,1,single,False,
hotpotqa,5abbe26d554299642a094bae,8d77012d0ad476fb,1,0,0,0,1,single,False,
hotpotqa,5abed3bd5542990832d3a0d5,b6841c79589b9fc8,1,0,0,0,1,single,False,
hotpotqa,5ab3d8da55429976abd1bcb3,da87082a229ba62b,1,0,0,0,1,single,False,
hotpotqa,5ae5f9e95542996de7b71a99,48e8bbcf86d4d376,1,0,0,0,1,single,False,
hotpotqa,5a78d9ee55429974737f78d9,9cda35acdbafab53,1,0,0,0,1,single,False,
hotpotqa,5a8fe59055429916514e73df,748254c31546f53e,1,0,0,0,1,single,False,
hotpotqa,5a84e46e5542994c784dda7b,887972bf20bb812a,1,0,0,0,1,single,False,
hotpotqa,5abd36aa5542993062266c07,4d884ccacfd77640,1,0,0,0,1,single,False,
hotpotqa,5ab96f4e55429970cfb8eae9,2d16d24f06bf6014,1,0,0,0,1,single,False,
hotpotqa,5a7b85dd5542997c3ec971f0,d00335d90736e948,1,0,0,0,1,single,False,
hotpotqa,5ac41e4f5542995c82c4accb,c68f9c2446ac1f3b,2,1,0,1,2,chain,False,
hotpotqa,5ae7810955429952e35ea94c,f797a1d50e2644de,1,0,0,0,1,single,False,
hotpotqa,5a74852655429974ef308c18,7eb9c91dae9e25d8,2,1,0,1,2,chain,False,
hotpotqa,5a8f6fa055429918e830d225,aef5aead9fca5366,1,0,0,0,1,single,False,
hotpotqa,5adbe83355429944faac23b2,b018920e05f83a2d,1,0,0,0,1,single,False,
hotpotqa,5ae7417c5542991e8301cc44,15b1b46ab008153d,1,0,0,0,1,single,False,
hotpotqa,5a7a0dae5542990198eaf05e,ffb7ecd778590a53,1,0,0,0,1,single,False,
hotpotqa,5a883d335542994846c1ce54,d342497801ce4ad2,2,1,0,1,2,chain,False,
hotpotqa,5abce70f55429959677d6b33,cd6bf807c24cb7d2,1,0,0,0,1,single,False,
hotpotqa,5abe5a2d55429976d4830af7,df079db5fa16f774,1,0,0,0,1,single,False,
hotpotqa,5abe39a75542993f32c2a0a2,efa01156903d46c0,1,0,0,0,1,single,False,
hotpotqa,5a713d405542994082a3e6d3,ecdc4eddd4a5bfa4,1,0,0,0,1,single,False,
hotpotqa,5ab776d85542995dae37e92c,493cd592af688e5c,1,0,0,0,1,single,False,
hotpotqa,5abdc87455429965af743e3d,625b5f6101fdd24c,1,0,0,0,1,single,False,
hotpotqa,5a8531b45542997b5ce3ffbc,ba4ee61fc85d6462,1,0,0,0,1,single,False,
hotpotqa,5ae063735542993d6555eb3b,3f0d1648b8e7db59,1,0,0,0,1,single,False,
hotpotqa,5ac2c6f3554299657fa29047,a9ef6c1be94b3379,1,0,0,0,1,single,False,
hotpotqa,5a870e3c55429960ec39b716,eaa121d2044d6e1a,1,0,0,0,1,single,False,
hotpotqa,5ab4f3a05542991779162d28,4a67f4646d6cd715,2,1,0,1,2,chain,False,
hotpotqa,5a7bcdad5542997c3ec9728c,2f1ccccf188af22e,1,0,0,0,1,single,False,
hotpotqa,5a8393545542992ef85e2314,aca67dfecd412adb,1,0,0,0,1,single,False,
hotpotqa,5adfeaf255429942ec259b87,52a680777d5fb2e3,1,0,0,0,1,single,False,
hotpotqa,5a7f45d55542992e7d278cdb,ae704ef47872c995,1,0,0,0,1,single,False,
hotpotqa,5a85cc545542991dd0999e9c,cf940e741fe2b664,1,0,0,0,1,single,False,
hotpotqa,5a7ba8665542995eb53be982,28ce454e4c0ee6b3,1,0,0,0,1,single,False,
hotpotqa,5a7b78e55542997c3ec971aa,a79f4a550e612624,1,0,0,0,1,single,False,
hotpotqa,5ade7f2255429975fa854ede,bc8cb95733bf1fff,1,0,0,0,1,single,False,
hotpotqa,5ac02fdb5542996f0d89cb51,fdc57a646cea9fc3,1,0,0,0,1,single,False,
hotpotqa,5adcfa3e55429947343537eb,96ab4b7130d2b285,1,0,0,0,1,single,False,
hotpotqa,5ade241c55429939a52fe83c,3277e9fb3a75fd78,1,0,0,0,1,single,False,
hotpotqa,5a8e257355429917b4a5bd54,f43d845d5491db0b,1,0,0,0,1,single,False,
hotpotqa,5ae1ad28554299234fd042bf,71fda62105bede32,2,1,0,1,2,chain,False,
hotpotqa,5a7f5acc5542995d8a8dde44,ee362c825c969840,1,0,0,0,1,single,False,
hotpotqa,5ae48e025542995ad6573d7d,0111a2d77f02232c,1,0,0,0,1,single,False,
hotpotqa,5a78e6a255429970f5fffdc2,aebdd46d894e0a33,1,0,0,0,1,single,False,
hotpotqa,5ae7859a5542994a481bbd49,2fe66f44ba548cf3,1,0,0,0,1,single,False,
hotpotqa,5a713d305542994082a3e6d2,19e553278c769827,1,0,0,0,1,single,False,
hotpotqa,5adde81a5542997545bbbdcb,a1b7e2dd6fdf4863,1,0,0,0,1,single,False,
hotpotqa,5ab680425542995eadef000e,948efddf7459f207,1,0,0,0,1,single,False,
hotpotqa,5adef6c25542993a75d263c1,18941c8f9255440f,1,0,0,0,1,single,False,
hotpotqa,5ab2d8dd5542991669774109,bb3a851cfdcf694e,1,0,0,0,1,single,False,
hotpotqa,5ae6406855429929b0807b04,87bc9b81448c6978,1,0,0,0,1,single,False,
hotpotqa,5a721fa655429971e9dc92a0,209090948146123d,1,0,0,0,1,single,False,
hotpotqa,5a875ae95542994846c1cd72,59d289fb60bcd14e,1,0,0,0,1,single,False,
hotpotqa,5ade7aeb5542992fa25da78e,520ade0bb2e1333e,1,0,0,0,1,single,False,
hotpotqa,5ae15c5b554299422ee9966c,aed994939b6c1525,1,0,0,0,1,single,False,
hotpotqa,5ae10f9755429901ffe4ad3b,ec1c5bede3665e20,1,0,0,0,1,single,False,
hotpotqa,5ac31db6554299741d48a210,d36af9e0ac6dbfbf,2,1,0,1,2,chain,False,
hotpotqa,5a72f51e5542992359bc31e9,f03b6d28c81484cc,2,1,0,1,2,chain,False,
hotpotqa,5a8cc8fc554299441c6b9efe,664528d9cb4c75e9,1,0,0,0,1,single,False,
hotpotqa,5adf15895542995ec70e8f65,584fd75448bd4cdc,2,1,0,1,2,chain,False,
hotpotqa,5a8c9857554299585d9e36fd,7cb2a521e269ea58,1,0,0,0,1,single,False,
hotpotqa,5a7a7b0155429941d65f266f,d8c3048083d50638,1,0,0,0,1,single,False,
hotpotqa,5a7629ca554299109176e690,28225ced25fa0e34,4,4,0,3,4,complex,True,
hotpotqa,5addd71c5542990dbb2f7eae,43290beb32953442,1,0,0,0,1,single,False,
hotpotqa,5abac8da554299232ef4a392,2764a40ff26b0634,1,0,0,0,1,single,False,
hotpotqa,5a8733d05542996432c57237,f3c758b3663eb121,1,0,0,0,1,single,False,
hotpotqa,5addca685542997dc790702c,e0d0c014e002f369,1,0,0,0,1,single,False,
hotpotqa,5a79121b55429970f5fffe4b,29f78cdecd0c8493,1,0,0,0,1,single,False,
hotpotqa,5ae3d59b5542991a06ce9a29,852387bc1db3e418,1,0,0,0,1,single,False,
hotpotqa,5ae601e1554299546bf83013,7ea174efd59efe13,1,0,0,0,1,single,False,
hotpotqa,5a7bbff255429927d897c02c,7caafbfbb5172734,3,3,0,2,3,complex,True,
hotpotqa,5ab3b9925542992ade7c6e5f,fd495a99834ead84,1,0,0,0,1,single,False,
hotpotqa,5ae021dc554299025d62a423,8762aa3c5914161e,1,0,0,0,1,single,False,
hotpotqa,5a889b3555429938390d3f94,32ab1daf0afada9a,1,0,0,0,1,single,False,
hotpotqa,5a881a3855429938390d3eda,,0,0,0,-1,0,compile_failed,False,request failed for http://10.200.37.71:8801/v1/chat/completions: ReadTimeout
hotpotqa,5a8d4ec855429941ae14df9d,b73ffed56f82091a,1,0,0,0,1,single,False,
hotpotqa,5ae17c8355429901ffe4aea1,bce0e6b709667c25,2,1,0,1,2,chain,False,
hotpotqa,5a8bacb65542996e8ac889a8,a0cc186c4d347512,2,1,0,1,2,chain,False,
hotpotqa,5a75db5c5542992db94736ff,ef2649ebf86f43d3,1,0,0,0,1,single,False,
hotpotqa,5ac49e505542996feb3fe918,0bc6d644217ee7f4,1,0,0,0,1,single,False,
hotpotqa,5a83a3885542993344746067,9470b3f26449ceab,1,0,0,0,1,single,False,
hotpotqa,5a89328e554299669944a4fb,0a0ce323b38f5185,1,0,0,0,1,single,False,
hotpotqa,5a726f4d5542997f827839c9,a8206fd5b121a204,1,0,0,0,1,single,False,
hotpotqa,5ab1f5ca554299449642c82a,9b1df1a727686ffa,2,1,0,1,2,chain,False,
hotpotqa,5ade723c55429939a52fe8c2,3bbf26c9e036ea7d,1,0,0,0,1,single,False,
hotpotqa,5ae8269155429952e35eaa60,1be187ff5d64ea38,3,2,0,2,3,chain,True,
hotpotqa,5a74c9ba55429974ef308c64,861197db14a43c95,2,1,0,1,2,chain,False,
hotpotqa,5a89a7195542993b751ca96e,36fab7167b92087b,2,1,0,1,2,chain,False,
hotpotqa,5a7fbd185542995d8a8ddf0a,fbd91ed8a6214b7c,1,0,0,0,1,single,False,
hotpotqa,5a8e97b25542990e94052b65,d0e8ee46bc642fb7,2,1,0,1,2,chain,False,
hotpotqa,5abff1d05542997d6429595c,9c5a96f218ea546c,1,0,0,0,1,single,False,
hotpotqa,5a7a582a5542990783324f1e,146915cc15f7e4cb,1,0,0,0,1,single,False,
hotpotqa,5ab931215542996be202043b,f14f83ac6931d18c,1,0,0,0,1,single,False,
hotpotqa,5a74949e55429974ef308c27,4a393e3e776c4cd9,1,0,0,0,1,single,False,
hotpotqa,5a90576355429916514e747a,d12140a31db37523,2,1,0,1,2,chain,False,
hotpotqa,5ac562575542993e66e823c4,94f77f954e1f95b4,1,0,0,0,1,single,False,
hotpotqa,5ae64b2755429908198fa579,0975868518b1c620,1,0,0,0,1,single,False,
hotpotqa,5a7fcfeb5542992e7d278dad,a3f69e3d08088859,1,0,0,0,1,single,False,
hotpotqa,5adf4e745542993a75d264b4,fc2625c8e95c275b,2,1,0,1,2,chain,False,
hotpotqa,5abd152455429924427fceed,3874a6f593fa4bae,1,0,0,0,1,single,False,
hotpotqa,5ac0db1b5542992a796ded9e,419e0dc9c7adb931,1,0,0,0,1,single,False,
hotpotqa,5a8487dd5542992a431d1a45,61702409fcdd6792,1,0,0,0,1,single,False,
hotpotqa,5a8095155542996402f6a578,d3c7fc7eb0427b2a,1,0,0,0,1,single,False,
hotpotqa,5aba0f095542994dbf0198a1,5fe82e2096d2401c,1,0,0,0,1,single,False,
hotpotqa,5a8f0f985542997ba9cb31b0,4a4f0892ba08f078,1,0,0,0,1,single,False,
hotpotqa,5ae3f0f35542995ad6573cb5,247d094e4d9b22d9,1,0,0,0,1,single,False,
hotpotqa,5ab3e08d554299753aec59df,f831c757e9c3aa24,1,0,0,0,1,single,False,
hotpotqa,5ae647a65542992ae0d162b1,b923c9df29fb58dc,1,0,0,0,1,single,False,
hotpotqa,5a7dd7a05542997cc2c474a9,cc65da09d9038320,1,0,0,0,1,single,False,
hotpotqa,5add53925542990dbb2f7e2d,8904b1b5b2485d7b,1,0,0,0,1,single,False,
hotpotqa,5a7bfb225542996dd594b87b,f8bbe0c1e9eb0035,2,1,0,1,2,chain,False,
hotpotqa,5a7a030b5542990198eaf041,c0a219ad0191ed70,1,0,0,0,1,single,False,
hotpotqa,5ab8864a55429934fafe6e0e,a00888c7f5167ff0,1,0,0,0,1,single,False,
hotpotqa,5a888bf25542997e5c09a60d,8eb9e7b95bab8ddb,1,0,0,0,1,single,False,
hotpotqa,5add12085542992ae4cec44d,29d292408d494f32,1,0,0,0,1,single,False,
hotpotqa,5a87f6725542994846c1ce05,b1966e7e0fa70172,4,4,0,3,4,complex,True,
hotpotqa,5a7c963155429935c91b5245,bc6ec138dfe8ce19,1,0,0,0,1,single,False,
hotpotqa,5abdb87d5542993f32c2a014,ceb8b42d9ad301f7,1,0,0,0,1,single,False,
hotpotqa,5a903b355542990a984935ad,8d038941477c60a7,2,1,0,1,2,chain,False,
hotpotqa,5a7e4b0d554299495941998d,4664043b933b7235,1,0,0,0,1,single,False,
hotpotqa,5ae35c225542992e3233c3b9,8db2ead1ddbb3d3d,1,0,0,0,1,single,False,
hotpotqa,5ae5017855429913cc20456e,66c94a88aabb81fe,2,1,0,1,2,chain,False,
hotpotqa,5ac064495542992a796ded16,03e422dc92edb8a7,1,0,0,0,1,single,False,
hotpotqa,5ac1dffa5542996366519929,c18b3855acbd9546,1,0,0,0,1,single,False,
hotpotqa,5ab565af554299494045ef9d,2cbfb6afd53ea65f,1,0,0,0,1,single,False,
hotpotqa,5a8f950a55429918e830d27e,7f2603aa1596eeac,1,0,0,0,1,single,False,
hotpotqa,5a75dfc455429976ec32bc59,09120c704356eedb,2,1,0,1,2,chain,False,
hotpotqa,5ab615a5554299488d4d9aa2,dad0cfea005f6957,1,0,0,0,1,single,False,
hotpotqa,5a7c5b1455429907fabeef67,ba7cce3e688034e2,1,0,0,0,1,single,False,
hotpotqa,5a870cc6554299211dda2bb9,ec7d4d38487eefa5,1,0,0,0,1,single,False,
hotpotqa,5abddf855542991f66106087,aadbe2a16b6a81d3,1,0,0,0,1,single,False,
hotpotqa,5a790e59554299078472779d,ddfe38ea814c2342,1,0,0,0,1,single,False,
hotpotqa,5ae38d3f5542991a06ce99e7,cf800212d32ef330,1,0,0,0,1,single,False,
hotpotqa,5ae6c2a555429908198fa6b3,979584f90530937f,1,0,0,0,1,single,False,
hotpotqa,5ae16f7a55429920d52343d4,f47824fab090b833,1,0,0,0,1,single,False,
hotpotqa,5a85c0c15542992a431d1b8e,1ce3583a90779400,1,0,0,0,1,single,False,
hotpotqa,5ab7f2575542995dae37ea02,8215cc43a2fd7884,1,0,0,0,1,single,False,
hotpotqa,5a7f3f6555429930675136d9,ae6086aff73c5282,1,0,0,0,1,single,False,
hotpotqa,5ab57c30554299488d4d99b0,f1b9a6c98bbcdae5,1,0,0,0,1,single,False,
hotpotqa,5a84b4695542991dd0999d9c,3e68ad1363ef2971,1,0,0,0,1,single,False,
hotpotqa,5ac131de55429964131be172,24c953e1a2d195d3,1,0,0,0,1,single,False,
hotpotqa,5a7e9e735542994959419a32,6532383fe5ba1d18,1,0,0,0,1,single,False,
hotpotqa,5a8fbb3e55429918e830d2c1,2b9db08cfa37d9c8,1,0,0,0,1,single,False,
hotpotqa,5a830d8c5542995ce29dcd1d,db9923dfc209405f,1,0,0,0,1,single,False,
hotpotqa,5ab553fd554299488d4d9937,bf59cdfd64dc5112,1,0,0,0,1,single,False,
hotpotqa,5a88b0c25542993e715ac068,e77ce41bbf2fbf84,1,0,0,0,1,single,False,
hotpotqa,5a80a1575542995d8a8ddfb6,bd11fc2bcca7d9d3,1,0,0,0,1,single,False,
hotpotqa,5ae537b25542992663a4f176,393b63baf5e980ad,1,0,0,0,1,single,False,
hotpotqa,5ae24230554299492dc91bf2,38c4350cdcf1e632,2,1,0,1,2,chain,False,
hotpotqa,5aba4cb05542994dbf0198cd,d95ba5c424108bf9,1,0,0,0,1,single,False,
hotpotqa,5ae1ff6d5542997f29b3c1ef,79c6fce249b37182,1,0,0,0,1,single,False,
hotpotqa,5a83484855429966c78a6b6d,3ef88d8bc5dff342,1,0,0,0,1,single,False,
hotpotqa,5ae537005542992663a4f171,4926cc812544b965,1,0,0,0,1,single,False,
hotpotqa,5abaf2645542996cc5e49f2a,8f6c04b2ee124673,2,1,0,1,2,chain,False,
hotpotqa,5adca24d5542994ed6169bb5,672a276c3ccf7231,1,0,0,0,1,single,False,
hotpotqa,5add5f835542992ae4cec52f,b8da79de8fad99ca,2,1,0,1,2,chain,False,
hotpotqa,5a83eeb955429933447460ba,786a569a5256ff90,2,1,0,1,2,chain,False,
hotpotqa,5ae741dc5542997b22f6a64a,c4f337477662c3aa,1,0,0,0,1,single,False,
hotpotqa,5ae554db55429908b63265e0,68fd30f291ccc168,1,0,0,0,1,single,False,
hotpotqa,5ac23ea955429951e9e684ce,ec466b713f0a251d,1,0,0,0,1,single,False,
hotpotqa,5a7281285542991f9a20c4a5,bd6cba33d6a12654,1,0,0,0,1,single,False,
hotpotqa,5ab964f3554299131ca42323,9ae2112cf715f622,1,0,0,0,1,single,False,
hotpotqa,5a803adc5542996402f6a48c,15a2f73bd8690697,1,0,0,0,1,single,False,
hotpotqa,5abbdd75554299642a094b74,c24b8220277e10ce,1,0,0,0,1,single,False,
hotpotqa,5a8970cc55429946c8d6e91e,ee197c798bd842fd,1,0,0,0,1,single,False,
hotpotqa,5a790d545542990784727799,7e032ca20dee1189,1,0,0,0,1,single,False,
hotpotqa,5a83c0a1554299123d8c21a4,2d7817384b776d8d,2,1,0,1,2,chain,False,
hotpotqa,5a8a52b15542996c9b8d5eb4,1740ebcadbdba789,1,0,0,0,1,single,False,
hotpotqa,5a836b2c5542996488c2e448,8da65e028e7918c0,1,0,0,0,1,single,False,
hotpotqa,5ac2ee675542990b17b154be,9250d74899032111,1,0,0,0,1,single,False,
hotpotqa,5ab8e1a255429919ba4e2377,57cba7d2ef96796d,1,0,0,0,1,single,False,
hotpotqa,5abbf853554299114383a0be,2db6fb68ffa2fcbf,1,0,0,0,1,single,False,
hotpotqa,5ae1b4695542997283cd2250,1a10b9d97797f7e6,1,0,0,0,1,single,False,
hotpotqa,5abfa3825542997ec76fd411,786b65abf16259cd,2,1,0,1,2,chain,False,
hotpotqa,5a7515dc55429916b016424e,9beae61b24d303be,1,0,0,0,1,single,False,
hotpotqa,5ac29e3c554299218029dac8,bcdddf1fe022c995,1,0,0,0,1,single,False,
hotpotqa,5a8fbc8f55429918e830d2c4,ceee514499cd5005,2,1,0,1,2,chain,False,
hotpotqa,5abfe96f5542997d64295939,1c0bb86102a4c944,1,0,0,0,1,single,False,
hotpotqa,5ac168ce5542994ab5c67d15,3cd816d574aa3c39,1,0,0,0,1,single,False,
hotpotqa,5a7a17225542996a35c170c9,801072d152fd4dc7,1,0,0,0,1,single,False,
hotpotqa,5a83bd01554299334474607e,99492f1ac58e775d,1,0,0,0,1,single,False,
hotpotqa,5add31225542995b365faaa6,13b705fdd201b1b2,1,0,0,0,1,single,False,
hotpotqa,5a81f3d55542990a1d231ef0,b43beb01c493fc79,1,0,0,0,1,single,False,
hotpotqa,5abecc315542997719eab5c7,d7648e90890b4b25,1,0,0,0,1,single,False,
hotpotqa,5a77f2ba5542992a6e59e016,9ca91d9f1af5e58f,1,0,0,0,1,single,False,
hotpotqa,5ac1324355429964131be177,07d08a66a8299db9,1,0,0,0,1,single,False,
hotpotqa,5a816d4555429938b614233c,dd09e4ed25e6d93e,1,0,0,0,1,single,False,
hotpotqa,5ac224125542992f1f2b3812,82c8b3e409731eea,1,0,0,0,1,single,False,
hotpotqa,5abbef6055429931dba145da,0b481ba032cbf25f,1,0,0,0,1,single,False,
hotpotqa,5a87796d5542993e715abf5b,cbc6e1bf671f6c53,1,0,0,0,1,single,False,
hotpotqa,5ab80fb85542991d32223828,79b8c1d9350ec2fb,1,0,0,0,1,single,False,
hotpotqa,5a8a34ea5542996c9b8d5e4d,27110e394b68aa51,2,1,0,1,2,chain,False,
hotpotqa,5a84a35e5542991dd0999d53,ac8e687ff539908a,2,1,0,1,2,chain,False,
hotpotqa,5a78b1ca554299148911f93a,6ac3ad48c82074d1,1,0,0,0,1,single,False,
hotpotqa,5adde9725542992200553b9e,0f34b0c3ca03476c,1,0,0,0,1,single,False,
hotpotqa,5ab3b027554299753aec599f,29e563e335c81038,1,0,0,0,1,single,False,
hotpotqa,5ae360515542990afbd1e124,35b8feccc85f9b0d,2,1,0,1,2,chain,False,
hotpotqa,5a8b53b75542997f31a41cdb,7825b44ad9cd1029,1,0,0,0,1,single,False,
hotpotqa,5adc449455429944faac24a7,7966b2e894119795,1,0,0,0,1,single,False,
hotpotqa,5a8f5aea554299458435d5e1,ca8ae9512da01364,1,0,0,0,1,single,False,
hotpotqa,5ae539a055429908b6326587,716810f0a4d1161d,1,0,0,0,1,single,False,
hotpotqa,5a839739554299334474604e,d57a4ad9cadd1753,1,0,0,0,1,single,False,
hotpotqa,5a83d9205542993344746094,156f80ce973072ad,1,0,0,0,1,single,False,
hotpotqa,5a730add5542991f29ee2cfa,ce83d60008eaa481,2,1,0,1,2,chain,False,
hotpotqa,5a8b2d2455429971feec4666,3cfc603041da63cf,2,1,0,1,2,chain,False,
hotpotqa,5abeb68d5542994516f453f9,e8a9b9a25ea76bce,2,1,0,1,2,chain,False,
hotpotqa,5a8cbe15554299653c1aa107,8bb09a030fa71bc8,1,0,0,0,1,single,False,
hotpotqa,5ab29772554299449642c917,c77f2d19088fc520,1,0,0,0,1,single,False,
hotpotqa,5ab2da51554299545a2cfacb,9f105b5810b82358,1,0,0,0,1,single,False,
hotpotqa,5a90872655429916514e74ea,7b71c40b402f3691,1,0,0,0,1,single,False,
hotpotqa,5ab2f273554299545a2cfae0,f2c42aa1c0db7e60,2,1,0,1,2,chain,False,
hotpotqa,5abe71c155429965af743f0a,d406c7a7c7136293,1,0,0,0,1,single,False,
hotpotqa,5a77d2ef55429949eeb29f6f,326fe8966a0f7139,4,4,0,3,4,complex,True,
hotpotqa,5a7cc4a4554299452d57ba37,a425173e84534386,1,0,0,0,1,single,False,
hotpotqa,5a829c2355429954d2e2eb7b,5c659e54e1b1432a,2,1,0,1,2,chain,False,
hotpotqa,5ade52a6554299728e26c6c7,d7e20cc5b1109875,1,0,0,0,1,single,False,
hotpotqa,5a8c3f3a554299240d9c20e1,b031260608bbfc57,1,0,0,0,1,single,False,
hotpotqa,5a81189155429903bc27b924,d514d509b61e1929,1,0,0,0,1,single,False,
hotpotqa,5ae2a2bb554299495565daf7,577ecd481944045d,1,0,0,0,1,single,False,
hotpotqa,5ab6106f554299110f2199d5,1ba3ddb43e04be27,1,0,0,0,1,single,False,
hotpotqa,5a7e1cdf55429965cec5ea77,b7c6b4270a825830,1,0,0,0,1,single,False,
hotpotqa,5ab876ab55429934fafe6dda,35d0420d84a789ce,1,0,0,0,1,single,False,
hotpotqa,5ae545da5542992663a4f1b3,2f960bcb87e7673f,1,0,0,0,1,single,False,
hotpotqa,5a8a5e865542996c9b8d5ec9,96bd44c66abfcf75,1,0,0,0,1,single,False,
hotpotqa,5ae48db555429970de88d9aa,1e417051f1af23d4,1,0,0,0,1,single,False,
hotpotqa,5a85e02a5542994775f60675,19c319e0154cb754,1,0,0,0,1,single,False,
hotpotqa,5aba5855554299232ef4a297,0a1f00a9d768ae7b,1,0,0,0,1,single,False,
hotpotqa,5a8d0269554299441c6b9fb4,0c3b8c8149c49eb0,1,0,0,0,1,single,False,
hotpotqa,5ab51d205542990594ba9d0e,6c51b5101a32032f,1,0,0,0,1,single,False,
hotpotqa,5a88eafb55429938390d3ff5,36ca3f703a668c01,1,0,0,0,1,single,False,
hotpotqa,5ac11a555542997d64295a7c,45f0e95946ceadad,1,0,0,0,1,single,False,
hotpotqa,5add4d175542995b365fab03,9ca7fa49e475498a,1,0,0,0,1,single,False,
hotpotqa,5ac171135542994d76dcce21,45069a6b0aadd7cf,2,1,0,1,2,chain,False,
hotpotqa,5ae201545542997283cd2323,da1b50cd876d6733,1,0,0,0,1,single,False,
hotpotqa,5a79e6bb5542990198eaefef,63b85509e3bba4d0,1,0,0,0,1,single,False,
hotpotqa,5ae5decd55429929b08079de,b32ee45e5de31d52,1,0,0,0,1,single,False,
hotpotqa,5a7c148a5542997c3ec972de,b15d1a207eb665d6,1,0,0,0,1,single,False,
hotpotqa,5adf9c895542995534e8c812,f38767b03866a5de,2,1,0,1,2,chain,False,
hotpotqa,5a7e90fa5542994959419a0a,a4c8ee8b1d506c60,1,0,0,0,1,single,False,
hotpotqa,5add4d265542990dbb2f7e1d,32891c8cf4dfb881,1,0,0,0,1,single,False,
hotpotqa,5a77cd6f55429967ab1052ac,863ea33d24556978,1,0,0,0,1,single,False,
hotpotqa,5abfdc825542997719eab6ee,cf68b9b15a3d38ba,1,0,0,0,1,single,False,
hotpotqa,5ae0e7145542997b2ef7d060,ea10dd46ee707712,1,0,0,0,1,single,False,
hotpotqa,5ae0ffc2554299422ee995b1,36a1f568c76e92e1,2,1,0,1,2,chain,False,
hotpotqa,5a8474e15542992ef85e2406,49100a832331c737,1,0,0,0,1,single,False,
hotpotqa,5a7d3bef5542995ed0d16642,45eb7933e381d8d3,2,1,0,1,2,chain,False,
hotpotqa,5ab33e2455429969a97a810b,d5adae8a20e7769a,2,1,0,1,2,chain,False,
hotpotqa,5a90454855429933b8a204bb,aec18dcd8be1f7db,1,0,0,0,1,single,False,
hotpotqa,5ae2d0a75542991a06ce98dd,2c0b31a052540821,1,0,0,0,1,single,False,
hotpotqa,5ae8286b5542997ec2727735,502b5465d7b3adb4,1,0,0,0,1,single,False,
hotpotqa,5abafa4c5542996cc5e49f46,7d515341f563118c,2,1,0,1,2,chain,False,
hotpotqa,5a8aa4ad5542996c9b8d5f4a,f3819c8556b40536,1,0,0,0,1,single,False,
hotpotqa,5ade99f8554299728e26c75f,c0a00d0b465b29c3,3,2,0,2,3,chain,True,
hotpotqa,5ae40c6f5542995dadf242e8,3b22a61b382bfa58,1,0,0,0,1,single,False,
hotpotqa,5ab702615542991d32223741,21ef60a874c64a07,1,0,0,0,1,single,False,
hotpotqa,5a7b69f75542997c3ec97157,94a810103c48aa1a,1,0,0,0,1,single,False,
hotpotqa,5ac437f35542995c82c4acf5,7d1266a7aecd52bc,2,1,0,1,2,chain,False,
hotpotqa,5a85e3c75542994c784ddbac,0b4d3c5a93727b04,1,0,0,0,1,single,False,
hotpotqa,5adf73a55542992d7e9f9379,0d54ad647fc1e63e,1,0,0,0,1,single,False,
hotpotqa,5adce85a5542992c1e3a2499,f8a96c7ef90ebbaf,1,0,0,0,1,single,False,
hotpotqa,5ab56a9e554299494045efba,ed231353db35ff9f,1,0,0,0,1,single,False,
hotpotqa,5ae36b0b5542992e3233c3f1,d33f68d0ab2865f7,1,0,0,0,1,single,False,
hotpotqa,5ae012ea554299025d62a3e2,2a1880bb5cbe448e,1,0,0,0,1,single,False,
hotpotqa,5ab579bb5542992aa134a329,59d24a09f4a9fafc,1,0,0,0,1,single,False,
hotpotqa,5a7cc6025542990527d55526,cff78f906fb82b42,1,0,0,0,1,single,False,
hotpotqa,5a89e986554299669944a60c,314d41f88b62957c,1,0,0,0,1,single,False,
hotpotqa,5a77c7d95542997042120b33,ec72a92b7c4f2232,1,0,0,0,1,single,False,
hotpotqa,5a74bff55542996c70cfadd0,6d9f92089a45871e,2,1,0,1,2,chain,False,
hotpotqa,5a7e62d55542991319bc9484,ccb692074913fe96,1,0,0,0,1,single,False,
hotpotqa,5adfbe44554299025d62a342,2235ab6452b89ce8,1,0,0,0,1,single,False,
hotpotqa,5ae1241c5542997b2ef7d0fd,17aaa266fb0c46dc,1,0,0,0,1,single,False,
hotpotqa,5a8cf940554299441c6b9f91,a5b72ddeac3a619c,1,0,0,0,1,single,False,
hotpotqa,5ae7e8965542994a481bbe01,9b0aeb757faf7bdc,1,0,0,0,1,single,False,
hotpotqa,5ac4114e554299204fd21eef,3fe47937f2418d96,1,0,0,0,1,single,False,
hotpotqa,5a7627d3554299109176e681,a13bd2b83fd9777a,1,0,0,0,1,single,False,
hotpotqa,5ae05d535542993d6555eb0b,17be8e57bb4a0daf,1,0,0,0,1,single,False,
hotpotqa,5ab73fbe5542992aa3b8c7f7,e80f0d1d6604b0f3,1,0,0,0,1,single,False,
hotpotqa,5ae20d4e5542997283cd237c,,0,0,0,-1,0,compile_failed,False,request failed for http://10.200.37.71:8801/v1/chat/completions: ReadTimeout
hotpotqa,5adfec4755429925eb1afb34,50ac68ea83f3b052,1,0,0,0,1,single,False,
hotpotqa,5a8950b65542993b751ca926,f3f9d90bcc30b65a,1,0,0,0,1,single,False,
hotpotqa,5a7ca33255429907fabeefdb,658e31e9eaa83c9a,1,0,0,0,1,single,False,
hotpotqa,5a7e49905542994959419986,cffaade66820e6db,1,0,0,0,1,single,False,
hotpotqa,5abeba535542994516f45405,0c5e47b120e84dbb,1,0,0,0,1,single,False,
hotpotqa,5a77e6985542995d83181329,841423db1d4b0236,1,0,0,0,1,single,False,
hotpotqa,5ab9619c55429970cfb8eaa1,36e6d7bc14961e9d,1,0,0,0,1,single,False,
hotpotqa,5a8aec515542992d82986fcc,c07db51c42a57f73,1,0,0,0,1,single,False,
hotpotqa,5a7a58e65542990198eaf11f,8fbde22e92637a7d,2,1,0,1,2,chain,False,
hotpotqa,5ab7f9085542990e739ec7aa,722640da0c6f855d,1,0,0,0,1,single,False,
hotpotqa,5abeb9935542994516f45403,c963063107ad7433,1,0,0,0,1,single,False,
hotpotqa,5abfd85b5542997d642958f0,8357ab01aa8a1526,1,0,0,0,1,single,False,
hotpotqa,5a8aca755542992d82986f80,d3ca4d4aca735614,1,0,0,0,1,single,False,
hotpotqa,5a828e2455429940e5e1a8f5,769adaa540ac4c40,1,0,0,0,1,single,False,
hotpotqa,5a8b2cb055429950cd6afc5f,d0c9554cfbe17ed7,1,0,0,0,1,single,False,
hotpotqa,5a8d55e655429941ae14dfa9,f6801e4b055134ca,1,0,0,0,1,single,False,
hotpotqa,5ae533b45542990ba0bbb213,2643c239a726a79c,1,0,0,0,1,single,False,
hotpotqa,5a80c80655429938b61421db,b531aff2cf9f18cf,2,1,0,1,2,chain,False,
hotpotqa,5ab9b2a455429970cfb8eb73,a31d09b98fd1310f,1,0,0,0,1,single,False,
hotpotqa,5a81833655429926c1cdad2f,aa673345039d77f3,1,0,0,0,1,single,False,
hotpotqa,5ae5ab2f554299546bf82f16,b7d248575eb73e49,4,4,0,3,4,complex,True,
hotpotqa,5ae6035b5542996de7b71af2,7757828b98d1d81d,1,0,0,0,1,single,False,
hotpotqa,5ade8a2a55429975fa854ef9,6233e34b92f0b310,1,0,0,0,1,single,False,
hotpotqa,5a9093325542995651fb5195,b924a9654f703666,2,1,0,1,2,chain,False,
hotpotqa,5a7523e55542993748c897ca,32989095c17e9365,1,0,0,0,1,single,False,
hotpotqa,5ae6cad15542991bbc976176,256663036d8b4af4,2,1,0,1,2,chain,False,
hotpotqa,5ae3a6185542994393b9e732,68126ce6ff00944f,1,0,0,0,1,single,False,
hotpotqa,5ae5cfe055429929b08079b1,409acd4be3fc2269,1,0,0,0,1,single,False,
hotpotqa,5a8a0d2255429970aeb7023f,1da57a6e6037f0fb,1,0,0,0,1,single,False,
hotpotqa,5a77841e55429949eeb29eb7,82794b7164c02d90,1,0,0,0,1,single,False,
hotpotqa,5ac240d25542996366519951,e52fb2e62aec4c44,1,0,0,0,1,single,False,
hotpotqa,5abc6c295542993a06baf8e6,7032baf0a6eb2c1f,1,0,0,0,1,single,False,
hotpotqa,5aba7cd1554299232ef4a2fb,5bd56ac8babfbbef,1,0,0,0,1,single,False,
hotpotqa,5ac31984554299741d48a1dd,2af9771938e2a132,1,0,0,0,1,single,False,
hotpotqa,5a85b48e5542994c784ddb53,cac81f2815c3ed3a,1,0,0,0,1,single,False,
hotpotqa,5a78b2b655429974737f7846,b582c5feb9563d47,1,0,0,0,1,single,False,
hotpotqa,5a72eb4e5542992359bc31d4,f09a7313081b6dd3,1,0,0,0,1,single,False,
hotpotqa,5a82015d554299676cceb1d1,822c74e058656fcd,2,1,0,1,2,chain,False,
hotpotqa,5ab9aee55542996be2020588,4b7b75a2344df937,1,0,0,0,1,single,False,
hotpotqa,5ab58be6554299494045f008,e860294068e25c3d,1,0,0,0,1,single,False,
hotpotqa,5ae538195542992663a4f17b,fed3ff03987b3b97,1,0,0,0,1,single,False,
hotpotqa,5ab926f7554299131ca42286,b5dba9498c6c7d61,1,0,0,0,1,single,False,
hotpotqa,5a7e73a855429934daa2fc21,bb12c3e0313192f2,1,0,0,0,1,single,False,
hotpotqa,5ab56545554299494045ef96,d174833e54dc9440,1,0,0,0,1,single,False,
hotpotqa,5ac151525542994ab5c67ce4,9e1df3b110fa43c9,2,1,0,1,2,chain,False,
hotpotqa,5ac55c865542993e66e8234d,8ec19dabfff6868a,2,1,0,1,2,chain,False,
hotpotqa,5abc655955429959677d6aa3,f9034afb5be689b1,1,0,0,0,1,single,False,
hotpotqa,5adce8c15542992c1e3a249d,62720c3cd8526ed3,1,0,0,0,1,single,False,
hotpotqa,5a8a25265542996c9b8d5e13,67bc0a2810fa2a5c,1,0,0,0,1,single,False,
hotpotqa,5a8a590a55429970aeb702a0,fa8b74b22eda3d0a,1,0,0,0,1,single,False,
hotpotqa,5ae6806c5542996d980e7ba2,9cc6d1079e0c542c,5,4,0,4,5,chain,True,
hotpotqa,5a88d07255429946c8d6e8b6,8eb7910221d80aa9,1,0,0,0,1,single,False,
hotpotqa,5abfa09c5542997ec76fd40b,dcd8f457a9c2f8dd,1,0,0,0,1,single,False,
hotpotqa,5a8763445542996e4f3087bf,b9a9d6b32276bb94,1,0,0,0,1,single,False,
hotpotqa,5abf967b5542997ec76fd3fc,073360be61d0b59d,1,0,0,0,1,single,False,
hotpotqa,5a7531885542993748c897e3,ac5f540573e1fcda,2,1,0,1,2,chain,False,
hotpotqa,5ab803c55542991d32223804,e002f49c1d60a75a,1,0,0,0,1,single,False,
hotpotqa,5abed8415542997ec76fd37f,55f8556bcaf521f8,1,0,0,0,1,single,False,
hotpotqa,5a83a62b554299123d8c2183,2b4fedc5a208d719,1,0,0,0,1,single,False,
hotpotqa,5ab664b755429954757d327e,b90a8a9051317bae,1,0,0,0,1,single,False,
hotpotqa,5ae17cc355429901ffe4aea2,f355594c25829ee9,1,0,0,0,1,single,False,
hotpotqa,5ae7d2be5542993210983f60,0424e06ede279080,1,0,0,0,1,single,False,
hotpotqa,5a8d65b255429941ae14dfb0,6c040dc15d2d849f,1,0,0,0,1,single,False,
hotpotqa,5a7db5705542997cc2c47477,e571a4793d26f6d4,1,0,0,0,1,single,False,
hotpotqa,5a762a9a554299109176e695,6964522721c306cf,1,0,0,0,1,single,False,
hotpotqa,5a8e4f495542990e94052ac3,7e350f2dce8b043b,1,0,0,0,1,single,False,
hotpotqa,5ae458ca55429970de88d933,dc6613b4df30190b,1,0,0,0,1,single,False,
hotpotqa,5ac27e8455429921a00aafbd,95986971996d412f,1,0,0,0,1,single,False,
hotpotqa,5adbe9c355429944faac23b7,90a6543114918bba,1,0,0,0,1,single,False,
hotpotqa,5a83385f5542993344745ff3,14c75f3ca17b77dd,1,0,0,0,1,single,False,
hotpotqa,5ae5df775542996de7b71a3d,0871f2be96579acf,1,0,0,0,1,single,False,
hotpotqa,5a8a65ab5542996c9b8d5ecd,89d460c3b89da9c0,1,0,0,0,1,single,False,
hotpotqa,5aba3b3455429955dce3ede5,efcc4a87300e5952,1,0,0,0,1,single,False,
hotpotqa,5ae0122755429925eb1afbfc,0189f06577d93687,1,0,0,0,1,single,False,
hotpotqa,5adfd7c355429925eb1afab3,94e2e8359154b0e0,1,0,0,0,1,single,False,
hotpotqa,5a8db133554299068b959dae,74e46ce8aa99e050,1,0,0,0,1,single,False,
hotpotqa,5ab27b925542997061209627,d369d26b6fe18b16,1,0,0,0,1,single,False,
hotpotqa,5ab80ee85542991d32223823,daee8a4f2cd33d18,1,0,0,0,1,single,False,
hotpotqa,5ab35ae655429976abd1bc98,738999fed5749d78,1,0,0,0,1,single,False,
hotpotqa,5a7282905542994cef4bc2f6,83cd04771bc4248c,1,0,0,0,1,single,False,
hotpotqa,5ac3c2a15542993915413949,f8deb46ed8f37d3f,2,1,0,1,2,chain,False,
hotpotqa,5ab1e461554299340b52541b,6d2ad15c0cfbd512,1,0,0,0,1,single,False,
hotpotqa,5abd359a5542993062266bf2,f82b89e9d2526987,1,0,0,0,1,single,False,
hotpotqa,5a8ee0655542995a26add544,a80105f0035659ec,1,0,0,0,1,single,False,
hotpotqa,5ae549585542990ba0bbb25a,09c92814071a3f42,1,0,0,0,1,single,False,
hotpotqa,5ab2dbfd554299545a2cface,,0,0,0,-1,0,compile_failed,False,request failed for http://10.200.37.71:8801/v1/chat/completions: ReadTimeout
hotpotqa,5ac55b425542993e66e82339,a43575699abbb70f,1,0,0,0,1,single,False,
hotpotqa,5ae0efbb554299422ee99566,0b2815eedfcb639b,1,0,0,0,1,single,False,
hotpotqa,5a8f61275542992414482a98,8af221f8079508c6,1,0,0,0,1,single,False,
hotpotqa,5a769e2d5542993569682c5e,f60fe326153d77ab,1,0,0,0,1,single,False,
hotpotqa,5a8faf445542992414482b3d,2cc00556d432f67a,1,0,0,0,1,single,False,
hotpotqa,5ae38f2b5542994393b9e6fd,3c710d6cbd1be995,1,0,0,0,1,single,False,
hotpotqa,5a83c9385542990548d0b233,4b931a2c575a3be1,2,1,0,1,2,chain,False,
hotpotqa,5ab92ad9554299131ca4229a,4f12aa475acf6e19,2,1,0,1,2,chain,False,
hotpotqa,5ae3348d5542994393b9e642,7cd9c08c2452c5e0,1,0,0,0,1,single,False,
hotpotqa,5ab6faf65542991d32223709,ebd62e71f720486e,1,0,0,0,1,single,False,
hotpotqa,5ae25d67554299495565da47,72949fc0ab88f78a,1,0,0,0,1,single,False,
hotpotqa,5a72a0da5542994cef4bc3a1,960389a3b6a22f3a,2,1,0,1,2,chain,False,
hotpotqa,5a7566d95542996c70cfaef2,9882f131f21a747e,1,0,0,0,1,single,False,
hotpotqa,5a73ad6e554299623ed4ac1a,666931286b0b6e70,2,1,0,1,2,chain,False,
hotpotqa,5a7e9c995542994959419a2c,52240edf35ff00af,1,0,0,0,1,single,False,
hotpotqa,5abe396255429976d4830a8d,df6214eb68b817e1,1,0,0,0,1,single,False,
hotpotqa,5a87820b5542996e4f308815,c44c08c5b0d82da3,1,0,0,0,1,single,False,
hotpotqa,5abebcf85542993fe9a41d3d,efce30b8412b116c,1,0,0,0,1,single,False,
hotpotqa,5ae1292055429920d52342d9,e4e9299cb45bc752,1,0,0,0,1,single,False,
hotpotqa,5ae4b4ed55429913cc2044d9,6972eca93002c243,2,1,0,1,2,chain,False,
hotpotqa,5a7c6c635542996dd594b92c,8853f6133a21cc05,1,0,0,0,1,single,False,
hotpotqa,5a8070ed5542992bc0c4a70f,aefe1b94bf605454,2,1,0,1,2,chain,False,
hotpotqa,5a727b475542994cef4bc2d0,c4233ec38cc1a518,3,3,0,2,3,complex,True,
hotpotqa,5a7f6af65542994857a76736,1c2377b0bafe82a2,1,0,0,0,1,single,False,
hotpotqa,5ab614545542992aa134a41b,a9ff9b2ca7e70e1c,4,3,0,3,4,chain,True,
hotpotqa,5ac4a21b5542996feb3fe926,3c6028e690340a65,1,0,0,0,1,single,False,
hotpotqa,5a84749f5542992ef85e2405,0d8b457549bb8b9b,1,0,0,0,1,single,False,
hotpotqa,5a8281d555429966c78a6a36,d51f482b299df819,1,0,0,0,1,single,False,
hotpotqa,5a83dbc7554299334474609b,d3d783947dacb503,1,0,0,0,1,single,False,
hotpotqa,5a7148245542994082a3e75b,0480f2f2668309d8,1,0,0,0,1,single,False,
hotpotqa,5a7cfe9855429907fabef09a,ec4d3ca691b0d55e,2,1,0,1,2,chain,False,
hotpotqa,5a8b0c5e55429949d91db485,c861d42dd480aec7,2,1,0,1,2,chain,False,
hotpotqa,5abb9bb3554299642a094ac1,8308a86800c0f53c,1,0,0,0,1,single,False,
hotpotqa,5ae6a0955542991bbc976155,9e08068af78431d8,1,0,0,0,1,single,False,
hotpotqa,5a84d6a05542992a431d1ab3,8a39c369f6c37553,1,0,0,0,1,single,False,
hotpotqa,5a8505695542997175ce1f71,52ba9815dde4f9de,1,0,0,0,1,single,False,
hotpotqa,5a77778f5542997042120a6f,732850f1296b98ff,2,1,0,1,2,chain,False,
hotpotqa,5a7359b155429901807dafda,6807caacfb23e025,3,2,0,2,3,chain,True,
hotpotqa,5abb9935554299642a094aba,e149fcacc73566ed,2,1,0,1,2,chain,False,
hotpotqa,5a76aa925542993735360143,62f72ca006bce228,1,0,0,0,1,single,False,
hotpotqa,5ae610bb554299546bf8305f,25626927749e1305,1,0,0,0,1,single,False,
hotpotqa,5ab2ec2e55429929539468c0,9ce6afcb3a0c1f3b,1,0,0,0,1,single,False,
hotpotqa,5ac2abf255429921a00ab029,0066c2e0d331259f,2,1,0,1,2,chain,False,
hotpotqa,5ab42e4155429942dd415eb4,0014cd4ac3dc4e8c,1,0,0,0,1,single,False,
hotpotqa,5adc8ee95542994ed6169b89,a7a7765d37c49184,1,0,0,0,1,single,False,
hotpotqa,5ae38b7f5542994393b9e6f4,5ecd3f2ea78e19f5,1,0,0,0,1,single,False,
hotpotqa,5ac3efe155429919431738cf,1573e578a206896d,1,0,0,0,1,single,False,
hotpotqa,5a8902995542995153361260,dc07d839d78cf88d,1,0,0,0,1,single,False,
hotpotqa,5a8d8115554299068b959d12,d8e60ff2b3c955a9,1,0,0,0,1,single,False,
hotpotqa,5abc2d7755429959677d6a29,50512b72b85d243d,1,0,0,0,1,single,False,
hotpotqa,5ae1cd5f5542997f29b3c110,5cdf997b991f2a61,1,0,0,0,1,single,False,
hotpotqa,5ae849b85542997ec2727797,7fa3842d291f715f,2,1,0,1,2,chain,False,
hotpotqa,5a76007d554299109176e5f2,ade63cd3db8997e3,1,0,0,0,1,single,False,
hotpotqa,5ab594fa554299488d4d99eb,946a9f220891a780,1,0,0,0,1,single,False,
hotpotqa,5adfd98655429906c02daa6d,5f75d52bb497fed2,1,0,0,0,1,single,False,
hotpotqa,5a8e8ab05542990e94052b3d,29b676cbb99fc3bb,1,0,0,0,1,single,False,
hotpotqa,5a8358ce5542996488c2e420,007306e0e36718bd,2,1,0,1,2,chain,False,
hotpotqa,5adc87b05542994d58a2f632,f5674589369c86de,1,0,0,0,1,single,False,
hotpotqa,5a7ce01555429909bec76860,fec6adb611ab1f4c,1,0,0,0,1,single,False,
hotpotqa,5ade928c5542997c77adee5a,678c03b066a84b2b,1,0,0,0,1,single,False,
hotpotqa,5a78b8b2554299029c4b5e57,270a4099d12c18a1,1,0,0,0,1,single,False,
hotpotqa,5a78e724554299148911f98f,48b08cb4780661be,1,0,0,0,1,single,False,
hotpotqa,5a79b8ff5542996c55b2dc47,3a12528a4449e4c7,1,0,0,0,1,single,False,
hotpotqa,5ae768695542995703ce8c1f,487a8d7a437313e4,1,0,0,0,1,single,False,
hotpotqa,5ab97dd25542996be2020521,d7b41b6c2c94d95d,2,1,0,1,2,chain,False,
hotpotqa,5adbf59e554299438c868ceb,88a426dffc9f79db,1,0,0,0,1,single,False,
hotpotqa,5ab6895d55429953192ad2e9,6d993d0d442e4b69,1,0,0,0,1,single,False,
hotpotqa,5a84dbba5542992a431d1abb,a04dd00911e283f3,1,0,0,0,1,single,False,
hotpotqa,5ae47ab55542996836b02cb4,b2e2d2e427b89390,1,0,0,0,1,single,False,
hotpotqa,5a807d46554299485f598618,f9d7024d32155126,1,0,0,0,1,single,False,
hotpotqa,5a78d51755429974737f78ca,7ddca3b006cb0478,1,0,0,0,1,single,False,
hotpotqa,5ab2ba535542991669774076,89679e1a3ae685fe,2,1,0,1,2,chain,False,
hotpotqa,5a7f2a8655429934daa2fd16,bf60fb4bdd0c75cb,1,0,0,0,1,single,False,
hotpotqa,5a8a16f35542992d82986ea6,b28447e2d2962f18,1,0,0,0,1,single,False,
hotpotqa,5a8b1e165542996c9b8d5fa8,d9ba58a0b2990d50,1,0,0,0,1,single,False,
hotpotqa,5a8c785b554299653c1aa085,3d64b599cffd9f5d,1,0,0,0,1,single,False,
hotpotqa,5abc2ca3554299114383a0f1,b6eeea698111e6ff,1,0,0,0,1,single,False,
hotpotqa,5ab740875542993667793fa6,1b1cdf47292a4109,1,0,0,0,1,single,False,
hotpotqa,5ae630485542996de7b71b81,c8b2aa333b194260,1,0,0,0,1,single,False,
hotpotqa,5abec3fe5542994516f4542a,85ad9aa22f005fbd,1,0,0,0,1,single,False,
hotpotqa,5a84bd0c5542991dd0999dc8,21c2ab3028e77cea,1,0,0,0,1,single,False,
hotpotqa,5ab2818b5542993be8fa9937,0ce27e76e9fc88ea,1,0,0,0,1,single,False,
hotpotqa,5ab5c017554299494045f052,0302d6851fd6afb3,1,0,0,0,1,single,False,
hotpotqa,5a8c8429554299585d9e36cc,2176a17a5d03a47e,1,0,0,0,1,single,False,
hotpotqa,5ae649755542992ae0d162b7,35aed9bfdf362a94,1,0,0,0,1,single,False,
hotpotqa,5a7f685355429969796c1a39,0a97c55d3e601f55,1,0,0,0,1,single,False,
hotpotqa,5abecf275542997719eab5dd,e3987084c0467b58,1,0,0,0,1,single,False,
hotpotqa,5a8c6466554299240d9c2151,ddfc53ff1a3b5610,1,0,0,0,1,single,False,
hotpotqa,5a8491d95542997b5ce3fec0,c510d76c98d81f54,1,0,0,0,1,single,False,
hotpotqa,5a75e9a455429976ec32bca0,1b50b7c1c466ace0,1,0,0,0,1,single,False,
hotpotqa,5ae10f6455429920d52342b1,8f623700c7fe5491,1,0,0,0,1,single,False,
hotpotqa,5a82073455429926c1cdadf0,03af7e463ac4071a,1,0,0,0,1,single,False,
hotpotqa,5ac4f7325542995c82c4ad89,b728af600fa3a577,1,0,0,0,1,single,False,
hotpotqa,5a77c2605542992a6e59dfbe,9de6c35ddb8f04a3,1,0,0,0,1,single,False,
hotpotqa,5ac508ca55429924173fb570,1ac256ffd243c916,2,1,0,1,2,chain,False,
hotpotqa,5a774d0b55429972597f14ef,7590fe9a7cc9e086,1,0,0,0,1,single,False,
hotpotqa,5a7a59705542996c55b2dd64,4ed1019b1dea445a,1,0,0,0,1,single,False,
hotpotqa,5a732d125542992359bc3260,,0,0,0,-1,0,compile_failed,False,request failed for http://10.200.37.71:8801/v1/chat/completions: ReadTimeout
hotpotqa,5ab95967554299753720f7f8,8a964a7df92efb53,1,0,0,0,1,single,False,
hotpotqa,5a8c6481554299240d9c2152,65aa13f8fc70d135,1,0,0,0,1,single,False,
hotpotqa,5ae5c7265542992663a4f223,d9e918739038dcc7,1,0,0,0,1,single,False,
hotpotqa,5adcd72f5542992c1e3a2428,e5351349a683b75d,2,1,0,1,2,chain,False,
hotpotqa,5abe208a5542991f661060e2,8b478123d7cb5913,1,0,0,0,1,single,False,
hotpotqa,5ac3073d554299657fa290d9,7529c2b8bcc35ce3,1,0,0,0,1,single,False,
hotpotqa,5ac1371f55429964131be198,698bc7de1bbb5ee2,1,0,0,0,1,single,False,
hotpotqa,5ae0f3245542997b2ef7d0a2,b3c3f209b15a362e,1,0,0,0,1,single,False,
hotpotqa,5ab724cf5542993667793f50,41677b000aa571a5,1,0,0,0,1,single,False,
hotpotqa,5ae32a445542990afbd1e0bb,d2ecf3c78f00c313,1,0,0,0,1,single,False,
hotpotqa,5ac1437e5542991316484aaf,de2388f1942099d5,1,0,0,0,1,single,False,
hotpotqa,5ac2c8ef5542990b17b15499,b3b60e3086099f1c,1,0,0,0,1,single,False,
hotpotqa,5add160b5542990d50227dca,706f4c6683d094b8,1,0,0,0,1,single,False,
hotpotqa,5a9018ca5542990a98493587,8e8c24f5e6996420,1,0,0,0,1,single,False,
hotpotqa,5ade003a5542997dc7907116,f8ff1c8e09cd8342,1,0,0,0,1,single,False,
hotpotqa,5ae4ccc85542996836b02d2b,7aa6ecacb5c64872,2,1,0,1,2,chain,False,
hotpotqa,5a8e3b145542995085b373fe,946a9f220891a780,1,0,0,0,1,single,False,
hotpotqa,5a8350fa5542996488c2e408,ffa97eb057dcdb13,1,0,0,0,1,single,False,
hotpotqa,5a751c4355429916b0164267,c7b6d20a148791b6,2,1,0,1,2,chain,False,
hotpotqa,5ab2db9f554299166977410f,e5b896f4f2023ef4,1,0,0,0,1,single,False,
hotpotqa,5a8a35735542992d82986efe,2908286da0fee260,1,0,0,0,1,single,False,
hotpotqa,5adc34625542994650320cb2,f92d02eab35c3430,1,0,0,0,1,single,False,
hotpotqa,5ab7c21355429928e1fe38c9,c2a25e7a05ef894f,1,0,0,0,1,single,False,
hotpotqa,5abadf5b5542996cc5e49ebe,b0247c52582082fe,1,0,0,0,1,single,False,
hotpotqa,5ab320a2554299753aec5949,2a2d5772736aeec6,1,0,0,0,1,single,False,
hotpotqa,5ae82d215542997ec2727746,608c16127e2923ba,1,0,0,0,1,single,False,
hotpotqa,5a8898cb55429938390d3f86,6a7143d4709dc95e,1,0,0,0,1,single,False,
hotpotqa,5ac3d633554299076e296ca4,0e7d191b59ea958b,1,0,0,0,1,single,False,
hotpotqa,5ab7bc8d5542993667793ff5,bff123faa011d86d,1,0,0,0,1,single,False,
hotpotqa,5a7281d55542994cef4bc2f0,5c3317e77f277869,1,0,0,0,1,single,False,
hotpotqa,5adff8d155429942ec259baf,f22d5ed77eeb733f,1,0,0,0,1,single,False,
hotpotqa,5a8f6505554299458435d60c,9c18d19f28f37b6d,1,0,0,0,1,single,False,
hotpotqa,5ab8402455429919ba4e228a,c4a3d77efd297749,2,1,0,1,2,chain,False,
hotpotqa,5a8779895542996e4f3087f8,bd433eef05902e09,1,0,0,0,1,single,False,
hotpotqa,5ae64bf65542992ae0d162bf,b1b1f0efadf80cc6,1,0,0,0,1,single,False,
hotpotqa,5ae68f295542992ae0d16359,e57ab8f5a2e87898,1,0,0,0,1,single,False,
hotpotqa,5ae8334955429952e35eaa8d,249439aaf21c4511,1,0,0,0,1,single,False,
hotpotqa,5a7274e95542991f9a20c480,4043c2e7c102c52f,1,0,0,0,1,single,False,
hotpotqa,5a7c639b55429907fabeef7a,af39c6c9c49ba62b,1,0,0,0,1,single,False,
hotpotqa,5abbc2d35542992ccd8e7f8d,ef11c2908adc92c2,1,0,0,0,1,single,False,
hotpotqa,5adce59f5542992c1e3a2480,577fd2f2fe8d8803,2,1,0,1,2,chain,False,
hotpotqa,5a87f17b5542994846c1ce01,c63deb209a5c73b6,1,0,0,0,1,single,False,
hotpotqa,5a8eed655542990e94052bbe,,0,0,0,-1,0,compile_failed,False,request failed for http://10.200.37.71:8801/v1/chat/completions: ReadTimeout
hotpotqa,5a77cb8b5542992a6e59dfd1,7e521445ef6907e8,3,3,0,2,3,complex,True,
hotpotqa,5ac494655542996feb3fe8e5,1ef8aa53e533ed3b,1,0,0,0,1,single,False,
hotpotqa,5a7790945542992a6e59def8,eb0b7f17f5a8edad,1,0,0,0,1,single,False,
hotpotqa,5a88ad525542997e5c09a6a7,fb3fa8b679a6f6ad,1,0,0,0,1,single,False,
hotpotqa,5ae63d4455429908198fa535,3845e2fa3903512d,1,0,0,0,1,single,False,
hotpotqa,5a7925be554299029c4b5f0b,5a21e6158d828f1b,1,0,0,0,1,single,False,
hotpotqa,5ab6bc51554299110f219a59,8262040b12315c9c,2,1,0,1,2,chain,False,
hotpotqa,5abaf5dc5542992ccd8e7e7a,c3bd5e64156422d6,1,0,0,0,1,single,False,
hotpotqa,5a809a635542992bc0c4a775,5bf09f3b8fe8ee1a,1,0,0,0,1,single,False,
hotpotqa,5adf60735542993344016c64,85518ac77301064e,1,0,0,0,1,single,False,
hotpotqa,5a81efb7554299676cceb181,27110e394b68aa51,2,1,0,1,2,chain,False,
hotpotqa,5ab7aac45542995dae37e988,2adda4151ca78267,1,0,0,0,1,single,False,
hotpotqa,5a7fbc0f5542994857a767e9,14a74a9117664026,1,0,0,0,1,single,False,
hotpotqa,5adc69db554299438c868dae,68eef13f28873e9e,1,0,0,0,1,single,False,
hotpotqa,5a8c4b0d5542995e66a4759d,9b026b65fc11d6b8,1,0,0,0,1,single,False,
hotpotqa,5adea5db5542992fa25da7ef,ed2a872feeca781b,1,0,0,0,1,single,False,
hotpotqa,5ab7a29f5542995dae37e97f,af90f31b4d45e52d,1,0,0,0,1,single,False,
hotpotqa,5a7cdd67554299683c1c63a9,efa4b71d360d75cd,1,0,0,0,1,single,False,
hotpotqa,5ab869fd5542990e739ec8f1,a063462f744ea1df,1,0,0,0,1,single,False,
hotpotqa,5a7f158e5542993067513621,268c93bb3f0a392c,1,0,0,0,1,single,False,
hotpotqa,5a882d2a5542997e5c09a598,3b4bcd2f37d1f2f8,1,0,0,0,1,single,False,
hotpotqa,5a754b8355429916b01642e6,c45fb6f381b56876,1,0,0,0,1,single,False,
hotpotqa,5a891c4c55429946c8d6e904,2581e78abfd096f9,1,0,0,0,1,single,False,
hotpotqa,5abe39765542993f32c2a09f,af2e11f70b711074,1,0,0,0,1,single,False,
hotpotqa,5a7c89505542990527d554c7,392d1601eb3e5adc,1,0,0,0,1,single,False,
hotpotqa,5ae74a645542991e8301cc51,e8e5f49d95847fa4,1,0,0,0,1,single,False,
hotpotqa,5a80e6b855429938b6142242,c3a2245f870f0611,1,0,0,0,1,single,False,
hotpotqa,5a85ee2d5542996432c5713a,c0b87a5862daf92d,1,0,0,0,1,single,False,
hotpotqa,5ae800285542994a481bbe72,1a13174f04f12822,1,0,0,0,1,single,False,
hotpotqa,5a770d085542994aec3b71d0,209707c64fdf3309,3,2,0,2,3,chain,True,
hotpotqa,5adc18f7554299438c868d55,eac5746d0a1128f3,1,0,0,0,1,single,False,
hotpotqa,5a7c5c6955429935c91b5174,507f367467173e2c,1,0,0,0,1,single,False,
hotpotqa,5a7b6d4c55429931da12caac,98e2676474f8263a,2,1,0,1,2,chain,False,
hotpotqa,5ac0b22e554299012d1db618,cd3aa77e41a2692b,3,2,0,2,3,chain,True,
hotpotqa,5a863ee1554299211dda2abf,5ef94b54f34f1e39,1,0,0,0,1,single,False,
hotpotqa,5a7a21b15542994f819ef138,4c68efc2b18f1a9a,1,0,0,0,1,single,False,
hotpotqa,5a7fc67b55429969796c1b58,b780406dc0ac595b,1,0,0,0,1,single,False,
hotpotqa,5ae4704055429970de88d95e,641ad166621af1ff,1,0,0,0,1,single,False,
hotpotqa,5adddf735542990dbb2f7ed3,e41972098f95d40b,1,0,0,0,1,single,False,
hotpotqa,5a7290305542992359bc30fc,489d05c44041b04e,1,0,0,0,1,single,False,
hotpotqa,5ab819845542992aa3b8c89f,8ac9c6bcf17df4a3,1,0,0,0,1,single,False,
hotpotqa,5a80b07f554299485f5986bb,e1b14b8196b93ef1,1,0,0,0,1,single,False,
hotpotqa,5a7a0a4c5542990783324e07,7e41c60ea4912a48,1,0,0,0,1,single,False,
hotpotqa,5a8a09cf5542992d82986e69,916ad75d03a5acfa,1,0,0,0,1,single,False,
hotpotqa,5abc16ef5542993a06baf854,6fe9ebe269b52590,1,0,0,0,1,single,False,
hotpotqa,5ac00b9f5542996f0d89cb10,513df458c12f2326,2,1,0,1,2,chain,False,
hotpotqa,5ae1cef5554299234fd04307,08e8259144f08d5d,4,6,0,3,4,complex,True,
hotpotqa,5ab3ec335542992ade7c6ee2,0a8f8a93780326a4,1,0,0,0,1,single,False,
hotpotqa,5abf12df5542997719eab666,5587b85197f6b6ba,1,0,0,0,1,single,False,
hotpotqa,5a7f358b5542992e7d278c8d,cf58afa92d3c8b94,1,0,0,0,1,single,False,
hotpotqa,5ae3b5e65542992e3233c452,96777a5d5f3671a5,1,0,0,0,1,single,False,
hotpotqa,5ac07c1e5542996f0d89cbf5,f3824aabeccd47cc,1,0,0,0,1,single,False,
hotpotqa,5a8a12bb5542992e4fca84f4,b8c5728ef3a544b3,1,0,0,0,1,single,False,
hotpotqa,5a8b0d5155429949d91db48a,7d9aafedb297dada,2,1,0,1,2,chain,False,
hotpotqa,5ae191cf5542997b2ef7d201,56bbb1e920d59d6b,1,0,0,0,1,single,False,
hotpotqa,5ae054ab55429925eb1afc39,1badc2f4c995ba1c,1,0,0,0,1,single,False,
hotpotqa,5ae3546a5542992e3233c380,009cc52418d250b8,2,1,0,1,2,chain,False,
hotpotqa,5a7463e155429974ef308bee,1d8b8f9dd2aaf785,2,1,0,1,2,chain,False,
hotpotqa,5ae333cc5542991a06ce9950,5bfe34a54d3b3856,1,0,0,0,1,single,False,
hotpotqa,5a8f71d65542997ba9cb3264,a3df8574136a929b,1,0,0,0,1,single,False,
hotpotqa,5a906bad5542995651fb515c,0c693c75b2ad05f9,2,1,0,1,2,chain,False,
hotpotqa,5ab918295542991b5579f0f4,aa45291dbe6559be,1,0,0,0,1,single,False,
hotpotqa,5a8db28c5542994ba4e3dd08,4c27c82d5eaba229,1,0,0,0,1,single,False,
hotpotqa,5ab93390554299753720f793,b6a3d3df71326324,1,0,0,0,1,single,False,
hotpotqa,5add29215542992ae4cec4bf,,0,0,0,-1,0,compile_failed,False,request failed for http://10.200.37.71:8801/v1/chat/completions: ReadTimeout
hotpotqa,5a85fa1e5542994775f606d6,2fb0ca23a57e3b24,1,0,0,0,1,single,False,
hotpotqa,5a734a6e5542992359bc32e6,25c846a6c771614c,1,0,0,0,1,single,False,
hotpotqa,5a87ad6a5542996e4f3088c5,d76cbb421a1ea17f,1,0,0,0,1,single,False,
hotpotqa,5ac53a3c5542993e66e82235,1f6acdf962332925,1,0,0,0,1,single,False,
hotpotqa,5ae3cca65542992f92d82373,8d88dab0f0f756b8,1,0,0,0,1,single,False,
hotpotqa,5ab979da554299131ca4233a,7f6adae8c717214a,1,0,0,0,1,single,False,
hotpotqa,5ae025fd55429925eb1afc24,f8579788881b1c55,1,0,0,0,1,single,False,
hotpotqa,5ae57b735542993aec5ec1ab,cdf10777b5c1879b,1,0,0,0,1,single,False,
hotpotqa,5ae065475542993d6555eb4b,bf9b68760f779f17,1,0,0,0,1,single,False,
hotpotqa,5abbf5e655429965836003ba,782f48ba09ff3d25,1,0,0,0,1,single,False,
hotpotqa,5a74cad75542996c70cfadf0,77ace533427406a7,1,0,0,0,1,single,False,
hotpotqa,5ab7e4d45542992aa3b8c87d,296537c432e4c386,1,0,0,0,1,single,False,
hotpotqa,5a8d3f6a5542994ba4e3dc35,3d32dc2170055719,1,0,0,0,1,single,False,
hotpotqa,5a864b625542996432c571bc,45e07e6bfc0095d8,1,0,0,0,1,single,False,
hotpotqa,5abb0aa55542996cc5e49f72,3553ff80397cc79d,1,0,0,0,1,single,False,
hotpotqa,5a7a742d55429941d65f2655,9687c8e8b876f4f1,2,1,0,1,2,chain,False,
hotpotqa,5a7c543355429935c91b5160,,0,0,0,-1,0,compile_failed,False,request failed for http://10.200.37.71:8801/v1/chat/completions: ReadTimeout
hotpotqa,5a8e2ee15542995085b373ca,c7256fa65700db83,1,0,0,0,1,single,False,
hotpotqa,5abd98bf55429924427fd066,e1e2f2b01232e335,1,0,0,0,1,single,False,
hotpotqa,5ae23b015542992decbdcc90,b7642f904c026db0,1,0,0,0,1,single,False,
hotpotqa,5a831c1855429966c78a6b3e,637426001353c7a4,1,0,0,0,1,single,False,
hotpotqa,5a8efdb85542995085b374c2,e36124336be946a3,2,1,0,1,2,chain,False,
hotpotqa,5ae3fe645542995ad6573d03,52f75f4ab96b3fdf,1,0,0,0,1,single,False,
hotpotqa,5a75482155429916b01642da,4e1f2cbdd4f602fd,1,0,0,0,1,single,False,
hotpotqa,5ab999b9554299131ca42394,a9a673392a277753,1,0,0,0,1,single,False,
hotpotqa,5abd90545542996e802b47d7,0226010ff1d98aa9,1,0,0,0,1,single,False,
hotpotqa,5ae5ac1e554299546bf82f1a,115f7dc06af146b1,1,0,0,0,1,single,False,
hotpotqa,5a79e5eb554299029c4b5f84,6fb15331ebb1ac7d,1,0,0,0,1,single,False,
hotpotqa,5a8cfab8554299441c6b9f96,9598969984d53e73,1,0,0,0,1,single,False,
hotpotqa,5a79e5b85542994f819ef0f9,a1a2e2a5c5cf1cd4,1,0,0,0,1,single,False,
hotpotqa,5a83874d554299123d8c214b,933e71c2e98866cc,1,0,0,0,1,single,False,
hotpotqa,5ae54e6b5542990ba0bbb26e,5d9198697639bd9c,1,0,0,0,1,single,False,
hotpotqa,5ae82e5d5542997ec272774c,fa6382cb48a8fc6d,1,0,0,0,1,single,False,
hotpotqa,5ae3b6e45542990afbd1e1b2,e6b9ad82931c9d4b,1,0,0,0,1,single,False,
hotpotqa,5ae0535d55429925eb1afc37,5b84ceb58c3b91fd,1,0,0,0,1,single,False,
hotpotqa,5a903ae255429916514e7439,81a897c3223f8522,2,1,0,1,2,chain,False,
hotpotqa,5ab8f82655429919ba4e2382,a3425298844a4f10,1,0,0,0,1,single,False,
hotpotqa,5adbf9d855429947ff173882,c8b0254cca7869a6,1,0,0,0,1,single,False,
hotpotqa,5abbc73b5542992ccd8e7f9c,7f0e9283ae8ceb07,1,0,0,0,1,single,False,
hotpotqa,5ae1afa8554299422ee99683,f77eae9888a91562,1,0,0,0,1,single,False,
hotpotqa,5ae621ea5542992ae0d16238,04d4aa1a72610f10,1,0,0,0,1,single,False,
hotpotqa,5ae6442155429908198fa562,28c43b1d46d6d03c,1,0,0,0,1,single,False,
hotpotqa,5a8261d055429954d2e2eb21,d916f7891daf7daf,1,0,0,0,1,single,False,
hotpotqa,5abd8f8c5542996e802b47d2,f1090ff79ab621d8,1,0,0,0,1,single,False,
hotpotqa,5ae23c595542996483e64937,ef575b22d54c1d49,1,0,0,0,1,single,False,
hotpotqa,5a7663415542992db947378c,7a873b20ee41f231,1,0,0,0,1,single,False,
hotpotqa,5a7f41a655429930675136e2,f6a85121ceec0d9e,2,1,0,1,2,chain,False,
hotpotqa,5ae5d4f55542996de7b71a2a,3e74887a561328a2,1,0,0,0,1,single,False,
hotpotqa,5a790d83554299029c4b5eeb,af1cc56869cd3d91,1,0,0,0,1,single,False,
hotpotqa,5a8b6b255542997f31a41d1c,363fb752810020a9,1,0,0,0,1,single,False,
hotpotqa,5a811dfa554299260e20a247,6b1120d53377c20c,2,1,0,1,2,chain,False,
hotpotqa,5a7d2ced554299452d57bb46,0ff9552ba0c8cc7a,1,0,0,0,1,single,False,
hotpotqa,5a901a1c5542990a98493589,00eca812d4de71a6,2,1,0,1,2,chain,False,
hotpotqa,5a8b53cf55429949d91db549,1a020b711a5ed219,1,0,0,0,1,single,False,
hotpotqa,5ae4137255429970de88d8e5,d6105c31c26846a5,1,0,0,0,1,single,False,
hotpotqa,5adf72205542992d7e9f935e,82b1674f77812225,2,1,0,1,2,chain,False,
hotpotqa,5ab734355542992aa3b8c7d3,3e44e3dc6ec4b6af,1,0,0,0,1,single,False,
hotpotqa,5abb92fd5542993f40c73b3a,a23f082280c91809,1,0,0,0,1,single,False,
hotpotqa,5ae7008d554299572ea54678,924ad67ebdba225e,1,0,0,0,1,single,False,
hotpotqa,5abba14e554299642a094add,f284423b2a6c3725,1,0,0,0,1,single,False,
hotpotqa,5a8b66055542997f31a41d0a,197577614eacae30,1,0,0,0,1,single,False,
hotpotqa,5ab313a45542991669774194,c0833b8bbc4aaea7,1,0,0,0,1,single,False,
hotpotqa,5ab82e9a55429916710eb00e,847ca1a8d7b8dc81,1,0,0,0,1,single,False,
hotpotqa,5a8dabb4554299441c6ba030,8bb06c4801d92f24,1,0,0,0,1,single,False,
hotpotqa,5adfa324554299025d62a312,d75121c1786c4149,1,0,0,0,1,single,False,
hotpotqa,5ab555175542992aa134a2b0,4c5266a1206ed3a3,1,0,0,0,1,single,False,
hotpotqa,5a796633554299029c4b5f54,edda6c0d1a5fb8bf,1,0,0,0,1,single,False,
hotpotqa,5ab29d83554299545a2cf9d8,a365232cfe9144fb,1,0,0,0,1,single,False,
hotpotqa,5ae612425542996de7b71b23,4cadc7ce91554350,1,0,0,0,1,single,False,
hotpotqa,5a7e5c4a55429934daa2fc11,63648859d4e5d6c1,2,1,0,1,2,chain,False,
hotpotqa,5ade234d5542997c77aded66,7291186c4ecd8ee0,1,0,0,0,1,single,False,
hotpotqa,5a84f3d35542994c784dda9a,b6b21f6a9b2c55ed,1,0,0,0,1,single,False,
hotpotqa,5add459a5542995b365faaeb,62b6a16305bd7f17,1,0,0,0,1,single,False,
hotpotqa,5a7260185542997f82783982,2d3810a225801fc5,2,1,0,1,2,chain,False,
hotpotqa,5a778d035542997042120aa1,5e5ce39eab17d29d,2,1,0,1,2,chain,False,
hotpotqa,5adceeca5542992c1e3a24be,ba6a1f689745790f,2,1,0,1,2,chain,False,
hotpotqa,5ab620b055429953192ad261,717888aaa95f0c62,1,0,0,0,1,single,False,
hotpotqa,5adfefd255429906c02daa8f,99a81a2658cf8990,2,1,0,1,2,chain,False,
hotpotqa,5a8ee6aa5542990e94052bae,93dcf90ecc080d2b,1,0,0,0,1,single,False,
hotpotqa,5ae2043f554299234fd04398,26e7a39a9ff7c6f7,1,0,0,0,1,single,False,
hotpotqa,5ae1012655429920d5234270,bce2aeee55d9e6e2,1,0,0,0,1,single,False,
hotpotqa,5a8583ea5542997175ce1fbe,732e206fac79be31,1,0,0,0,1,single,False,
hotpotqa,5a7ba9715542995eb53be989,c6c3728600b5fc4c,1,0,0,0,1,single,False,
hotpotqa,5ac45737554299076e296d9b,94107cfb74818d68,1,0,0,0,1,single,False,
hotpotqa,5abd1faa55429933744ab733,12528015bf5f2c78,1,0,0,0,1,single,False,
hotpotqa,5ac0e4d4554299294b219040,516bfa249022c554,1,0,0,0,1,single,False,
hotpotqa,5adcb2a65542990d50227cfe,eabb0ccc46b3d2a8,1,0,0,0,1,single,False,
hotpotqa,5a7df3615542997cc2c474ca,7c5b635e62dcd732,1,0,0,0,1,single,False,
hotpotqa,5ac01d08554299012d1db5a8,4be070e1d10f6320,2,1,0,1,2,chain,False,
hotpotqa,5a8a411f55429930ff3c0d29,04a9ff2d75cadf54,1,0,0,0,1,single,False,
hotpotqa,5ab7229b554299110f219abb,7d009127dbcf94f6,2,1,0,1,2,chain,False,
hotpotqa,5a8a08585542992d82986e62,69807ccfcf31247a,2,1,0,1,2,chain,False,
hotpotqa,5a8f52f6554299458435d5b3,3429bf2135c6b8c4,1,0,0,0,1,single,False,
hotpotqa,5adf8d26554299025d62a2b4,0426f1ad9d5b7c68,1,0,0,0,1,single,False,
hotpotqa,5abd99165542996e802b47f8,2809c7b536491221,1,0,0,0,1,single,False,
hotpotqa,5ac172ce5542994ab5c67d44,e34696355641457f,1,0,0,0,1,single,False,
hotpotqa,5a8c5421554299240d9c211d,d6761732c2d1ea00,1,0,0,0,1,single,False,
hotpotqa,5abae9475542996cc5e49f00,268ed5967e553223,1,0,0,0,1,single,False,
hotpotqa,5a7df8225542995f4f402359,68c8f59fc3379e9d,1,0,0,0,1,single,False,
hotpotqa,5abfb15e5542990832d3a1aa,,0,0,0,-1,0,compile_failed,False,request failed for http://10.200.37.71:8801/v1/chat/completions: ReadTimeout
hotpotqa,5a86261b554299211dda2a8b,b6ccddbf8aad1715,1,0,0,0,1,single,False,
hotpotqa,5a823e4e554299676cceb232,0ff2e1426a9e78d4,1,0,0,0,1,single,False,
hotpotqa,5a77a60c5542992a6e59df55,c2ec4917c15e7aff,1,0,0,0,1,single,False,
hotpotqa,5ab2ca88554299545a2cfa7d,118969012d8c96e9,1,0,0,0,1,single,False,
hotpotqa,5ae5e987554299546bf82fc5,16ca6684ae8e5d2a,1,0,0,0,1,single,False,
hotpotqa,5ade549f554299728e26c6cf,2bbfb2142aa5af5b,1,0,0,0,1,single,False,
hotpotqa,5a8ceb51554299585d9e3767,787380d650f3951f,2,1,0,1,2,chain,False,
hotpotqa,5a7c74d75542990527d554b1,ae876bf3579502b8,1,0,0,0,1,single,False,
hotpotqa,5ae4be7d55429960a22e019d,2f31b28d34e0c02a,1,0,0,0,1,single,False,
hotpotqa,5ae4064f5542996836b02c1b,73ca631f2e130b63,1,0,0,0,1,single,False,
hotpotqa,5a7bfdfc5542990527d5543e,033417896cd1018b,1,0,0,0,1,single,False,
hotpotqa,5abeb60f5542997719eab57d,eb765ab8035c7a72,1,0,0,0,1,single,False,
hotpotqa,5a89ccdb55429946c8d6e9c0,baefc045c97ba4ba,1,0,0,0,1,single,False,
hotpotqa,5ae4148b55429970de88d8ea,76945277587d6909,1,0,0,0,1,single,False,
hotpotqa,5ae739295542991e8301cbf2,891775e6fd88270f,1,0,0,0,1,single,False,
hotpotqa,5a8eaf885542995085b37479,00dd0e73a3bd0c85,2,1,0,1,2,chain,False,
hotpotqa,5ac3cf27554299204fd21e76,ce74adb2367a4e12,1,0,0,0,1,single,False,
hotpotqa,5ab93ce2554299743d22ea71,e40c1bd12352fd15,1,0,0,0,1,single,False,
hotpotqa,5abe783b55429976d4830b27,b34a48e1c38748ed,1,0,0,0,1,single,False,
hotpotqa,5a89deae554299669944a5f1,17ad2947b6df5ff7,1,0,0,0,1,single,False,
hotpotqa,5a8a53d95542995153361365,225abc10d9a5345a,1,0,0,0,1,single,False,
hotpotqa,5a84a5945542997b5ce3fef8,9c17711ad477769f,1,0,0,0,1,single,False,
hotpotqa,5ae348715542991a06ce9989,66409ec3010544d3,1,0,0,0,1,single,False,
hotpotqa,5a7bae385542995eb53be993,3963819c986bb94b,1,0,0,0,1,single,False,
hotpotqa,5a82f72a55429966c78a6ab7,0b2a7e931b8b226a,1,0,0,0,1,single,False,
hotpotqa,5adc564a5542996e68525315,e187454276d9219d,1,0,0,0,1,single,False,
hotpotqa,5ab5539a554299488d4d9932,bfcbda81fa3b97c3,1,0,0,0,1,single,False,
hotpotqa,5ab455a25542991779162c76,5d6500b805cc8b84,1,0,0,0,1,single,False,
hotpotqa,5ac2ee29554299218029db99,c24a87cde43d5076,1,0,0,0,1,single,False,
hotpotqa,5ae0dc9c55429924de1b71a6,28f1896910741e1c,1,0,0,0,1,single,False,
hotpotqa,5ac487fa5542995c82c4ad59,13277448147a2bf1,1,0,0,0,1,single,False,
hotpotqa,5a81d22e55429926c1cdad93,1fff802e9dd474ba,1,0,0,0,1,single,False,
hotpotqa,5ac428e9554299076e296d77,c6758ec99d1b4877,2,1,0,1,2,chain,False,
hotpotqa,5a7b51f95542995eb53be911,326fe8966a0f7139,4,4,0,3,4,complex,True,
hotpotqa,5a7273305542997f827839d9,50f40da691d37959,2,1,0,1,2,chain,False,
hotpotqa,5adbf672554299438c868cf0,acc061575c402497,2,1,0,1,2,chain,False,
hotpotqa,5a7c2ea15542990527d55472,6f5188dba41eabf6,1,0,0,0,1,single,False,
hotpotqa,5a7fbeee5542992e7d278d43,9f88c1a293ac8ab0,1,0,0,0,1,single,False,
hotpotqa,5a78bbc6554299029c4b5e6b,cc43dc6e069b97b6,1,0,0,0,1,single,False,
hotpotqa,5ac2c3545542990b17b1548b,5bc5395e27b0ac48,1,0,0,0,1,single,False,
hotpotqa,5a72b2695542991f9a20c56f,10ef8d1b807f926c,4,4,0,3,4,complex,True,
hotpotqa,5ac38516554299741d48a273,335805bb8b674112,1,0,0,0,1,single,False,
hotpotqa,5a8adb655542992d82986fa8,e70a5b548b2d3f2c,1,0,0,0,1,single,False,
hotpotqa,5a7b4474554299042af8f736,f5223757108ada05,1,0,0,0,1,single,False,
hotpotqa,5a87bc035542996e4f3088fc,f4e8f5bf9bee1e56,1,0,0,0,1,single,False,
hotpotqa,5ae4eedf55429908b63264c1,ad4b430409f97a99,1,0,0,0,1,single,False,
hotpotqa,5a82ec8e55429966c78a6a9e,98a32e055098636d,1,0,0,0,1,single,False,
hotpotqa,5ab4014355429976abd1bd28,,0,0,0,-1,0,compile_failed,False,request failed for http://10.200.37.71:8801/v1/chat/completions: ReadTimeout
hotpotqa,5ae78cef5542994a481bbd98,e05d52faa2bba5b9,1,0,0,0,1,single,False,
hotpotqa,5ac309ea5542990b17b15502,a5e16a1136255153,1,0,0,0,1,single,False,
hotpotqa,5ab6c1de554299710c8d1f4d,6f7b72d8b41a1c74,2,1,0,1,2,chain,False,
hotpotqa,5ab1f351554299449642c824,4b056a79e68404a2,5,8,0,4,5,complex,True,
hotpotqa,5a88d22c5542993b751ca863,27744cb1dc317f3c,2,1,0,1,2,chain,False,
hotpotqa,5a78baad55429974737f7867,25fafef89ac68945,1,0,0,0,1,single,False,
hotpotqa,5ae788625542994a481bbd6d,e12f2beaa7ce22c3,1,0,0,0,1,single,False,
hotpotqa,5a74b1b05542996c70cfadb2,fcb9f07beae2352a,1,0,0,0,1,single,False,
hotpotqa,5adf433a5542993344016c4b,65892b11cbec6274,1,0,0,0,1,single,False,
hotpotqa,5a7284755542991f9a20c4be,08f7d549904e95cd,1,0,0,0,1,single,False,
hotpotqa,5a85c8fc5542991dd0999e96,7aa8d284ee031a47,1,0,0,0,1,single,False,
hotpotqa,5a8b034355429971feec45fd,65c2da7001a539c1,1,0,0,0,1,single,False,
hotpotqa,5a8ef6f15542997ba9cb3156,eb59ca7077252414,1,0,0,0,1,single,False,
hotpotqa,5abc20cd55429959677d6a1c,53a21c84ef1e124f,1,0,0,0,1,single,False,
hotpotqa,5ac1b48f55429963665198f3,6d7b121402ec9c5f,1,0,0,0,1,single,False,
hotpotqa,5a8f608655429918e830d208,2bf43a61bf66063b,1,0,0,0,1,single,False,
hotpotqa,5abe21145542991f661060e6,5590385744cd7add,1,0,0,0,1,single,False,
hotpotqa,5ae12a975542997b2ef7d115,d967b447b1778eac,1,0,0,0,1,single,False,
hotpotqa,5a8804f855429938390d3ecc,a436c05e5c6a70a5,2,1,0,1,2,chain,False,
hotpotqa,5a7950845542994bb9456ffc,ea7fb26b294a8231,1,0,0,0,1,single,False,
hotpotqa,5ae6c0b055429908198fa6ad,68d90541b19e5f0f,1,0,0,0,1,single,False,
hotpotqa,5a84e0545542991dd0999e0f,c132f9fc4b70d6cc,1,0,0,0,1,single,False,
hotpotqa,5ab2a48a5542992953946788,c7d41e824cd35ad9,1,0,0,0,1,single,False,
hotpotqa,5a79e6335542996c55b2dc97,bfb1c9657640dc7a,1,0,0,0,1,single,False,
hotpotqa,5abc04c755429931dba14614,2f2c80ca5306dc71,2,1,0,1,2,chain,False,
hotpotqa,5a86ebad5542994775f60782,1537a8bd64eccfb2,3,2,0,2,3,chain,True,
hotpotqa,5a8b591f5542995d1e6f1379,5ed8f5ac75dfc404,1,0,0,0,1,single,False,
hotpotqa,5a7ce723554299683c1c63cf,8d5094dc6d3bd050,2,1,0,1,2,chain,False,
hotpotqa,5a890e4755429946c8d6e8fc,2a78a322e9150797,1,0,0,0,1,single,False,
hotpotqa,5ae4ed3f5542990ba0bbb19d,947981b0f00093ef,1,0,0,0,1,single,False,
hotpotqa,5a8bbd6c5542997f31a41db1,9639b7a7143c5a3c,1,0,0,0,1,single,False,
hotpotqa,5abcf64655429959677d6b79,b7a3aae85ac23326,1,0,0,0,1,single,False,
hotpotqa,5abee6745542993fe9a41d8a,43a9f027a34d928a,1,0,0,0,1,single,False,
hotpotqa,5abceeea5542993a06baf9b1,a4944b8ad541fee9,1,0,0,0,1,single,False,
hotpotqa,5a7d0eda55429909bec76929,dca90234ced6be58,1,0,0,0,1,single,False,
hotpotqa,5adfd95c554299025d62a35d,b42ba6b2a9b7231b,1,0,0,0,1,single,False,
hotpotqa,5a77abbb55429949eeb29f27,75ac35cbe82865d5,2,1,0,1,2,chain,False,
hotpotqa,5ae6b29655429908198fa686,29798eb099651f4d,1,0,0,0,1,single,False,
hotpotqa,5a84d4c55542994c784dda63,9628e7ccb951c063,1,0,0,0,1,single,False,
hotpotqa,5a776d7d5542993735360275,d83380c255a0fafd,1,0,0,0,1,single,False,
hotpotqa,5ab6efb35542995eadef00e5,4249af5fc1f5fc16,1,0,0,0,1,single,False,
hotpotqa,5ae30f7e55429928c42395d6,1bcc6af91e0675e1,1,0,0,0,1,single,False,
hotpotqa,5ab6e856554299710c8d1fac,bfdf73b26a7991d9,3,3,0,2,3,complex,True,
hotpotqa,5ab96ffe5542996be20204ed,ae2982a3290c639d,1,0,0,0,1,single,False,
hotpotqa,5a7f728e55429969796c1a56,967677c32e19d789,1,0,0,0,1,single,False,
hotpotqa,5abb86505542992ccd8e7f58,8ebe33c3a423230b,1,0,0,0,1,single,False,
hotpotqa,5ab9b91f55429970cfb8eb7f,001814cd6cd1ce4b,1,0,0,0,1,single,False,
hotpotqa,5ae667455542996d980e7b56,83f460601ddaa865,2,1,0,1,2,chain,False,
hotpotqa,5a845ec85542996488c2e535,762f023d8917285b,1,0,0,0,1,single,False,
hotpotqa,5ae728c3554299572ea54742,17aaa266fb0c46dc,1,0,0,0,1,single,False,
hotpotqa,5a7a5d3d55429941d65f25da,32b7499455243769,1,0,0,0,1,single,False,
hotpotqa,5ae78a7f5542997ec272769b,c72a9b94d923d971,1,0,0,0,1,single,False,
hotpotqa,5abfe85d5542997d64295934,f3c258fc26f816f9,1,0,0,0,1,single,False,
hotpotqa,5ab580835542992aa134a332,5d06fef14b57abd4,1,0,0,0,1,single,False,
hotpotqa,5a76ff3b5542994aec3b71b4,4684f3aeb2e94ede,1,0,0,0,1,single,False,
hotpotqa,5ac51e2c55429924173fb5cb,e6a92139a584b40e,1,0,0,0,1,single,False,
hotpotqa,5a8ca2275542996e8ac88af6,7752becd9faa911f,1,0,0,0,1,single,False,
hotpotqa,5a7769835542993569682d8d,9387787441d3f197,2,1,0,1,2,chain,False,
hotpotqa,5ade27e255429939a52fe844,85e0d53305e61606,1,0,0,0,1,single,False,
hotpotqa,5ae2b4e55542994d89d5b438,00cdc6a3b681006d,1,0,0,0,1,single,False,
hotpotqa,5a884da25542997e5c09a5c1,3fc0e9b17f34e2ce,2,1,0,1,2,chain,False,
hotpotqa,5a8da3bb5542994ba4e3dcde,1cc7c24867de98d3,1,0,0,0,1,single,False,
hotpotqa,5a71255d5542994082a3e5d2,e8a46037709f9664,1,0,0,0,1,single,False,
hotpotqa,5a7e677c5542991319bc9491,d8713d2f18acbd0a,1,0,0,0,1,single,False,
hotpotqa,5ae1fd6d5542994d89d5b2ec,d28df53dbced9594,1,0,0,0,1,single,False,
hotpotqa,5a7b185c5542992d025e6765,0fe73337095429b0,1,0,0,0,1,single,False,
hotpotqa,5ae699e85542996d980e7c44,21ba2668f92e2553,1,0,0,0,1,single,False,
hotpotqa,5ac32d5e5542995ef918c15e,aee2d880e919441e,1,0,0,0,1,single,False,
hotpotqa,5a797bc1554299029c4b5f56,6d9ccddcebd462bf,1,0,0,0,1,single,False,
hotpotqa,5a77881f5542997042120a96,da31b6b8e363b1ea,1,0,0,0,1,single,False,
hotpotqa,5a7a7f4d5542994f819ef1f6,c1e23bbc3ea6aa12,1,0,0,0,1,single,False,
hotpotqa,5ade7e0f5542992fa25da792,1e15aac895be2d7e,1,0,0,0,1,single,False,
hotpotqa,5a721c9f55429971e9dc927f,d7071facbdd46b75,1,0,0,0,1,single,False,
hotpotqa,5ac31c61554299741d48a201,84b80d1ac0834e11,1,0,0,0,1,single,False,
hotpotqa,5ab6c1e8554299110f219a60,bb81cc531bd4c765,1,0,0,0,1,single,False,
hotpotqa,5a820710554299676cceb1ee,c69b570fb70b7c06,1,0,0,0,1,single,False,
hotpotqa,5adeaf2055429939a52fe953,c25a85de5e4a7467,1,0,0,0,1,single,False,
hotpotqa,5ae4b1785542995dadf243b8,aa2eff858c438a72,3,2,0,2,3,chain,True,
hotpotqa,5ab960045542996be20204b1,9e3daa8767876954,2,1,0,1,2,chain,False,
hotpotqa,5a71838f5542994082a3e860,dec57c51bc6959c7,1,0,0,0,1,single,False,
hotpotqa,5ab5cf18554299488d4d9a36,ff24b77b2faeca86,1,0,0,0,1,single,False,
hotpotqa,5ae409e455429970de88d89f,93783e043a3c490e,1,0,0,0,1,single,False,
hotpotqa,5ae60b3755429929b0807aac,046926fe70447d71,1,0,0,0,1,single,False,
hotpotqa,5ae6983955429908198fa646,85484b52da612138,1,0,0,0,1,single,False,
hotpotqa,5a838e555542992ef85e22fb,668bdc6f93bb693b,1,0,0,0,1,single,False,
hotpotqa,5aba9c055542994dbf019975,0dacda96992cf7d9,2,1,0,1,2,chain,False,
hotpotqa,5ab42c6a554299753aec5a47,8651967ebd8da15a,1,0,0,0,1,single,False,
hotpotqa,5ae37a345542990afbd1e173,38b88ec956ee358e,1,0,0,0,1,single,False,
hotpotqa,5a78ca7455429970f5fffd81,0cad23893b1b83eb,2,1,0,1,2,chain,False,
hotpotqa,5a76ada25542993735360151,359d69d1c25cba16,1,0,0,0,1,single,False,
hotpotqa,5a774bb65542994aec3b7276,4c8f3d50730d9dc7,2,1,0,1,2,chain,False,
hotpotqa,5ae02ca655429942ec259c3c,4f49201da79bec0e,1,0,0,0,1,single,False,
hotpotqa,5a7a483c5542996a35c17174,6ee490dc1d58ad24,1,0,0,0,1,single,False,
hotpotqa,5ac0fb83554299012d1db673,69baa2e3bc71ace5,1,0,0,0,1,single,False,
hotpotqa,5a86ab655542991e7718167d,4ba63bf6e831ad1e,2,1,0,1,2,chain,False,
hotpotqa,5adef66c5542993a75d263c0,a7a50972c4600d50,2,1,0,1,2,chain,False,
hotpotqa,5a90b96155429933b8a205c1,da9feb69a706b980,3,2,0,2,3,chain,True,
hotpotqa,5a7308955542992359bc3209,a87725bece72f47d,1,0,0,0,1,single,False,
hotpotqa,5ab703cd5542991d3222374d,7b4057089139be1c,1,0,0,0,1,single,False,
hotpotqa,5a77437b5542994aec3b7258,d07c1a6b888f8444,1,0,0,0,1,single,False,
hotpotqa,5ae33edf5542992f92d8226f,244ef813ce497e9e,1,0,0,0,1,single,False,
hotpotqa,5a8c7d43554299240d9c2192,5c1bf55c9a7c5bc0,1,0,0,0,1,single,False,
hotpotqa,5addd14c5542997dc7907042,53020c30abf09724,1,0,0,0,1,single,False,
hotpotqa,5a89f1ce55429946c8d6ea21,4a774d3eb5c18b01,1,0,0,0,1,single,False,
hotpotqa,5ae5bf2a5542990ba0bbb2ca,a24066ec38e92def,1,0,0,0,1,single,False,
hotpotqa,5ae79ea75542997ec27276c3,5e4a5ac61e7b05bf,1,0,0,0,1,single,False,
hotpotqa,5abce981554299114383a192,0d5aceeb5fafded6,1,0,0,0,1,single,False,
hotpotqa,5add3d255542997545bbbce9,755cd2289ca23eab,1,0,0,0,1,single,False,
hotpotqa,5adbd0845542996e6852524c,0ac427760395164e,1,0,0,0,1,single,False,
hotpotqa,5ae317c955429928c42395e4,d5083c4890a62348,1,0,0,0,1,single,False,
hotpotqa,5ac0b5635542992a796ded69,417bd15cf7d612ac,1,0,0,0,1,single,False,
hotpotqa,5a821d2e55429903bc27ba3d,bf2751995f8a46b5,1,0,0,0,1,single,False,
hotpotqa,5a84a3565542992a431d1a7f,d31b894a650740e4,1,0,0,0,1,single,False,
hotpotqa,5ab2c46355429916697740ab,0c80cf06497cd4fe,1,0,0,0,1,single,False,
hotpotqa,5a7f3c2855429930675136c6,bdd983d853b94c2d,1,0,0,0,1,single,False,
hotpotqa,5ac18ca25542994ab5c67d77,16ed3bf5a78ff15d,2,1,0,1,2,chain,False,
hotpotqa,5ae780e85542997ec2727672,44bcc33a64779392,1,0,0,0,1,single,False,
hotpotqa,5a7e67b15542991319bc9492,c624b15144687eb5,1,0,0,0,1,single,False,
hotpotqa,5a8791025542993e715abfae,f43bdd77212b1d8a,2,1,0,1,2,chain,False,
hotpotqa,5a8496075542997b5ce3fedc,868e21e56210ee41,1,0,0,0,1,single,False,
hotpotqa,5ac3a725554299391541388a,ed9ab2ca34bbbae8,2,1,0,1,2,chain,False,
hotpotqa,5a8a218c55429970aeb70275,d8321206b7aa4290,1,0,0,0,1,single,False,
hotpotqa,5a77bfec5542995d8318129d,ff9d9f0e99844bae,1,0,0,0,1,single,False,
hotpotqa,5a8e37d05542995085b373e7,3998425e476f8b79,1,0,0,0,1,single,False,
hotpotqa,5ab453e85542996a3a969f6d,f97ccf1092a07796,1,0,0,0,1,single,False,
hotpotqa,5ae4f55d5542993aec5ec102,aeb1d0abc0001907,1,0,0,0,1,single,False,
hotpotqa,5a86f02055429960ec39b6e5,10b5e75d1d7707bd,1,0,0,0,1,single,False,
hotpotqa,5ab43f9f55429942dd415ef8,9fadeef4df74c446,2,1,0,1,2,chain,False,
hotpotqa,5ab965a355429970cfb8eab6,3c9c209585d9d9a9,1,0,0,0,1,single,False,
hotpotqa,5ae0b77f554299603e418444,20f2b2411656534b,1,0,0,0,1,single,False,
hotpotqa,5a8636a2554299211dda2aaf,62bc000839763b97,1,0,0,0,1,single,False,
hotpotqa,5a806a725542995d8a8ddf72,b448100f8d9e8d6a,2,1,0,1,2,chain,False,
hotpotqa,5ae2ec2955429928c4239563,8802b07c54f679aa,1,0,0,0,1,single,False,
hotpotqa,5ae2dd2955429928c423950e,140e85b41dcf1d46,1,0,0,0,1,single,False,
hotpotqa,5ae6b1a15542992ae0d1638e,eeb97ac276e239cc,1,0,0,0,1,single,False,
hotpotqa,5a9043405542990a984935dc,9a7d3bb420a76a74,1,0,0,0,1,single,False,
hotpotqa,5abd7d5955429924427fd012,13ed535c89c5e2a2,1,0,0,0,1,single,False,
hotpotqa,5a82555f55429940e5e1a852,49946d1fd0f1d318,1,0,0,0,1,single,False,
hotpotqa,5ade6c3e5542997c77adee25,50f00470b28070db,1,0,0,0,1,single,False,
hotpotqa,5ab364b655429969a97a8140,bb4b8db3985011c3,1,0,0,0,1,single,False,
hotpotqa,5ab580605542992aa134a331,8e84844bd7b1d151,1,0,0,0,1,single,False,
hotpotqa,5ab8f85c5542991b5579f0ac,ac67eb4b6765714d,1,0,0,0,1,single,False,
hotpotqa,5ab8fa465542991b5579f0b3,c888817a5dde79e3,2,1,0,1,2,chain,False,
hotpotqa,5a79d0e15542994f819ef0bc,c6bdcca412ae9ff5,1,0,0,0,1,single,False,
hotpotqa,5a7aa2135542995eb53be882,39709df69e39653f,1,0,0,0,1,single,False,
hotpotqa,5abb8c63554299642a094aa1,825a15ddba58e854,1,0,0,0,1,single,False,
hotpotqa,5a8099015542996402f6a587,3f6ced022072065e,1,0,0,0,1,single,False,
hotpotqa,5a77a32e5542995d83181233,211dd77101583636,1,0,0,0,1,single,False,
hotpotqa,5abbaf675542992ccd8e7f6f,b6bf0b3ebc9a2ac0,1,0,0,0,1,single,False,
hotpotqa,5a7fa4575542992e7d278d0e,59a58f21cc42a185,2,1,0,1,2,chain,False,
hotpotqa,5adfe18755429906c02daa7f,5c63bbc470dc2fc4,1,0,0,0,1,single,False,
hotpotqa,5adf54f55542993a75d264c9,0e38962ebd286cae,1,0,0,0,1,single,False,
hotpotqa,5a760f575542994ccc9186a6,6c6777cafac5fa79,1,0,0,0,1,single,False,
hotpotqa,5ae76c385542997ec272763d,1d1eae3fd3b2ef90,1,0,0,0,1,single,False,
hotpotqa,5ae64c2d5542991bbc9760bd,dd61fd55eede9b93,2,1,0,1,2,chain,False,
hotpotqa,5ab833f655429934fafe6d12,e58bae289edc3e21,1,0,0,0,1,single,False,
hotpotqa,5ab1d3bf554299722f9b4c8c,1c87b83f1cfa41bb,1,0,0,0,1,single,False,
hotpotqa,5a8ebad45542995a26add4f8,350bd359eac2c1a0,1,0,0,0,1,single,False,
hotpotqa,5ab414035542996a3a969f1c,235b70406f80dfd9,1,0,0,0,1,single,False,
hotpotqa,5adebedf554299728e26c7ba,0f300cd1ed7a8a7d,1,0,0,0,1,single,False,
hotpotqa,5ae1ec5e554299492dc91bad,043b97205d2a37a9,1,0,0,0,1,single,False,
hotpotqa,5a7a17975542990783324e4b,1c5bf53597d904b0,1,0,0,0,1,single,False,
hotpotqa,5ac21ca05542991316484bf4,1c772ecdd9defbae,1,0,0,0,1,single,False,
hotpotqa,5abc615055429959677d6a9a,fa12e6557e759779,1,0,0,0,1,single,False,
hotpotqa,5ae5c7f45542996de7b71a19,a354f7afeac4780b,1,0,0,0,1,single,False,
hotpotqa,5addf10b5542997545bbbddb,c5879354ce765277,1,0,0,0,1,single,False,
hotpotqa,5abbc64f55429931dba1450a,30534a6c48509bf8,1,0,0,0,1,single,False,
hotpotqa,5add91a15542990dbb2f7e71,a2f013c7ddf103c0,2,1,0,1,2,chain,False,
hotpotqa,5a7e6f685542997cc2c47545,8f17fa582d931114,2,1,0,1,2,chain,False,
hotpotqa,5a81d1ef55429926c1cdad92,f29d24a55c48754c,1,0,0,0,1,single,False,
hotpotqa,5ab8855955429916710eb07e,311a1875c8453394,1,0,0,0,1,single,False,
hotpotqa,5ae7b0da554299540e5a5649,557411c6716f0fbb,1,0,0,0,1,single,False,
hotpotqa,5adf2aa85542993a75d26404,20f3aa8cea55e6e6,1,0,0,0,1,single,False,
hotpotqa,5a83478b55429966c78a6b6c,7771e3fcc1b369d8,1,0,0,0,1,single,False,
hotpotqa,5ae6141a55429929b0807ac2,7f7b012fa1e75ffd,1,0,0,0,1,single,False,
hotpotqa,5a8f959e5542992414482b09,2f856d6d72ba0b97,1,0,0,0,1,single,False,
hotpotqa,5a7cb9f6554299452d57b9c8,687d6d2a235961e9,1,0,0,0,1,single,False,
hotpotqa,5adc625d55429947ff173941,d9799c752c3dbe18,2,1,0,1,2,chain,False,
hotpotqa,5ae39f1e5542992f92d8231a,e6c40649060397af,1,0,0,0,1,single,False,
hotpotqa,5ab55d8b554299637185c57b,9a7ffea94728facd,3,2,0,2,3,chain,True,
hotpotqa,5abe4ba85542991f6610612b,2fe21ec0235a3bb6,2,1,0,1,2,chain,False,
hotpotqa,5ab3d2535542992ade7c6ebe,224618541f1734fa,1,0,0,0,1,single,False,
hotpotqa,5a81cdad55429926c1cdad81,edd650daf14b8362,2,1,0,1,2,chain,False,
hotpotqa,5a7f3f8d5542992e7d278cbc,213ffdf530949edb,1,0,0,0,1,single,False,
hotpotqa,5ae140d75542997b2ef7d181,acefb969301ccbc9,2,1,0,1,2,chain,False,
hotpotqa,5abc188d5542993a06baf864,d39e37ffa0d2216d,1,0,0,0,1,single,False,
hotpotqa,5abfd9915542994516f45512,24ea6e3e7d7e90b4,1,0,0,0,1,single,False,
hotpotqa,5ab9ddb2554299232ef4a232,02a87954885f1eac,1,0,0,0,1,single,False,
hotpotqa,5abeecf65542997719eab5fe,ec0c6fa44d06fc10,1,0,0,0,1,single,False,
hotpotqa,5a89f0985542992e4fca849d,0696f7ecb878237e,2,1,0,1,2,chain,False,
hotpotqa,5a79ba6c554299029c4b5f71,c52a1bfa7693d100,1,0,0,0,1,single,False,
hotpotqa,5ae5186e55429908b632651f,48ccce86f042fe87,1,0,0,0,1,single,False,
hotpotqa,5a8ab3855542996c9b8d5f5a,3df8f6e480941943,3,2,0,2,3,chain,True,
hotpotqa,5a7ddbc15542995f4f4022d8,3ed75f66c4b767e3,1,0,0,0,1,single,False,
hotpotqa,5addfd1c5542997545bbbde2,f45b0e93f8c7837e,1,0,0,0,1,single,False,
hotpotqa,5ab60d405542992aa134a404,d6105c31c26846a5,1,0,0,0,1,single,False,
hotpotqa,5a727b3f5542991f9a20c48a,02cd4d1cecba77fc,1,0,0,0,1,single,False,
hotpotqa,5abffb9b5542994516f4556f,fc63624e879399ba,1,0,0,0,1,single,False,
hotpotqa,5ade557255429975fa854eac,7b50aaa8982fd9e5,1,0,0,0,1,single,False,
hotpotqa,5a907eae55429933b8a2052b,93bc670d1a216340,1,0,0,0,1,single,False,
hotpotqa,5a7c4fd05542996dd594b90a,dc077bdc289fb989,2,1,0,1,2,chain,False,
hotpotqa,5ade24e85542992fa25da6e7,0d72ead967369859,1,0,0,0,1,single,False,
hotpotqa,5ac245de55429951e9e68517,4330a8aaa8c317b3,2,1,0,1,2,chain,False,
hotpotqa,5ac2a755554299657fa29003,dec936fc9ac85fdc,1,0,0,0,1,single,False,
hotpotqa,5a7a2c2d5542996c55b2dd2e,b09720f6b99559b2,1,0,0,0,1,single,False,
hotpotqa,5ae484b855429913cc204488,09161f77628d475a,1,0,0,0,1,single,False,
hotpotqa,5a745bfc55429929fddd83fa,34b6793d2cb703b2,1,0,0,0,1,single,False,
hotpotqa,5ac1671f55429964131be1cb,236c5c6392c28385,1,0,0,0,1,single,False,
hotpotqa,5ae686d45542996d980e7be0,e84ad19c37756cc2,1,0,0,0,1,single,False,
hotpotqa,5ade20125542997545bbbe52,fc9c219d047fc42c,1,0,0,0,1,single,False,
hotpotqa,5abe2ea05542991f661060f7,272e60795c19174d,1,0,0,0,1,single,False,
hotpotqa,5ae7536d5542995703ce8bec,8bf4ddca2a5c0284,1,0,0,0,1,single,False,
hotpotqa,5a7227d455429971e9dc9302,8176cd21ec4c9eb4,1,0,0,0,1,single,False,
hotpotqa,5abcd11355429965836004b0,85b4be7b83e8d454,1,0,0,0,1,single,False,
hotpotqa,5ae361185542994393b9e698,,0,0,0,-1,0,compile_failed,False,request failed for http://10.200.37.71:8801/v1/chat/completions: ReadTimeout
hotpotqa,5a90be7555429916514e754e,a1b7b9cd51a20f09,1,0,0,0,1,single,False,
hotpotqa,5ade6f1655429939a52fe8b7,83313915bd51318d,1,0,0,0,1,single,False,
hotpotqa,5adf146c5542995ec70e8f64,b6a7ffb90115ac47,1,0,0,0,1,single,False,
hotpotqa,5a85e57e5542991dd0999ebc,deafabe09151edbe,1,0,0,0,1,single,False,
hotpotqa,5ac2886a5542992f1f2b38ec,508659021489095f,3,2,0,2,3,chain,True,
hotpotqa,5ab3c0d255429969a97a81ad,68bac2e71653491e,1,0,0,0,1,single,False,
hotpotqa,5ae221455542994d89d5b363,946fd159a093a4dc,1,0,0,0,1,single,False,
hotpotqa,5ae5d537554299546bf82f92,c46f30198dee559e,1,0,0,0,1,single,False,
hotpotqa,5ab63f2f554299110f2199ec,257115f26c12dac7,1,0,0,0,1,single,False,
hotpotqa,5ae752385542997b22f6a6cd,faea8ad35240adde,1,0,0,0,1,single,False,
hotpotqa,5ab8844055429934fafe6e0b,2d57e22c458601f8,1,0,0,0,1,single,False,
hotpotqa,5ae0497355429924de1b708f,dfe8675fad4d6ef2,1,0,0,0,1,single,False,
hotpotqa,5a7d5c925542991319bc93b2,ff25fd83b351b060,1,0,0,0,1,single,False,
hotpotqa,5ab280815542993be8fa9932,98e59980fcd639a6,1,0,0,0,1,single,False,
hotpotqa,5ae61f8f5542995703ce8b15,49aa06b8e6c56def,1,0,0,0,1,single,False,
hotpotqa,5a7ca1b35542990527d554ea,038aac875815a3a9,1,0,0,0,1,single,False,
hotpotqa,5abba8d85542993f40c73b74,2b068bd4afc79da6,1,0,0,0,1,single,False,
hotpotqa,5adf9dfb5542992d7e9f93bc,ab03a115b012c896,1,0,0,0,1,single,False,
hotpotqa,5ae4056255429970de88d857,17e44b51d2a05f87,1,0,0,0,1,single,False,
hotpotqa,5a7cad2b55429935c91b5295,eb6c679683057fed,1,0,0,0,1,single,False,
hotpotqa,5ac2f5715542996773102658,c630f5e775487d26,1,0,0,0,1,single,False,
hotpotqa,5a8c4045554299240d9c20e7,a9ef8b38d3119da2,2,1,0,1,2,chain,False,
hotpotqa,5ab5f682554299637185c647,4f7ca4c6ecd052cc,2,1,0,1,2,chain,False,
hotpotqa,5ae45a4a55429970de88d93c,0d11122c3f7380a6,1,0,0,0,1,single,False,
hotpotqa,5a80aa47554299485f598694,d77575136ae506d7,1,0,0,0,1,single,False,
hotpotqa,5a7f44ce5542992e7d278cd8,eceb30be3b0d35e0,1,0,0,0,1,single,False,
hotpotqa,5ae58f99554299546bf82ef0,422c78354faf06f4,2,1,0,1,2,chain,False,
hotpotqa,5ae0eafd5542997b2ef7d070,cc25ec1f8379eea5,1,0,0,0,1,single,False,
hotpotqa,5ac4eefa55429924173fb4e9,09735bc461fe4bf6,3,3,0,2,3,complex,True,
hotpotqa,5adc6970554299438c868dab,3b1ef664a0b5cf2c,1,0,0,0,1,single,False,
hotpotqa,5a75163355429916b0164250,7265d2af2ac84f50,1,0,0,0,1,single,False,
hotpotqa,5a7918fd55429974737f7985,6d6ffa4b8623e3f2,1,0,0,0,1,single,False,
hotpotqa,5a7c60dd55429907fabeef73,e8e28a33f789eeec,1,0,0,0,1,single,False,
hotpotqa,5ae0f764554299422ee99586,76e43595b39c95a0,1,0,0,0,1,single,False,
hotpotqa,5a78dffb55429974737f78ec,5f36851971a80dcf,1,0,0,0,1,single,False,
hotpotqa,5ae697e95542996d980e7c2c,fbd4d419b13140ad,1,0,0,0,1,single,False,
hotpotqa,5ab296b1554299545a2cf9bb,6374d4ba16fc7b7d,1,0,0,0,1,single,False,
hotpotqa,5a7722be5542993569682cee,c3279ab712abbcc3,2,1,0,1,2,chain,False,
hotpotqa,5adc0eed55429944faac2408,d44961cce53eaf91,1,0,0,0,1,single,False,
hotpotqa,5a8e16d4554299068b959e59,0a4dad30e30f7b72,1,0,0,0,1,single,False,
hotpotqa,5ac54c685542993e66e822d3,eadf153c4d13ae98,1,0,0,0,1,single,False,
hotpotqa,5a80f46b554299260e20a1d8,8db60b0b9de108cf,1,0,0,0,1,single,False,
hotpotqa,5add1b475542994ed6169c8d,846923dcaf24939b,2,1,0,1,2,chain,False,
hotpotqa,5a8a5ae755429930ff3c0da9,019341f6bfe4fd3b,1,0,0,0,1,single,False,
hotpotqa,5ae36f645542991a06ce99c5,c5b76229a52487d1,1,0,0,0,1,single,False,
hotpotqa,5ab2ad5255429929539467d9,d6e48df31c92e7c7,1,0,0,0,1,single,False,
hotpotqa,5abfb3435542990832d3a1c1,c32f10503c0034b1,1,0,0,0,1,single,False,
hotpotqa,5ae3b5ee5542990afbd1e1ae,f569c2e3ebca93e7,1,0,0,0,1,single,False,
hotpotqa,5a7a8c925542995eb53be864,6eeb5fd15075120d,2,1,0,1,2,chain,False,
hotpotqa,5adf19fc5542993344016bd1,7fd6443aab30fe9b,1,0,0,0,1,single,False,
hotpotqa,5abeeae75542997719eab5fb,b4ffeefe9a05179f,1,0,0,0,1,single,False,
hotpotqa,5a86c91555429960ec39b6c7,f7020106be72e948,1,0,0,0,1,single,False,
hotpotqa,5a8f9752554299458435d684,a4c85a1972416316,1,0,0,0,1,single,False,
hotpotqa,5ae3ef1e5542995dadf2425f,8fc9a404583812d5,1,0,0,0,1,single,False,
hotpotqa,5a7630d95542994ccc91870a,d66247825086234d,1,0,0,0,1,single,False,
hotpotqa,5a7d7fad5542995f4f402286,347860ae93415815,1,0,0,0,1,single,False,
hotpotqa,5a7220c855429971e9dc92ab,0cf3672174074cc0,1,0,0,0,1,single,False,
hotpotqa,5a72acac5542991f9a20c566,7a7b855a1e217cfb,1,0,0,0,1,single,False,
hotpotqa,5ae40ba25542996836b02c23,e3e5fbe12f85c34f,1,0,0,0,1,single,False,
hotpotqa,5a7a3c445542990783324ed3,41513b6163866156,1,0,0,0,1,single,False,
hotpotqa,5ab59de9554299488d4d99fd,a5a86fe2828a63a9,1,0,0,0,1,single,False,
hotpotqa,5a773ec05542993735360224,4cb143042cc7fb02,2,1,0,1,2,chain,False,
hotpotqa,5ae533a65542992663a4f15b,ef701a975b835b33,1,0,0,0,1,single,False,
hotpotqa,5ae299975542992decbdcd46,cf538392dabb895e,1,0,0,0,1,single,False,
hotpotqa,5ab9885f5542996be2020544,70c87025f6965ae1,1,0,0,0,1,single,False,
hotpotqa,5a72bb1a5542991f9a20c58e,a901eff79675493b,1,0,0,0,1,single,False,
hotpotqa,5ae30be455429928c42395c6,bc7f811e88e44d6b,1,0,0,0,1,single,False,
hotpotqa,5ac1a00c55429963665198c0,974080dfe35c5934,2,1,0,1,2,chain,False,
hotpotqa,5ae4d97755429908b632648c,742ada5df8d662c7,1,0,0,0,1,single,False,
hotpotqa,5ae8155b55429952e35eaa01,34fd32f427d30c68,1,0,0,0,1,single,False,
hotpotqa,5abbcfb55542993f40c73baa,c99d70986540362d,1,0,0,0,1,single,False,
hotpotqa,5ade37b85542997c77adedb0,49e3ce9079e3e4f8,1,0,0,0,1,single,False,
hotpotqa,5abe52c155429965af743ec3,3acedf65b1b2ba4f,1,0,0,0,1,single,False,
hotpotqa,5ade273b5542992fa25da6f7,995613ffeb2dde8f,1,0,0,0,1,single,False,
hotpotqa,5ae58d6b5542993aec5ec1ba,07d7b8a98cc71be4,2,1,0,1,2,chain,False,
hotpotqa,5ae546a15542990ba0bbb24f,474b4a2f076de8f9,3,2,0,2,3,chain,True,
hotpotqa,5ae765a15542991e8301cc84,6a954db240b607c6,1,0,0,0,1,single,False,
hotpotqa,5a8360ec5542996488c2e430,1f06b8887fcc3ab8,1,0,0,0,1,single,False,
hotpotqa,5a8adec25542992d82986fbe,2edfe04fb26608da,1,0,0,0,1,single,False,
hotpotqa,5ae5b8cf55429960a22e031d,514708d782bd17df,1,0,0,0,1,single,False,
hotpotqa,5add363e5542992ae4cec4f1,,0,0,0,-1,0,compile_failed,False,request failed for http://10.200.37.71:8801/v1/chat/completions: ReadTimeout
hotpotqa,5a77e4ac55429967ab1052df,48002b0e2f4207f6,1,0,0,0,1,single,False,
hotpotqa,5a7b7a305542997c3ec971b2,4dafff3955aa95f4,2,1,0,1,2,chain,False,
hotpotqa,5ae3d10e5542994393b9e775,0611ad005652875c,1,0,0,0,1,single,False,
hotpotqa,5a8462805542990548d0b29f,6d763edbaf276082,1,0,0,0,1,single,False,
hotpotqa,5a7c736b55429907fabeef8e,e75b5cf2b673ccd6,1,0,0,0,1,single,False,
hotpotqa,5abff0075542994516f45536,23466a9930e39f5f,2,1,0,1,2,chain,False,
hotpotqa,5a7f5e025542992097ad2f40,4d989c45bb1c4dd7,1,0,0,0,1,single,False,
hotpotqa,5a7f644a55429969796c1a28,6703a718c6738157,1,0,0,0,1,single,False,
hotpotqa,5a883cb85542994846c1ce53,c5db303fc1ff7bd7,4,3,0,3,4,chain,True,
hotpotqa,5a8e262955429917b4a5bd55,e3e652867aaae6b6,1,0,0,0,1,single,False,
hotpotqa,5a74ada55542996c70cfada8,426f738726666346,1,0,0,0,1,single,False,
hotpotqa,5ac3bcfe5542993915413925,aabac88b4a4f0ed0,1,0,0,0,1,single,False,
hotpotqa,5a7a60cc55429941d65f25f5,cc30f5f2e216c466,1,0,0,0,1,single,False,
hotpotqa,5a77230855429966f1a36c9a,de056d0ebe045a95,1,0,0,0,1,single,False,
hotpotqa,5a7664525542992d0ec060d9,8661bb139c4d1cf7,1,0,0,0,1,single,False,
hotpotqa,5adcea3c5542992c1e3a24b0,225152d03b0450af,1,0,0,0,1,single,False,
hotpotqa,5ab287ef5542997061209657,e27ecb251a95d10c,2,1,0,1,2,chain,False,
hotpotqa,5a8c5b3e5542995e66a475d2,c7dfa80ba592c662,1,0,0,0,1,single,False,
hotpotqa,5a89302a55429946c8d6e90b,7a7a4775a4390a1f,1,0,0,0,1,single,False,
hotpotqa,5a7cec1d55429909bec7688c,d2f2ec7729b0001e,1,0,0,0,1,single,False,
hotpotqa,5ae7df9d55429952e35ea9c9,6ec882364d835870,1,0,0,0,1,single,False,
hotpotqa,5ab403d65542996a3a969ee7,3381067d55add47a,2,1,0,1,2,chain,False,
hotpotqa,5ac2c5e7554299218029db43,48622985441d568c,1,0,0,0,1,single,False,
hotpotqa,5a8298f855429954d2e2eb75,dc1878da38c8bea3,2,1,0,1,2,chain,False,
hotpotqa,5a7926fa554299148911fa0f,4f9d333b1f662740,3,2,0,2,3,chain,True,
hotpotqa,5ac321df5542995ef918c111,a37f788a8216efd3,6,6,0,5,6,complex,True,
hotpotqa,5adde7085542990dbb2f7f01,0a3ee64a5cd5f54f,1,0,0,0,1,single,False,
hotpotqa,5ac4ed6555429924173fb4e0,d6aceab3be1b5b0e,1,0,0,0,1,single,False,
hotpotqa,5abbc69a5542993f40c73b84,d53aaffd841ef080,1,0,0,0,1,single,False,
hotpotqa,5ab95d9c554299753720f80e,e4dd881c0709d60b,1,0,0,0,1,single,False,
hotpotqa,5ab7e4125542992aa3b8c87a,5379339a9cafff27,1,0,0,0,1,single,False,
hotpotqa,5ac3ab46554299218029dbf7,29a75cc739e6f144,1,0,0,0,1,single,False,
hotpotqa,5adeaf5955429939a52fe955,35c3a1c679b6d1d0,1,0,0,0,1,single,False,
hotpotqa,5a7e7b2c5542997cc2c4754e,cd07bb76b431d710,1,0,0,0,1,single,False,
hotpotqa,5ab46fd75542991751b4d771,349633daafbc2142,1,0,0,0,1,single,False,
hotpotqa,5a7fafad5542994857a767b8,42aeaa645efe9d07,1,0,0,0,1,single,False,
hotpotqa,5a7b8b6d5542995eb53be95a,616c9c1735e71b3f,1,0,0,0,1,single,False,
hotpotqa,5ab53b7d554299637185c523,90c30cedad039cfb,1,0,0,0,1,single,False,
hotpotqa,5a8402485542992ef85e2391,1945eae4a25b5dce,2,1,0,1,2,chain,False,
hotpotqa,5a721f4555429971e9dc929c,f707af19213232cd,1,0,0,0,1,single,False,
hotpotqa,5a8ade2b5542992d82986fbb,acc240c42c83b8d8,1,0,0,0,1,single,False,
hotpotqa,5a8a441755429930ff3c0d3e,809f177cd0986daa,3,2,0,2,3,chain,True,
hotpotqa,5ab721385542992aa3b8c7a3,bc902fc6e9015b99,2,1,0,1,2,chain,False,
hotpotqa,5ac1b27e5542994d76dcceba,5379339a9cafff27,1,0,0,0,1,single,False,
hotpotqa,5ac46f1f5542991943173990,694c89a817d954ba,1,0,0,0,1,single,False,
hotpotqa,5ab53102554299637185c4fa,c98c67c27a471e16,1,0,0,0,1,single,False,
hotpotqa,5ae237075542992decbdcc71,4bbad6ab26ec5e6a,1,0,0,0,1,single,False,
hotpotqa,5ae3d78b5542992f92d82395,c8b3db93d8c1e56c,1,0,0,0,1,single,False,
hotpotqa,5ac4fdb955429924173fb540,23faa1ddc8b9c0ff,1,0,0,0,1,single,False,
hotpotqa,5a7bc7b2554299294a54aacd,e103e8f766aac11e,1,0,0,0,1,single,False,
hotpotqa,5a893113554299669944a4f4,2c2c09d38011b3bb,1,0,0,0,1,single,False,
hotpotqa,5ae72338554299572ea54721,5916e63c0c00056a,1,0,0,0,1,single,False,
hotpotqa,5ae18a455542997b2ef7d1f6,3e07318d9b3c881b,1,0,0,0,1,single,False,
hotpotqa,5ae7e5235542993210983fad,9429cd840051ce03,1,0,0,0,1,single,False,
hotpotqa,5ac1a48f5542991316484b83,4a10993de944333e,2,1,0,1,2,chain,False,
hotpotqa,5abce6d0554299114383a183,02d4081a384af6bc,1,0,0,0,1,single,False,
hotpotqa,5ae536255542992663a4f16b,3b909b692345849e,2,1,0,1,2,chain,False,
hotpotqa,5ae63ef35542992ae0d1629e,d9ff40a5f674cabc,1,0,0,0,1,single,False,
hotpotqa,5a71982d5542994082a3e88b,ec947b41742a8b8e,2,1,0,1,2,chain,False,
hotpotqa,5ade1c5955429975fa854e5a,c9b83c9c742b330b,1,0,0,0,1,single,False,
hotpotqa,5a864aa05542996432c571ba,b14a18df490b15b5,1,0,0,0,1,single,False,
hotpotqa,5a8a18135542992d82986eac,930e0457e745de05,1,0,0,0,1,single,False,
hotpotqa,5ab27f93554299449642c8c7,508e470ab408c3d3,2,1,0,1,2,chain,False,
hotpotqa,5ae7bc975542993210983f21,db057c631863bd88,1,0,0,0,1,single,False,
hotpotqa,5ac426285542991943173933,6dde607fcfe0d082,1,0,0,0,1,single,False,
hotpotqa,5a7f80b555429969796c1a7b,3ab6e16f0045a759,1,0,0,0,1,single,False,
hotpotqa,5adf8d36554299025d62a2b5,fb8412d802fc5418,1,0,0,0,1,single,False,
hotpotqa,5a73a96e554299623ed4ac0d,60221187d9362324,1,0,0,0,1,single,False,
hotpotqa,5a8b5f5f55429949d91db577,96535528956c2021,1,0,0,0,1,single,False,
hotpotqa,5a7cc9ba554299452d57ba61,90fb350c4271c320,1,0,0,0,1,single,False,
hotpotqa,5ae361965542991a06ce99ac,9bc63fc67e2b17d2,1,0,0,0,1,single,False,
hotpotqa,5abb1cc55542992ccd8e7f16,a40748b0315d8005,2,1,0,1,2,chain,False,
hotpotqa,5ac07ed35542996f0d89cbfb,4a4a979f602605c0,1,0,0,0,1,single,False,
hotpotqa,5a7a32e75542990198eaf0d7,caf2a2660d25da42,1,0,0,0,1,single,False,
hotpotqa,5ae0df555542990adbacf699,22fef6f36497b50c,1,0,0,0,1,single,False,
hotpotqa,5ab411665542996a3a969f0e,a035f5b0f6b60c13,1,0,0,0,1,single,False,
hotpotqa,5ac4973c5542996feb3fe8f9,ee6547be050e1a5d,1,0,0,0,1,single,False,
hotpotqa,5abce54255429959677d6b21,85dcb36a6beeef0d,1,0,0,0,1,single,False,
hotpotqa,5ab775405542995dae37e926,6d124b2a17659446,2,1,0,1,2,chain,False,
hotpotqa,5ae13b5d5542997b2ef7d148,ce6ac8a4dfa21bce,2,1,0,1,2,chain,False,
hotpotqa,5ab25f665542993be8fa98ee,f41f45cf0034b6b0,1,0,0,0,1,single,False,
hotpotqa,5a88a7215542997e5c09a68f,21e93c9ec2ea95bb,1,0,0,0,1,single,False,
hotpotqa,5ab87cd85542992aa3b8c8ee,d9997f8305463fc5,1,0,0,0,1,single,False,
hotpotqa,5a8492385542997b5ce3fec2,052a7c61e07ddbd7,1,0,0,0,1,single,False,
hotpotqa,5a7767a1554299373536025e,6feb6b76d4fd9789,2,1,0,1,2,chain,False,
hotpotqa,5ab2bc0b554299166977407b,6c8666368af1f6a0,1,0,0,0,1,single,False,
hotpotqa,5a74b43855429974ef308c37,2ab89e19f0a616fe,2,1,0,1,2,chain,False,
hotpotqa,5ae1cdee554299234fd04305,96746b040f2bad17,1,0,0,0,1,single,False,
hotpotqa,5a77a5b95542992a6e59df51,7895c6fb38b03aaa,1,0,0,0,1,single,False,
hotpotqa,5a7b8eff554299294a54a9f5,cb638d21163a8bd4,1,0,0,0,1,single,False,
hotpotqa,5a88bb615542993e715ac08d,4aab355d6940585c,1,0,0,0,1,single,False,
hotpotqa,5a7d45fb5542995f4f40224b,e81c32a82675cfac,3,2,0,2,3,chain,True,
hotpotqa,5ab3f6525542992ade7c6ef6,ef1af0df40c487c4,1,0,0,0,1,single,False,
hotpotqa,5a7600d95542994ccc91867e,867fc4576a552ae2,1,0,0,0,1,single,False,
hotpotqa,5ab861fd5542992aa3b8c8d0,a37cf80cce0c20f2,1,0,0,0,1,single,False,
hotpotqa,5a7ae2535542995eb53be8b4,9420c394de652683,2,1,0,1,2,chain,False,
hotpotqa,5a8647365542996432c571b4,b7f9c95b3ef2e8b2,1,0,0,0,1,single,False,
hotpotqa,5adfa4fc55429942ec259acd,c8dc4017449455dc,1,0,0,0,1,single,False,
hotpotqa,5adcba6a5542994ed6169bd8,8938249e326dab4d,1,0,0,0,1,single,False,
hotpotqa,5abe875855429965af743f30,d94e10f75351f345,1,0,0,0,1,single,False,
hotpotqa,5ab350bb554299233954ff48,864f37a5823a732c,1,0,0,0,1,single,False,
hotpotqa,5a7d19ed554299452d57baea,35a0da9f14a221b8,1,0,0,0,1,single,False,
hotpotqa,5a88662255429938390d3f4a,921dc3a570f3fb05,2,1,0,1,2,chain,False,
hotpotqa,5ab5034255429942dd415fc7,efa88e7c1777f691,1,0,0,0,1,single,False,
hotpotqa,5a8200c9554299676cceb1cd,60a15299f8f69d3f,1,0,0,0,1,single,False,
hotpotqa,5ab982da5542996be2020538,ce7485479c3dc012,1,0,0,0,1,single,False,
hotpotqa,5ab8314155429919ba4e225d,e3495680ec771dc9,1,0,0,0,1,single,False,
hotpotqa,5ab336cf55429916697741a0,ebdbda1b03d33505,1,0,0,0,1,single,False,
hotpotqa,5ab2f9ad55429976abd1bbe4,eab342946e5001fe,1,0,0,0,1,single,False,
hotpotqa,5abe372955429965af743e9a,2de550ced7eba554,1,0,0,0,1,single,False,
hotpotqa,5a83142855429954d2e2ec09,6095adc526b98dcd,1,0,0,0,1,single,False,
hotpotqa,5ab8bbff55429919ba4e2363,eb620d49a03bcdb9,1,0,0,0,1,single,False,
hotpotqa,5a7cba265542990527d55517,5ef9e8d12721eaa3,1,0,0,0,1,single,False,
hotpotqa,5ab280125542993be8fa9931,251007e408f14f42,1,0,0,0,1,single,False,
hotpotqa,5ab47d3f5542991751b4d78e,e58efff7902540bd,2,1,0,1,2,chain,False,
hotpotqa,5a8b45505542997f31a41ccc,63b7961fde9680be,1,0,0,0,1,single,False,
hotpotqa,5ac5090e5542996feb3fe9d6,b988b8a037345a1d,2,1,0,1,2,chain,False,
hotpotqa,5adbcb2b5542996e68525239,38b267c0a07d0870,1,0,0,0,1,single,False,
hotpotqa,5add8ce95542997545bbbd76,5e1fa7a5a7dc9880,1,0,0,0,1,single,False,
hotpotqa,5abe327c5542991f661060fc,a8edc66a5b3fec37,1,0,0,0,1,single,False,
hotpotqa,5a839e905542990548d0b203,fcfc25ed489e6284,1,0,0,0,1,single,False,
hotpotqa,5ae4c15555429960a22e01b7,97c5601eb33f39a6,1,0,0,0,1,single,False,
hotpotqa,5ab4c1715542996a3a969fc4,d8e97fefc301cb07,1,0,0,0,1,single,False,
hotpotqa,5ae068255542993d6555eb50,72ae7ab0bfcf46a2,1,0,0,0,1,single,False,
hotpotqa,5add4c885542995b365fab00,ece78c435bb4ceac,1,0,0,0,1,single,False,
hotpotqa,5a745e5955429979e2882927,4e743eae58bbd34d,1,0,0,0,1,single,False,
hotpotqa,5abcfc375542992ac4f38179,f83e1f77fd23f797,1,0,0,0,1,single,False,
hotpotqa,5a78f8dc55429974737f792c,ac12c4202f45f920,1,0,0,0,1,single,False,
hotpotqa,5abc6e9b554299658360044d,7782e9dd4ba243a1,1,0,0,0,1,single,False,
hotpotqa,5abc18af5542993a06baf865,ff463a55ae97fdca,1,0,0,0,1,single,False,
hotpotqa,5a7bf7b75542990527d55434,4bea9bc8b433f522,1,0,0,0,1,single,False,
hotpotqa,5a8b2e515542997f31a41ca7,d5734d51958612f8,1,0,0,0,1,single,False,
hotpotqa,5abb1809554299232ef4a3d1,364955ff844ff5c4,2,1,0,1,2,chain,False,
hotpotqa,5ab2582b55429970612095e5,321062aa86a26c39,1,0,0,0,1,single,False,
hotpotqa,5a7a54875542990783324f13,aef80a6f7e70c6c5,1,0,0,0,1,single,False,
hotpotqa,5ae111d155429920d52342bb,c385329eb949011a,1,0,0,0,1,single,False,
hotpotqa,5ab815fe5542995dae37ea31,b634af90554a5697,1,0,0,0,1,single,False,
hotpotqa,5a7e6ccb5542991319bc94a5,b55d512f14358b00,1,0,0,0,1,single,False,
hotpotqa,5a7cea1e55429909bec7687d,6704d3f29f29526b,1,0,0,0,1,single,False,
hotpotqa,5ab850d75542990e739ec8c0,151eb01aeb6e0fea,1,0,0,0,1,single,False,
hotpotqa,5a872d2e5542991e7718170b,5e0dee997fd247e3,1,0,0,0,1,single,False,
hotpotqa,5a8351f355429954d2e2ec97,e5d3b8028bf1558f,1,0,0,0,1,single,False,
hotpotqa,5adc2d9355429944faac2449,ab6f8b7f8df3818f,1,0,0,0,1,single,False,
hotpotqa,5a736ba255429901807db040,762b0def2fe53cf0,1,0,0,0,1,single,False,
hotpotqa,5a77b5405542992a6e59df92,6326b533de52bcc7,1,0,0,0,1,single,False,
hotpotqa,5add52715542992200553aa4,98fbb384b8c57c03,1,0,0,0,1,single,False,
hotpotqa,5abd595e5542992ac4f3829c,f72bceca3e6fd8c4,1,0,0,0,1,single,False,
hotpotqa,5ade9aea55429939a52fe8fb,ba3f5688ba8dc845,1,0,0,0,1,single,False,
hotpotqa,5a76b4325542993735360170,a22b4b5cbb134c68,1,0,0,0,1,single,False,
hotpotqa,5ae00f9355429906c02daab8,eeaa0f7707453fb7,1,0,0,0,1,single,False,
hotpotqa,5a8056935542996402f6a4e5,968071f007429a1c,2,1,0,1,2,chain,False,
hotpotqa,5ab9241b55429934fafe6e6a,7edb5557ce7f633a,1,0,0,0,1,single,False,
hotpotqa,5ab9473a554299743d22eab2,f10196b873015089,1,0,0,0,1,single,False,
hotpotqa,5a7cd9eb55429909bec7684b,704ad68a3060d77b,1,0,0,0,1,single,False,
hotpotqa,5ae22fe65542994d89d5b386,0f35fdaec69c9066,1,0,0,0,1,single,False,
hotpotqa,5a751da05542993748c897be,89e382cadacc27e6,2,1,0,1,2,chain,False,
hotpotqa,5a7767ed55429966f1a36d26,2e7e42fa2e1de368,1,0,0,0,1,single,False,
hotpotqa,5a824828554299676cceb246,3fed4c27a313937e,2,1,0,1,2,chain,False,
hotpotqa,5ab51cba5542990594ba9d0c,05b5c4093bfdcbdc,1,0,0,0,1,single,False,
hotpotqa,5a72a0f65542992359bc3144,11311dbede315f6d,1,0,0,0,1,single,False,
hotpotqa,5a85e7a75542991dd0999ec0,8244682f830204fa,1,0,0,0,1,single,False,
hotpotqa,5a80b23a5542992bc0c4a7b2,6b9fae7896864f92,1,0,0,0,1,single,False,
hotpotqa,5a7400b45542993a88ae2ee7,329fd0fdca3f79ca,1,0,0,0,1,single,False,
hotpotqa,5abbfb7f554299114383a0d1,bd116cc304aef1d2,1,0,0,0,1,single,False,
hotpotqa,5a75347955429916b0164294,bb76891f95ced317,1,0,0,0,1,single,False,
hotpotqa,5ab7ba1b55429928e1fe38b1,17e8ad373c6bcba6,1,0,0,0,1,single,False,
hotpotqa,5a722d7955429971e9dc9331,b6f1fd9179a82e43,1,0,0,0,1,single,False,
hotpotqa,5aba5aff554299232ef4a2ab,4e32d5db37b494d2,3,3,0,2,3,complex,True,
hotpotqa,5a7e200655429965cec5ea84,3c7c059f1b07a007,1,0,0,0,1,single,False,
hotpotqa,5a8b802e5542995d1e6f13c7,81795970611da4db,1,0,0,0,1,single,False,
hotpotqa,5adfa55c5542995ec70e905a,93baa4b0e3f09df2,1,0,0,0,1,single,False,
hotpotqa,5a85e8d05542994775f606a4,df02ec4928dd56e2,1,0,0,0,1,single,False,
hotpotqa,5a777ec855429949eeb29e85,290e93d3380d5a03,2,1,0,1,2,chain,False,
hotpotqa,5a75da8c55429976ec32bc39,c8361bc8fc7fbd90,1,0,0,0,1,single,False,
hotpotqa,5a7e8ee1554299306751357c,6703adec1b10bbb0,1,0,0,0,1,single,False,
hotpotqa,5a7aa18f55429927d897bee9,bdb9f01df17e9358,1,0,0,0,1,single,False,
hotpotqa,5a88839c5542994846c1ce8b,c46a596a752ea6c2,2,1,0,1,2,chain,False,
hotpotqa,5ac46d9c554299194317398a,f0fbaa1aa377a603,1,0,0,0,1,single,False,
hotpotqa,5a7333035542992359bc3286,4916020c8d8d5d5d,1,0,0,0,1,single,False,
hotpotqa,5ac0ffc0554299012d1db67f,f7dd3a7e672193ac,1,0,0,0,1,single,False,
hotpotqa,5abd28fc55429924427fcf28,aa24baca40b92c1b,1,0,0,0,1,single,False,
hotpotqa,5a79cdb4554299148911fa5a,e9ed8b2bd93764d3,1,0,0,0,1,single,False,
hotpotqa,5a8849a855429938390d3f21,a6f6558424b7c688,1,0,0,0,1,single,False,
hotpotqa,5a72fd425542991f9a20c5ec,8f38b779a058120b,1,0,0,0,1,single,False,
hotpotqa,5a82f88b55429954d2e2ebda,1553f2c415e62bff,2,1,0,1,2,chain,False,
hotpotqa,5adfe45b554299603e4183b8,6ae0f958807f923e,2,1,0,1,2,chain,False,
hotpotqa,5a7fbb015542994857a767e2,771a3860a6a5e27b,1,0,0,0,1,single,False,
hotpotqa,5ab3fc575542992339550028,a383fe9782f06ec4,1,0,0,0,1,single,False,
hotpotqa,5ab2c5d855429916697740b9,3ffb4d3eb9fea67a,1,0,0,0,1,single,False,
hotpotqa,5ae619455542995703ce8afa,010f812d4fe5ac32,2,1,0,1,2,chain,False,
hotpotqa,5adccbce5542990d50227d27,eeaafa0285d40fab,1,0,0,0,1,single,False,
hotpotqa,5a81a7465542990a1d231e49,c9e7902eb23b69af,2,1,0,1,2,chain,False,
hotpotqa,5a8f587e5542992414482a6b,4662f5c48bd1432a,1,0,0,0,1,single,False,
hotpotqa,5a739f8a55429978a71e904c,77bbf66991ee9c24,1,0,0,0,1,single,False,
hotpotqa,5a77188a55429972597f1433,ddbbcd06fa190f0d,1,0,0,0,1,single,False,
hotpotqa,5ab7de225542992aa3b8c863,d1aac117e208530c,1,0,0,0,1,single,False,
hotpotqa,5ae370cf5542990afbd1e149,4e122035b7ebdcb4,2,1,0,1,2,chain,False,
hotpotqa,5a7786d555429949eeb29ecc,18101ae2fd510b2b,1,0,0,0,1,single,False,
hotpotqa,5a8fc70d55429918e830d2d7,36964a52ffc35805,1,0,0,0,1,single,False,
hotpotqa,5abae23f5542996cc5e49ed5,56bc0c5147c02adc,1,0,0,0,1,single,False,
hotpotqa,5a837b5b554299123d8c2138,558a79d62ce6b9b8,1,0,0,0,1,single,False,
hotpotqa,5ac2f3f3554299218029dbaa,a68d6464ef8aadd6,1,0,0,0,1,single,False,
hotpotqa,5ab352e85542992ade7c6dda,8b9a97b5691ae54e,2,1,0,1,2,chain,False,
hotpotqa,5a70ff4d5542994082a3e49d,0b214fc67f79ff1e,1,0,0,0,1,single,False,
hotpotqa,5a8052525542996402f6a4c2,469f4ecac445cc17,1,0,0,0,1,single,False,
hotpotqa,5ac3922055429939154137e0,b2d17425abd0a32f,1,0,0,0,1,single,False,
hotpotqa,5ae3a5845542994393b9e731,33ebf3f20a4eb03f,1,0,0,0,1,single,False,
hotpotqa,5a848c955542997b5ce3feb2,44b535e3095de111,1,0,0,0,1,single,False,
hotpotqa,5a7e0c8e5542995ed0d16680,85f1b40eacc2a99b,1,0,0,0,1,single,False,
hotpotqa,5a74c0785542996c70cfadd3,939c6f9a0f479c26,1,0,0,0,1,single,False,
hotpotqa,5ae1370055429901ffe4adf7,deb4241176277e12,1,0,0,0,1,single,False,
hotpotqa,5abb11785542996cc5e49f89,f66e6d9f26ccfa25,2,1,0,1,2,chain,False,
hotpotqa,5a8468155542990548d0b2b0,70bca78237e7f89e,2,1,0,1,2,chain,False,
hotpotqa,5ae4a41955429970de88d9ec,a0b19dfc175b7b03,2,1,0,1,2,chain,False,
hotpotqa,5a8636175542994775f6071c,76e57421fde91205,1,0,0,0,1,single,False,
hotpotqa,5ab7fdfe5542993667794091,,0,0,0,-1,0,compile_failed,False,request failed for http://10.200.37.71:8801/v1/chat/completions: ReadTimeout
hotpotqa,5ac19ec555429963665198bd,0393af8ce8927e64,1,0,0,0,1,single,False,
hotpotqa,5a7276fd5542994cef4bc2b4,2dda827feb90ad87,1,0,0,0,1,single,False,
hotpotqa,5a77c0805542995d831812a0,3ab33f354b907ac0,1,0,0,0,1,single,False,
hotpotqa,5abc153f5542993a06baf84e,5c7783845ddcac9c,2,1,0,1,2,chain,False,
hotpotqa,5a8b4d3c55429949d91db53b,3b1b718288a08a8f,1,0,0,0,1,single,False,
hotpotqa,5a8c6088554299653c1aa053,95cee11d288088b3,1,0,0,0,1,single,False,
hotpotqa,5a84b0915542994c784dda0d,feb490a4aca9a66a,1,0,0,0,1,single,False,
hotpotqa,5ac154af5542994d76dccdd7,832c2fe56af467cc,1,0,0,0,1,single,False,
hotpotqa,5ae1e5f65542997f29b3c181,4939a5cec3147a8f,3,3,0,2,3,complex,True,
hotpotqa,5ae0f7c9554299422ee99589,27f786aaecd49e21,1,0,0,0,1,single,False,
hotpotqa,5ab95d3d5542996be20204a7,9126891a9c8ff899,1,0,0,0,1,single,False,
hotpotqa,5adf8dc2554299025d62a2b7,c9076eadc944d1d2,1,0,0,0,1,single,False,
hotpotqa,5ae454065542996836b02c75,288c9b9a3a1864ad,2,1,0,1,2,chain,False,
hotpotqa,5a8a3d185542992d82986f07,0ada4b5cf2e7ea73,1,0,0,0,1,single,False,
hotpotqa,5ae307435542992decbdcdc8,f30c08029d1b9ef9,2,1,0,1,2,chain,False,
hotpotqa,5a7f53305542994857a766ee,a3d0465b99708d13,1,0,0,0,1,single,False,
hotpotqa,5ab7f5025542991d322237dc,c0fbfbb4d6a9e63d,1,0,0,0,1,single,False,
hotpotqa,5a8f900d55429918e830d265,ed95c01f88035e15,1,0,0,0,1,single,False,
hotpotqa,5a76387d55429976ec32bd7d,fe39adc8c736e991,1,0,0,0,1,single,False,
hotpotqa,5add4b065542997545bbbd1e,e0c68a75991a8ebd,1,0,0,0,1,single,False,
hotpotqa,5aba253455429939ce03dc65,c052b53d71e0c0eb,1,0,0,0,1,single,False,
hotpotqa,5a8f41695542992414482a16,f5132994cc35a9fd,1,0,0,0,1,single,False,
hotpotqa,5ab37b8455429969a97a815d,b2c769d2164c5cc4,1,0,0,0,1,single,False,
hotpotqa,5ae3539d5542992e3233c37f,9c1abfa24d483ac3,1,0,0,0,1,single,False,
hotpotqa,5a77af5f55429967ab10522c,460d9410cbc0e1f4,2,1,0,1,2,chain,False,
hotpotqa,5a8ccbd0554299441c6b9f0d,e97329140c783f6a,1,0,0,0,1,single,False,
hotpotqa,5ab29aef554299194fa9343e,a7befa649b53b85e,1,0,0,0,1,single,False,
hotpotqa,5a76aa00554299373536013f,783602423d8af909,1,0,0,0,1,single,False,
hotpotqa,5a7310945542992359bc3223,46bf47a9ebe7ed10,1,0,0,0,1,single,False,
hotpotqa,5aba7a03554299232ef4a2e6,23b1eb5a0c85a717,1,0,0,0,1,single,False,
hotpotqa,5ac0229a554299012d1db5b5,ed40c9b966528fa0,1,0,0,0,1,single,False,
hotpotqa,5a73972e55429908901be305,9db78e6cf2358949,1,0,0,0,1,single,False,
hotpotqa,5a7196ee5542994082a3e889,7432bd6d50fdb97e,1,0,0,0,1,single,False,
hotpotqa,5ae3bd785542992f92d82360,1aeef85413afde1b,1,0,0,0,1,single,False,
hotpotqa,5ade8e1f554299728e26c730,46be91c2febd413a,1,0,0,0,1,single,False,
hotpotqa,5a8672e65542994775f60767,9ca67d950c2b4268,1,0,0,0,1,single,False,
hotpotqa,5add3ca25542997545bbbce2,494e77ae616c3492,1,0,0,0,1,single,False,
hotpotqa,5abe7ed955429965af743f21,f14bbf85708036b8,1,0,0,0,1,single,False,
hotpotqa,5ae3fa5f5542991a06ce9a43,dbfa84321e6283ab,1,0,0,0,1,single,False,
hotpotqa,5ae3c6bd5542990afbd1e1cd,fa065a900f20492c,1,0,0,0,1,single,False,
hotpotqa,5ac1020b5542996f0d89cc53,3d6717dcc82a76d0,2,1,0,1,2,chain,False,
hotpotqa,5ab7f77b5542993667794072,7358c3df04fcd15e,1,0,0,0,1,single,False,
hotpotqa,5a8de7595542995085b37351,f2a8255dfef0a129,1,0,0,0,1,single,False,
hotpotqa,5a81d42a55429903bc27b9cd,d6b41fc2712c12ae,1,0,0,0,1,single,False,
hotpotqa,5abde3445542991f66106093,ebf1a3fce7ff834c,4,3,0,3,4,chain,True,
hotpotqa,5a8afb2a55429949d91db453,db45f6946cd4e7b8,1,0,0,0,1,single,False,
hotpotqa,5ae8081b5542994a481bbe93,c6be348b93d105cb,1,0,0,0,1,single,False,
hotpotqa,5ab4190b5542992339550037,ff4d7c014c65e92b,1,0,0,0,1,single,False,
hotpotqa,5a7a5aad5542996c55b2dd6c,5e3e075d9f4f0ab8,1,0,0,0,1,single,False,
hotpotqa,5a7f3ca555429930675136ca,d00efcb0089b9a96,1,0,0,0,1,single,False,
hotpotqa,5abfb29d5542997ec76fd435,69365f6fe0f35022,1,0,0,0,1,single,False,
hotpotqa,5abe802e55429965af743f24,be077ce56abb7075,1,0,0,0,1,single,False,
hotpotqa,5aba0bd955429955dce3edb6,fe64c3e1e7d3608f,1,0,0,0,1,single,False,
hotpotqa,5ae4d99b55429960a22e01fb,8053305ee919b46c,3,3,0,2,3,complex,True,
hotpotqa,5ab940db554299743d22ea7f,99e608421c7b763b,1,0,0,0,1,single,False,
hotpotqa,5ae3e9875542995ad6573c95,a5b7c525a7500c50,1,0,0,0,1,single,False,
hotpotqa,5a83572e5542993344745fff,0fbd48e417e565da,1,0,0,0,1,single,False,
hotpotqa,5adfed1b554299603e4183c4,4c82433488d2cc93,1,0,0,0,1,single,False,
hotpotqa,5a8f116f5542995b44241f4a,412896df4d692793,1,0,0,0,1,single,False,
hotpotqa,5ae5138e55429908b6326511,be5f04379c1d22e6,1,0,0,0,1,single,False,
hotpotqa,5a7a222f5542996a35c170e5,ae5a08b955e408e4,1,0,0,0,1,single,False,
hotpotqa,5a81acf755429903bc27b9a2,9606cdd64c0b5694,1,0,0,0,1,single,False,
hotpotqa,5a8a33805542996c9b8d5e46,0dde281fc9a67035,1,0,0,0,1,single,False,
hotpotqa,5abfa32a5542993fe9a41e1e,98e5277fe60c4a0b,1,0,0,0,1,single,False,
hotpotqa,5a8404b65542990548d0b255,087ca3841a512519,1,0,0,0,1,single,False,
hotpotqa,5a8cb5b45542996e8ac88b33,ecd585882d0257d6,1,0,0,0,1,single,False,
hotpotqa,5abb03e15542992ccd8e7eb1,c7475070076520dd,1,0,0,0,1,single,False,
hotpotqa,5a8a98725542996c9b8d5f2f,23fb6ed608ab4ed0,1,0,0,0,1,single,False,
hotpotqa,5a7d4f535542991319bc939f,7924be38f4568943,2,1,0,1,2,chain,False,
hotpotqa,5ae71f815542996d980e7cab,f5a0665c258891a1,1,0,0,0,1,single,False,
hotpotqa,5a78f72655429974737f7928,c5bd67965852f17e,1,0,0,0,1,single,False,
hotpotqa,5a7a50d455429941d65f25ac,a4e582546a97a424,2,1,0,1,2,chain,False,
hotpotqa,5a8b46e75542995d1e6f133e,8aafda2eb8fc8023,1,0,0,0,1,single,False,
hotpotqa,5ae749b35542997b22f6a67e,5dcc596cfcd8a912,1,0,0,0,1,single,False,
hotpotqa,5a7313305542994cef4bc441,49cb2685b5dbecc4,2,1,0,1,2,chain,False,
hotpotqa,5a76b3055542993735360169,93f75d5287302b40,1,0,0,0,1,single,False,
hotpotqa,5ae38cdd5542994393b9e6f6,8c73251f217fbbba,1,0,0,0,1,single,False,
hotpotqa,5ae5c8da55429929b080798d,9c88afdf4dc31248,1,0,0,0,1,single,False,
hotpotqa,5ae75eec5542997b22f6a701,633da15136e3115a,1,0,0,0,1,single,False,
hotpotqa,5ab2f7175542991669774160,2ed7790c230e3a05,2,1,0,1,2,chain,False,
hotpotqa,5a8dba6c554299441c6ba062,4d466e95706e9070,1,0,0,0,1,single,False,
hotpotqa,5ac16e3055429964131be1f3,805693d4c6621d08,1,0,0,0,1,single,False,
hotpotqa,5a7b6b7f55429931da12caa2,17452b57a4e64679,1,0,0,0,1,single,False,
hotpotqa,5a839c66554299123d8c2168,010cda6cf50c98bb,1,0,0,0,1,single,False,
hotpotqa,5abe1e255542991f661060d9,c3b0ccea2ca69f9a,1,0,0,0,1,single,False,
hotpotqa,5abc7eb1554299658360045a,a0add85eeae364a4,1,0,0,0,1,single,False,
hotpotqa,5abdb5e15542996e802b481d,4db4d247864fd050,1,0,0,0,1,single,False,
hotpotqa,5a8fba985542997ba9cb330a,16d09c7e232d32dd,2,1,0,1,2,chain,False,
hotpotqa,5a8326c45542990548d0b197,f249aef738fab5cc,1,0,0,0,1,single,False,
hotpotqa,5a76d02c5542994aec3b7181,2d942e08dcd635a6,1,0,0,0,1,single,False,
hotpotqa,5adc61905542996e68525341,0f5aae7864abe977,1,0,0,0,1,single,False,
hotpotqa,5a87b6eb5542994846c1cdd6,03e8a18a2d614a3c,1,0,0,0,1,single,False,
hotpotqa,5a74f3305542996c70cfae4d,c703bad26d955065,1,0,0,0,1,single,False,
hotpotqa,5a7ffc185542994857a76880,6532383fe5ba1d18,1,0,0,0,1,single,False,
hotpotqa,5a821f2b5542990a1d231f5b,af508723d1d74b36,1,0,0,0,1,single,False,
hotpotqa,5a77f3eb5542992a6e59e01c,5d4cfac27821b46e,1,0,0,0,1,single,False,
hotpotqa,5adf8e945542995534e8c7e7,bd22480851517552,1,0,0,0,1,single,False,
hotpotqa,5a836b6b5542992ef85e22b7,d534a0ecfa60a79b,1,0,0,0,1,single,False,
hotpotqa,5a7cc4b2554299452d57ba38,8c03a228fcd662cd,1,0,0,0,1,single,False,
hotpotqa,5a7da6b55542995f4f40229f,258f783113ae5fdd,1,0,0,0,1,single,False,
hotpotqa,5adddb265542992200553b60,4e0498c0e49f9ca7,1,0,0,0,1,single,False,
hotpotqa,5abb4cbf5542993f40c73aeb,afa606ab409b5546,1,0,0,0,1,single,False,
hotpotqa,5a7797e155429967ab105209,7bb69ddb1fe5012e,1,0,0,0,1,single,False,
hotpotqa,5ab47b315542990594ba9c2d,9b813610f682ee3b,2,1,0,1,2,chain,False,
hotpotqa,5a7363545542991f29ee2dd6,315b4d13c8c0432f,1,0,0,0,1,single,False,
hotpotqa,5a8452ce55429933447460db,311feda256b2a5c3,3,2,0,2,3,chain,True,
hotpotqa,5a8486f65542992a431d1a43,7b01ca4062f38332,1,0,0,0,1,single,False,
hotpotqa,5a72299155429971e9dc9319,6c32406a097ca7ef,1,0,0,0,1,single,False,
hotpotqa,5a77f6da55429949eeb29fc7,a2e602d979da9923,1,0,0,0,1,single,False,
hotpotqa,5a8b065d55429949d91db46c,9249363e275ba00b,2,1,0,1,2,chain,False,
hotpotqa,5adfd82b55429942ec259b56,70f82970e782a49b,1,0,0,0,1,single,False,
hotpotqa,5ab60b57554299110f2199c5,5a5e4a240ed0c524,1,0,0,0,1,single,False,
hotpotqa,5adea57f5542992fa25da7ee,8d00082ccb9b6aef,1,0,0,0,1,single,False,
hotpotqa,5ae7d8d2554299540e5a5666,a9f409cb449f2b0b,1,0,0,0,1,single,False,
hotpotqa,5ab3e8485542992ade7c6edf,5c503191ecfc3442,1,0,0,0,1,single,False,
hotpotqa,5a821d71554299676cceb21c,91018332c5326a1d,1,0,0,0,1,single,False,
hotpotqa,5a7a29c25542996c55b2dd2b,b3d6c0f1de584d10,1,0,0,0,1,single,False,
hotpotqa,5abe875f5542993f32c2a154,326a1b19b41564ae,1,0,0,0,1,single,False,
hotpotqa,5a72dd535542991f9a20c5ca,29bae344a763a3ab,2,1,0,1,2,chain,False,
hotpotqa,5ac558ae5542993e66e82325,39cd77aea09b7e6d,2,1,0,1,2,chain,False,
hotpotqa,5a727c6c5542991f9a20c48f,a23143f70719339e,1,0,0,0,1,single,False,
hotpotqa,5ae07ff755429945ae959387,3606b734133cebb8,1,0,0,0,1,single,False,
hotpotqa,5a85ca165542992a431d1ba9,42f01ef3a57d380d,1,0,0,0,1,single,False,
hotpotqa,5ab2df94554299295394688c,b200f93aec6c84bf,2,1,0,1,2,chain,False,
hotpotqa,5abfa4815542993fe9a41e28,6ea52f69150277d6,1,0,0,0,1,single,False,
hotpotqa,5a9002665542995651fb50a3,a974a6cdb6661e5e,1,0,0,0,1,single,False,
hotpotqa,5a8781a15542993e715abf8e,3fda0147d1dadfeb,2,1,0,1,2,chain,False,
hotpotqa,5ab395c4554299233954ff5a,9ea2c1099f3e6cb0,1,0,0,0,1,single,False,
hotpotqa,5a8daafd554299441c6ba02f,f6e6185f31bc4d75,1,0,0,0,1,single,False,
hotpotqa,5ac491eb5542996feb3fe8d2,4b5f900625c0e978,2,1,0,1,2,chain,False,
hotpotqa,5a82f84355429966c78a6abb,5e4a5f60d5e54430,1,0,0,0,1,single,False,
hotpotqa,5ae78b655542997ec272769e,0e11fd90e24540e6,1,0,0,0,1,single,False,
hotpotqa,5a7396f055429908901be304,,0,0,0,-1,0,compile_failed,False,request failed for http://10.200.37.71:8801/v1/chat/completions: ReadTimeout
hotpotqa,5ae1b2af5542997283cd2244,27ab2bb8f598d4e3,3,2,0,2,3,chain,True,
hotpotqa,5ae4b6065542995dadf243cc,0e34cd4ecc01c3fa,1,0,0,0,1,single,False,
hotpotqa,5aba793a554299232ef4a2de,5f618a985d6e30f7,1,0,0,0,1,single,False,
hotpotqa,5a771ffe5542993569682cd7,fc2b74ea11268307,1,0,0,0,1,single,False,
hotpotqa,5add21705542990d50227dfb,ee88652c2c4fc4b0,1,0,0,0,1,single,False,
hotpotqa,5ab462a55542990594ba9c0a,763701a5dfe48c96,1,0,0,0,1,single,False,
hotpotqa,5abc9cba5542993a06baf92f,d6828c0436601763,1,0,0,0,1,single,False,
hotpotqa,5abd4bf155429933744ab76b,b95049b28da18f28,1,0,0,0,1,single,False,
hotpotqa,5abbca545542992ccd8e7fa2,429fe3c62ea61704,1,0,0,0,1,single,False,
hotpotqa,5a83234555429954d2e2ec2f,445544169b763960,3,2,0,2,3,chain,True,
hotpotqa,5add44595542995b365faae4,b0c8df753923c742,2,1,0,1,2,chain,False,
hotpotqa,5ab4c44355429942dd415f8a,4fc5fdf4852487ff,1,0,0,0,1,single,False,
hotpotqa,5a8459025542992ef85e23c7,950e3a35e87b8e80,1,0,0,0,1,single,False,
hotpotqa,5ab3f1cc5542992ade7c6eee,1442acc18beeee76,8,8,0,6,7,complex,True,
hotpotqa,5ae0bb2e55429906c02dab0b,5ee20fe19c4701ae,1,0,0,0,1,single,False,
hotpotqa,5ae5a2c55542992663a4f1fe,4715916d913ebc72,1,0,0,0,1,single,False,
hotpotqa,5a744b6855429979e28828d4,b9ef0f3b3c78f20b,1,0,0,0,1,single,False,
hotpotqa,5ae4c22255429960a22e01ba,16d847f20bab4e9a,2,1,0,1,2,chain,False,
hotpotqa,5ac3b7f7554299657fa29116,b61f49660af8004c,1,0,0,0,1,single,False,
hotpotqa,5a8b519b5542997f31a41cd7,13e11e7c40b070fd,1,0,0,0,1,single,False,
hotpotqa,5ac3d31a5542995ef918c249,fbed325975a29c68,1,0,0,0,1,single,False,
hotpotqa,5ac265f65542992f1f2b38ae,03112a8fe41c4a40,1,0,0,0,1,single,False,
hotpotqa,5a806df75542996402f6a50a,2f44f68d6d952b6a,1,0,0,0,1,single,False,
hotpotqa,5add28b35542994ed6169ca0,1817f887ebbcda6d,1,0,0,0,1,single,False,
hotpotqa,5ab29c11554299706120966d,de7cacb9d2ae26a2,1,0,0,0,1,single,False,
hotpotqa,5a7944d055429970f5fffe8b,c1d8d2e2df086c97,2,1,0,1,2,chain,False,
hotpotqa,5a88fadc55429938390d4014,d723a6d35d560c48,1,0,0,0,1,single,False,
hotpotqa,5a8780a05542993e715abf89,533d80be1349a2e3,1,0,0,0,1,single,False,
hotpotqa,5a87a8595542994846c1cdbf,c8bb9b08fde94300,1,0,0,0,1,single,False,
hotpotqa,5ab53505554299637185c509,34151d59373eb397,1,0,0,0,1,single,False,
hotpotqa,5a8768f95542993e715abf2a,c392120def633586,1,0,0,0,1,single,False,
hotpotqa,5a85ae735542997b5ce40025,bfea082321e51298,1,0,0,0,1,single,False,
hotpotqa,5adfbe8655429906c02daa28,21accf333fbe2021,1,0,0,0,1,single,False,
hotpotqa,5ab9703755429970cfb8eaec,1816adabde25462d,1,0,0,0,1,single,False,
hotpotqa,5ac3de715542995c82c4ac69,0c28fc8b8f6a7646,2,1,0,1,2,chain,False,
hotpotqa,5a7d71425542990b8f50398b,39f4d26b56a46cfb,1,0,0,0,1,single,False,
hotpotqa,5ae12b9f55429920d52342e5,673b53a6ea5922ba,1,0,0,0,1,single,False,
hotpotqa,5a8673bf55429960ec39b6ac,daa6c517e78a7e69,2,1,0,1,2,chain,False,
hotpotqa,5ae29fda554299495565dae6,efe38789d234b59a,1,0,0,0,1,single,False,
hotpotqa,5a7dbfd95542990b8f503a6e,549f02f3e637a6ee,1,0,0,0,1,single,False,
hotpotqa,5ae41b4655429970de88d8fa,046926fe70447d71,1,0,0,0,1,single,False,
hotpotqa,5ab2d996554299545a2cfac7,93696bc25a886bc0,1,0,0,0,1,single,False,
hotpotqa,5a89f1425542993b751ca9bf,1b00095892612d97,1,0,0,0,1,single,False,
hotpotqa,5a8550b45542997175ce1fb1,ec704f74a1b81371,1,0,0,0,1,single,False,
hotpotqa,5ac488895542995c82c4ad5a,a21afcc785a08651,1,0,0,0,1,single,False,
hotpotqa,5ac1a6b85542994ab5c67db7,d385d49f53dd1341,1,0,0,0,1,single,False,
hotpotqa,5a770add55429972597f141a,686b38945437f183,1,0,0,0,1,single,False,
hotpotqa,5ae294fa5542992decbdcd3c,345a7431a46e3a08,1,0,0,0,1,single,False,
hotpotqa,5ae76cc75542997b22f6a74f,9c6cfaba28817923,1,0,0,0,1,single,False,
hotpotqa,5aba96a25542994dbf01995c,f48434f9ef49263b,1,0,0,0,1,single,False,
hotpotqa,5a84ebc05542994c784dda86,658b3d6f0d1922f1,1,0,0,0,1,single,False,
hotpotqa,5ade612a554299728e26c6fe,6bf5052bde2944b2,1,0,0,0,1,single,False,
hotpotqa,5abc084555429965836003f1,774aa3930b91b967,1,0,0,0,1,single,False,
hotpotqa,5abdac775542996e802b4812,983e57ae190a92c7,1,0,0,0,1,single,False,
hotpotqa,5a7f0d3f5542993067513603,9c29978d46845400,2,1,0,1,2,chain,False,
