dataset,question_id,plan_hash,n_slots,n_edges,n_operator_edges,structural_hops,structural_nodes,topology,eligible,error
hotpotqa,5ae22f1a554299234fd0441c,b35efcf54df3314a,2,1,0,1,2,chain,False,
hotpotqa,5a77a81a55429949eeb29f1d,6ae7a24fc7c16cfe,1,0,0,0,1,single,False,
hotpotqa,5a8b0afe55429949d91db47c,be3fe1685745e0ec,1,0,0,0,1,single,False,
hotpotqa,5ac288d65542996773102567,96d5a274b9659f52,1,0,0,0,1,single,False,
hotpotqa,5ae640a25542992ae0d162a1,481b6934be6b53e1,1,0,0,0,1,single,False,
hotpotqa,5ae54d7a55429908b63265d0,bd667b1acf71493a,1,0,0,0,1,single,False,
hotpotqa,5a75dabf55429976ec32bc3a,7a4f2de9a9be2839,2,1,0,1,2,chain,False,
hotpotqa,5a7d45fc5542997cc2c47444,c29dbe808c64fbd0,1,0,0,0,1,single,False,
hotpotqa,5ae78f655542994a481bbda3,c256e61eeee878f6,4,6,0,3,4,complex,True,
hotpotqa,5ae5e6e055429929b0807a0b,5d39b3ca4a89afb0,1,0,0,0,1,single,False,
hotpotqa,5ae2eddc5542991a06ce9909,dd6a69b0041d7b02,1,0,0,0,1,single,False,
hotpotqa,5ae362d75542992e3233c3cf,c4ea1b8b06839062,1,0,0,0,1,single,False,
hotpotqa,5a72179655429971e9dc925d,fb4870229d795c7d,1,0,0,0,1,single,False,
hotpotqa,5ac2dea755429921a00ab092,b047ddfa3f284a13,1,0,0,0,1,single,False,
hotpotqa,5abeb6415542993fe9a41d0f,0bb4cea349888f52,1,0,0,0,1,single,False,
hotpotqa,5a7a97a75542990198eaf15a,51708faa640e6513,1,0,0,0,1,single,False,
hotpotqa,5a891c195542993b751ca911,6c63e65f50800e19,1,0,0,0,1,single,False,
hotpotqa,5a896c2555429951533612f8,29b4c77409f69a60,1,0,0,0,1,single,False,
hotpotqa,5ac0f744554299294b219060,c8dc3cbb7fd04ebb,1,0,0,0,1,single,False,
hotpotqa,5a8663325542991e77181631,da83dc97a3ee7080,1,0,0,0,1,single,False,
hotpotqa,5adef0f35542993a75d263ac,af82de809b17abbd,1,0,0,0,1,single,False,
hotpotqa,5ae5181f5542993aec5ec137,183d1bf88e69b8ff,1,0,0,0,1,single,False,
hotpotqa,5ac2c3545542990b17b1548b,260253153507c39e,1,0,0,0,1,single,False,
hotpotqa,5ae3633c5542992f92d822b6,060de2ff7ce6b726,1,0,0,0,1,single,False,
hotpotqa,5a8f45195542992414482a27,11f98dc1f99d8eb9,1,0,0,0,1,single,False,
hotpotqa,5a8b72155542997f31a41d31,f16c98c222fffb40,1,0,0,0,1,single,False,
hotpotqa,5ade509e55429975fa854ea4,5264b3a480161041,1,0,0,0,1,single,False,
hotpotqa,5ae53f7a55429908b63265a7,1a7e8a7518e2bf52,1,0,0,0,1,single,False,
hotpotqa,5ae78c29554299540e5a55e9,a0f7f9270fe27001,1,0,0,0,1,single,False,
hotpotqa,5ac4f4f355429924173fb514,6ed5520768c00b2a,1,0,0,0,1,single,False,
hotpotqa,5ab8aca855429919ba4e2354,0cded1f553799cb2,1,0,0,0,1,single,False,
hotpotqa,5a7aa01155429941d65f2702,18f3a2d9cb62a691,1,0,0,0,1,single,False,
hotpotqa,5abbfa45554299114383a0c9,4f292721fb3dc985,1,0,0,0,1,single,False,
hotpotqa,5a7efe515542994959419a9d,f051eb8543393e20,1,0,0,0,1,single,False,
hotpotqa,5ab7c0b95542993667794000,2effcb19b4d03875,2,1,0,1,2,chain,False,
hotpotqa,5adf19625542993344016bcf,d331760196b644ab,1,0,0,0,1,single,False,
hotpotqa,5adbf7d855429947ff173879,49e1c1ad7fb01beb,2,1,0,1,2,chain,False,
hotpotqa,5ab620b055429953192ad261,717888aaa95f0c62,1,0,0,0,1,single,False,
hotpotqa,5ac45776554299204fd21f27,6ab2d6413fa2fec6,4,3,0,3,4,chain,True,
hotpotqa,5a72a1e95542994cef4bc3a6,79fecb08f7631372,2,1,0,1,2,chain,False,
hotpotqa,5a83a157554299334474605f,29c6c504a4136720,1,0,0,0,1,single,False,
hotpotqa,5a7aa7b655429927d897beef,ddb1f63edf6f1909,1,0,0,0,1,single,False,
hotpotqa,5a75dd5155429976ec32bc48,ac37ff890971c2e7,1,0,0,0,1,single,False,
hotpotqa,5a7b17e05542992d025e6760,10ef8d1b807f926c,4,4,0,3,4,complex,True,
hotpotqa,5ac4fa8c55429924173fb536,9f7e6652dd0ae983,1,0,0,0,1,single,False,
hotpotqa,5ae73c455542997b22f6a623,2f3dd3c343288aab,1,0,0,0,1,single,False,
hotpotqa,5ae1147355429901ffe4ad58,e639ec9b47668ae7,1,0,0,0,1,single,False,
hotpotqa,5ac42943554299204fd21f03,2a4e08cb22cc6c52,1,0,0,0,1,single,False,
hotpotqa,5ae55a325542992663a4f1dd,bf461a4038b0717c,1,0,0,0,1,single,False,
hotpotqa,5a8129365542995ce29dcbd5,ab6f8b7f8df3818f,1,0,0,0,1,single,False,
hotpotqa,5a77525455429966f1a36cfd,e63ddcfe1fe67230,1,0,0,0,1,single,False,
hotpotqa,5ae3309c55429928c4239660,d223088cb1705c35,1,0,0,0,1,single,False,
hotpotqa,5adf74625542993344016c97,8d75822e6a7c48ef,1,0,0,0,1,single,False,
hotpotqa,5ab94fac55429970cfb8ea43,,0,0,0,-1,0,compile_failed,False,request failed for http://10.200.37.71:8801/v1/chat/completions: ReadTimeout
hotpotqa,5ae476e555429970de88d974,6da71a3b31e320b4,1,0,0,0,1,single,False,
hotpotqa,5a7e377455429934daa2fbf5,ac276216f0409076,1,0,0,0,1,single,False,
hotpotqa,5ae76ee15542997b22f6a75a,8e10cc8cb92c45a6,1,0,0,0,1,single,False,
hotpotqa,5abbda4d5542992ccd8e7fbd,59c9e17f76708b3f,2,1,0,1,2,chain,False,
hotpotqa,5added7b5542997dc79070b9,d2361952435bc85b,1,0,0,0,1,single,False,
hotpotqa,5ac01a935542990832d3a1f2,358f89cd65797880,1,0,0,0,1,single,False,
hotpotqa,5ab2d33255429916697740f1,d67d9d9985d3b21c,1,0,0,0,1,single,False,
hotpotqa,5ae26d585542992decbdccfd,fe079a777984107e,2,1,0,1,2,chain,False,
hotpotqa,5ae131825542997b2ef7d124,20a4d4b9e8cb03ca,1,0,0,0,1,single,False,
hotpotqa,5ab91c4955429919ba4e23af,1eefc7daa0058ac9,1,0,0,0,1,single,False,
hotpotqa,5ac022895542990832d3a1fb,cc01b1bc53bc444b,3,3,0,2,3,complex,True,
hotpotqa,5a7942ad55429970f5fffe87,1438cdac18e86518,1,0,0,0,1,single,False,
hotpotqa,5a729c835542994cef4bc37d,289cd4f2d77ff527,1,0,0,0,1,single,False,
hotpotqa,5a8ebe835542995a26add4fe,75ae073ad091e92f,1,0,0,0,1,single,False,
hotpotqa,5ae4ed1955429913cc204535,edeedc30a9a5b1e8,2,1,0,1,2,chain,False,
hotpotqa,5ac0d647554299294b219029,8decbc5002b0fb7e,1,0,0,0,1,single,False,
hotpotqa,5a7a03c55542990198eaf046,470d36ed7cb7cd60,1,0,0,0,1,single,False,
hotpotqa,5a81b3cb55429926c1cdad64,311e4f13dc7dc197,1,0,0,0,1,single,False,
hotpotqa,5ab68589554299710c8d1ebf,8d606983654eea31,1,0,0,0,1,single,False,
hotpotqa,5ac0a83c5542992a796ded53,4cee48a80a27024a,1,0,0,0,1,single,False,
hotpotqa,5adcea1f5542992c1e3a24ad,9791168cefb81768,1,0,0,0,1,single,False,
hotpotqa,5a8788a65542994846c1cd99,1388cee01e76c68b,1,0,0,0,1,single,False,
hotpotqa,5ae4bc7d55429960a22e0186,e942d2682661381c,1,0,0,0,1,single,False,
hotpotqa,5ae77b6f5542994a481bbd0f,91b990cab8f71f3f,1,0,0,0,1,single,False,
hotpotqa,5a76b9cd554299373536018d,6ba04a9876007435,1,0,0,0,1,single,False,
hotpotqa,5ac25b0a5542992f1f2b3871,f15c4bd146aa3190,1,0,0,0,1,single,False,
hotpotqa,5ae5deea5542996de7b71a38,b0e4911712de6714,1,0,0,0,1,single,False,
hotpotqa,5a7a68d45542996c55b2dd99,2ee33d0e0f603626,1,0,0,0,1,single,False,
hotpotqa,5a849a8c5542997175ce1ef4,33ec17b5478c65f1,1,0,0,0,1,single,False,
hotpotqa,5ae246d9554299492dc91c08,8ca4ed7193fa924c,1,0,0,0,1,single,False,
hotpotqa,5a761f1955429976ec32bd1e,5daeff5d3c2c40d5,2,1,0,1,2,chain,False,
hotpotqa,5adddaa15542997dc7907058,d6750dd3ee1756a3,2,1,0,1,2,chain,False,
hotpotqa,5ab2f1e95542991669774147,33628928a4092938,1,0,0,0,1,single,False,
hotpotqa,5a7d96935542990b8f5039c3,ae936ec668c5bfab,2,1,0,1,2,chain,False,
hotpotqa,5a85dabc5542994c784ddb94,c53ade4180629f06,2,1,0,1,2,chain,False,
hotpotqa,5a9065bf5542990a98493612,d24d6fcb22fe3c31,1,0,0,0,1,single,False,
hotpotqa,5a8e2abc5542995a26add472,76e9e23f19f9fee2,1,0,0,0,1,single,False,
hotpotqa,5ae41fda55429970de88d907,3b5def9eed59c3e4,2,1,0,1,2,chain,False,
hotpotqa,5a7650085542992d0ec0609e,04ea4d140bac433c,1,0,0,0,1,single,False,
hotpotqa,5a832c2755429966c78a6b48,81fbd8b6bfe686b5,1,0,0,0,1,single,False,
hotpotqa,5a771e665542994aec3b71f5,200024b64bae6857,1,0,0,0,1,single,False,
hotpotqa,5a762751554299109176e67f,a661de45f00cc35b,1,0,0,0,1,single,False,
hotpotqa,5ac035425542997d642959e4,802c2b85a8841141,1,0,0,0,1,single,False,
hotpotqa,5ae38ff25542994393b9e701,4ae030867dd64579,1,0,0,0,1,single,False,
hotpotqa,5a861f9f554299211dda2a73,88286cf7a1d9ee66,1,0,0,0,1,single,False,
hotpotqa,5a8ac6ba55429970aeb70313,18e71ab82bdeff46,1,0,0,0,1,single,False,
hotpotqa,5a7c76535542990527d554b5,980afb69a2d8f87a,1,0,0,0,1,single,False,
hotpotqa,5a7130dc5542994082a3e64e,d7b1e13922bfbce7,1,0,0,0,1,single,False,
hotpotqa,5ae21d66554299234fd043dc,dc7118d1c3796d1f,1,0,0,0,1,single,False,
hotpotqa,5abce11a55429965836004dd,478af5414e6c1c6e,1,0,0,0,1,single,False,
hotpotqa,5a77b3b15542997042120aee,d1b29233bf5c8679,2,1,0,1,2,chain,False,
hotpotqa,5adcb6365542994d58a2f6a8,ce16976440710bf4,1,0,0,0,1,single,False,
hotpotqa,5ac295b355429921a00aafd3,2ed21b7671336cc8,1,0,0,0,1,single,False,
hotpotqa,5ab74945554299110f219af7,71dac2b4eb499736,1,0,0,0,1,single,False,
hotpotqa,5ae53bb055429960a22e0289,89b426e816e7f13a,1,0,0,0,1,single,False,
hotpotqa,5addad6a5542997dc7907010,7091b8f7f3cf1ac3,4,3,0,3,4,chain,True,
hotpotqa,5a888d3b5542997e5c09a616,41a87c5ba7b68cc4,1,0,0,0,1,single,False,
hotpotqa,5ae5063155429908b63264e5,9f05cd729941a702,1,0,0,0,1,single,False,
hotpotqa,5ac129be5542994ab5c67cad,b9be73c71987ec9a,1,0,0,0,1,single,False,
hotpotqa,5a804dcc5542992bc0c4a6e4,ad75318f6696b2cd,1,0,0,0,1,single,False,
hotpotqa,5a90c7515542995651fb51eb,304973847eb34c1f,2,1,0,1,2,chain,False,
hotpotqa,5ab7e4cf5542993667794038,030451040d95f5dd,1,0,0,0,1,single,False,
hotpotqa,5ae7434e5542997b22f6a659,1204b8a762f10d41,2,1,0,1,2,chain,False,
hotpotqa,5a828fe055429966c78a6a59,483c97109fafd8f3,1,0,0,0,1,single,False,
hotpotqa,5ae2dc8a55429928c423950a,5771faf360d7d988,1,0,0,0,1,single,False,
hotpotqa,5adc2ead55429944faac244c,4d4459a6604d1317,1,0,0,0,1,single,False,
hotpotqa,5ae1f6e15542997f29b3c1c4,3a3238be370b979b,1,0,0,0,1,single,False,
hotpotqa,5a824aef554299676cceb24e,bb4576fbe6a1b086,2,1,0,1,2,chain,False,
hotpotqa,5adbe7a2554299438c868cd5,aa0a619a4952ee70,2,1,0,1,2,chain,False,
hotpotqa,5a71914c5542994082a3e87c,e2189cf55fc08dce,1,0,0,0,1,single,False,
hotpotqa,5ae100c35542990adbacf704,6c8ef0b45c9d07eb,1,0,0,0,1,single,False,
hotpotqa,5a7271055542991f9a20c479,3ca261e3e8d87f1a,1,0,0,0,1,single,False,
hotpotqa,5ab971995542996be20204f4,,0,0,0,-1,0,compile_failed,False,request failed for http://10.200.37.71:8801/v1/chat/completions: ReadTimeout
hotpotqa,5ac2d94155429921a00ab070,f3a8aa3036d4fe6e,1,0,0,0,1,single,False,
hotpotqa,5ac1744e5542994ab5c67d49,ac04d1f41648348b,1,0,0,0,1,single,False,
hotpotqa,5ac3977a554299741d48a2ab,0145e7a5f4db6a78,1,0,0,0,1,single,False,
hotpotqa,5a86421c554299211dda2ad0,594c023b2da97d9c,1,0,0,0,1,single,False,
hotpotqa,5ae059f655429945ae95933a,ae6e647a7df2da0f,1,0,0,0,1,single,False,
hotpotqa,5ae5e6b5554299546bf82fae,f9844b3baa6168fa,1,0,0,0,1,single,False,
hotpotqa,5a7636445542994ccc918718,f39008d9a4fe984b,1,0,0,0,1,single,False,
hotpotqa,5a8b17d355429971feec463e,783fe1cb909caec0,1,0,0,0,1,single,False,
hotpotqa,5ac0f3ec5542996f0d89cc40,111d6d25d97a14fe,1,0,0,0,1,single,False,
hotpotqa,5a7a480d5542994f819ef1b4,75e0034774b51d19,2,1,0,1,2,chain,False,
hotpotqa,5a8278c655429954d2e2eb53,27110e394b68aa51,2,1,0,1,2,chain,False,
hotpotqa,5ae5373c5542993aec5ec181,5c4d9c1b6fcd9226,1,0,0,0,1,single,False,
hotpotqa,5a7a8c2755429927d897bec0,bf024c249a8e31dc,1,0,0,0,1,single,False,
hotpotqa,5a7bc22155429927d897c035,c12c7daecef53222,1,0,0,0,1,single,False,
hotpotqa,5a88dd8a55429946c8d6e8c4,e65c04796cb38ae0,1,0,0,0,1,single,False,
hotpotqa,5a7b7c165542997c3ec971bd,d677fae5e3305ef9,1,0,0,0,1,single,False,
hotpotqa,5abaadde554299232ef4a36b,4412b72d744882a9,1,0,0,0,1,single,False,
hotpotqa,5ae17f2155429901ffe4aeb8,7cfeb0f0993e254a,1,0,0,0,1,single,False,
hotpotqa,5a803e46554299485f598599,8ca241672876db84,2,1,0,1,2,chain,False,
hotpotqa,5a8dd2bd5542995a26add3ed,fab289ee7d1891d6,1,0,0,0,1,single,False,
hotpotqa,5adbfc355542996e68525295,dc31a99658109bd5,1,0,0,0,1,single,False,
hotpotqa,5ac2e18955429921a00ab0a8,,0,0,0,-1,0,compile_failed,False,request failed for http://10.200.37.71:8801/v1/chat/completions: ReadTimeout
hotpotqa,5abe759b55429965af743f12,cf37cd00942a4776,1,0,0,0,1,single,False,
hotpotqa,5a8c41235542995e66a4757e,56e199e0ecaee9e5,1,0,0,0,1,single,False,
hotpotqa,5ae190ea5542997283cd2232,9e82543291ffe82c,1,0,0,0,1,single,False,
hotpotqa,5a7c1de15542996dd594b88c,7a5ca79687199767,1,0,0,0,1,single,False,
hotpotqa,5a89fb5f55429970aeb701da,506e44cd68312835,1,0,0,0,1,single,False,
hotpotqa,5ac43d195542995c82c4ad05,843b3dd3c0f96478,1,0,0,0,1,single,False,
hotpotqa,5a7d12d755429909bec7693d,72d0fd0ac54a21a3,2,1,0,1,2,chain,False,
hotpotqa,5abd91325542993062266cca,28bdd274c416c497,1,0,0,0,1,single,False,
hotpotqa,5adf68db5542993344016c7b,6efe47c3ffcab536,1,0,0,0,1,single,False,
hotpotqa,5adc6f5255429944faac24d4,72cfc0fb5f15200c,1,0,0,0,1,single,False,
hotpotqa,5a8db30b554299068b959dc0,abff9d0881659f49,1,0,0,0,1,single,False,
hotpotqa,5adc0d2555429947ff1738e5,6df91d263e499440,1,0,0,0,1,single,False,
hotpotqa,5a907d4655429916514e74de,bb4a97189b0eca57,1,0,0,0,1,single,False,
hotpotqa,5ac180cc55429964131be206,ac2e0333995c3def,1,0,0,0,1,single,False,
hotpotqa,5abce73e554299114383a188,7754e53b08f23dd8,1,0,0,0,1,single,False,
hotpotqa,5adff35555429925eb1afb79,ab6f8b7f8df3818f,1,0,0,0,1,single,False,
hotpotqa,5a7fc81955429969796c1b5f,c198ed3cd8c4bcbb,1,0,0,0,1,single,False,
hotpotqa,5ae2c212554299492dc91c61,8e6d31e08171d3a2,1,0,0,0,1,single,False,
hotpotqa,5a72e4c95542992359bc31c2,a81356ae9b150b3b,1,0,0,0,1,single,False,
hotpotqa,5adde6805542997dc7907099,d6ac4781285aa97f,1,0,0,0,1,single,False,
hotpotqa,5a8510785542997b5ce3ffa0,b557e3dca7438257,1,0,0,0,1,single,False,
hotpotqa,5ae18de3554299234fd0428e,4296375c01d867db,1,0,0,0,1,single,False,
hotpotqa,5a8a662755429930ff3c0dc5,da7860f1c386242a,1,0,0,0,1,single,False,
hotpotqa,5ac282b855429963665199ef,729d51f86904c1a7,1,0,0,0,1,single,False,
hotpotqa,5adeb7d15542992fa25da81c,1e46de5404ba7c30,2,1,0,1,2,chain,False,
hotpotqa,5a7b904555429927d897bfee,d9f8507270513f61,1,0,0,0,1,single,False,
hotpotqa,5adc8d1e554299473435373b,5742302cb93a6be6,2,1,0,1,2,chain,False,
hotpotqa,5ae54c8555429908b63265ce,e8e25407dc060e4a,1,0,0,0,1,single,False,
hotpotqa,5ade272255429939a52fe842,c647d8db2a5f98bd,1,0,0,0,1,single,False,
hotpotqa,5adcdd1055429947343537b5,d434356b05508151,1,0,0,0,1,single,False,
hotpotqa,5ae78ca25542994a481bbd96,8ef04cc692cec948,1,0,0,0,1,single,False,
hotpotqa,5abb0487554299232ef4a3ae,fc341f4a016c4f95,1,0,0,0,1,single,False,
hotpotqa,5ac1665e55429964131be1c6,1d8809bfeba63b1c,1,0,0,0,1,single,False,
hotpotqa,5ac1f3d75542991316484bd1,,0,0,0,-1,0,compile_failed,False,request failed for http://10.200.37.71:8801/v1/chat/completions: ReadTimeout
hotpotqa,5ae22f8d5542996483e64930,,0,0,0,-1,0,compile_failed,False,request failed for http://10.200.37.71:8801/v1/chat/completions: ReadTimeout
hotpotqa,5a8bae34554299240d9c2081,13444778d2d794eb,1,0,0,0,1,single,False,
hotpotqa,5ae03477554299603e4183f3,47c2d38f4eb80438,1,0,0,0,1,single,False,
hotpotqa,5a752dc655429916b0164287,9b02055208d7a80f,1,0,0,0,1,single,False,
hotpotqa,5a7d436f5542997cc2c4743e,3ae91aa61f5d92ff,1,0,0,0,1,single,False,
hotpotqa,5ab7fb525542991d322237f6,a00b48ba73e01f47,1,0,0,0,1,single,False,
hotpotqa,5ab55425554299494045ef82,3e813c49a87ba566,2,1,0,1,2,chain,False,
hotpotqa,5a8a0b7a5542992e4fca84e2,ac467723537526fc,2,1,0,1,2,chain,False,
hotpotqa,5abeeab25542997719eab5fa,f1bfae479c8dd1ef,1,0,0,0,1,single,False,
hotpotqa,5ac0ca4f554299012d1db634,476d815a7adcc8b9,1,0,0,0,1,single,False,
hotpotqa,5a889ae95542997e5c09a62c,1511df2fe96dc033,1,0,0,0,1,single,False,
hotpotqa,5abec23b5542994516f45420,33ea0e6c2d6176d9,1,0,0,0,1,single,False,
hotpotqa,5ae3604b5542992e3233c3c7,2123345b86e325bf,1,0,0,0,1,single,False,
hotpotqa,5adeca725542995ec70e8f14,b177e795293e8f31,1,0,0,0,1,single,False,
hotpotqa,5ab7975e5542992aa3b8c830,b114848d3fa38e53,1,0,0,0,1,single,False,
hotpotqa,5a8b871b5542995d1e6f13dc,a50727542f763b99,3,2,0,2,3,chain,True,
hotpotqa,5a89eef15542992e4fca8490,47bc4efb27d610b4,1,0,0,0,1,single,False,
hotpotqa,5ac01a2f5542992a796dec88,6ee87e1b170beb98,1,0,0,0,1,single,False,
hotpotqa,5a812894554299260e20a262,ec9a58839f2398f5,1,0,0,0,1,single,False,
hotpotqa,5a7de4625542997cc2c474ba,60db93acd93f29a8,1,0,0,0,1,single,False,
hotpotqa,5a72c0085542994cef4bc3f5,2404f8cc2436261d,3,2,0,2,3,chain,True,
hotpotqa,5a74a3bd55429979e28829da,4929e9037dc5837f,1,0,0,0,1,single,False,
hotpotqa,5a7750685542994aec3b7288,1787a829937e6d34,1,0,0,0,1,single,False,
hotpotqa,5a7beffa5542990527d5542d,0801cce6c2cc4022,1,0,0,0,1,single,False,
hotpotqa,5ae363975542994393b9e6a3,0f0d6ea0cfc79c62,1,0,0,0,1,single,False,
hotpotqa,5ab812ef55429916710eafdc,77958c43c44b8499,1,0,0,0,1,single,False,
hotpotqa,5ac1a4485542991316484b80,a24def373ec79759,1,0,0,0,1,single,False,
hotpotqa,5a8b2db75542995d1e6f12f3,a9e1b97c31a7f4a8,1,0,0,0,1,single,False,
hotpotqa,5abc8fa8554299700f9d7909,8e2e601db1184835,2,1,0,1,2,chain,False,
hotpotqa,5ae787bd5542997ec272768d,d33de64af2a283fc,1,0,0,0,1,single,False,
hotpotqa,5a832dd45542993344745fe0,9aedb3b086dc207c,1,0,0,0,1,single,False,
hotpotqa,5adf3eed5542993a75d26446,70a752ef28368c99,1,0,0,0,1,single,False,
hotpotqa,5adefad25542995ec70e8f49,ae7362b88be60283,1,0,0,0,1,single,False,
hotpotqa,5ac549355542994611c8b492,0bdd7402a1b5bf9e,1,0,0,0,1,single,False,
hotpotqa,5a7b633f55429931da12ca7a,595c1acf98b1b909,3,3,0,2,3,complex,True,
hotpotqa,5a76f8bc55429937353601af,ae12d030112e18bc,2,1,0,1,2,chain,False,
hotpotqa,5a9073085542995b442420ba,2dd4e2a716a84ce5,1,0,0,0,1,single,False,
hotpotqa,5ae63cfb55429929b0807afd,c7ba77ea56a24f58,1,0,0,0,1,single,False,
hotpotqa,5a7a03745542990198eaf043,76143a9e2cee273c,1,0,0,0,1,single,False,
hotpotqa,5ab6fae8554299110f219a82,2b8cf300dd17728d,1,0,0,0,1,single,False,
hotpotqa,5a87799e5542993e715abf5c,558bd7b470a9c34c,2,1,0,1,2,chain,False,
hotpotqa,5a7733725542993735360215,4ccc4665db7ea5ec,1,0,0,0,1,single,False,
hotpotqa,5a8905f15542993b751ca8ef,eebde37ea7c6bd54,2,1,0,1,2,chain,False,
hotpotqa,5adeb11755429975fa854f73,d5f6f7554a546637,1,0,0,0,1,single,False,
hotpotqa,5adecd2d55429975fa854fa0,,0,0,0,-1,0,compile_failed,False,request failed for http://10.200.37.71:8801/v1/chat/completions: ReadTimeout
hotpotqa,5a86732f5542994775f60768,324c377d1499a3fe,1,0,0,0,1,single,False,
hotpotqa,5ac545f95542993e66e82292,314d6c90f094d766,1,0,0,0,1,single,False,
hotpotqa,5abbce1055429931dba1455d,c9b07479e1687085,2,1,0,1,2,chain,False,
hotpotqa,5a7292ac5542992359bc3109,20f3c72b231beb91,1,0,0,0,1,single,False,
hotpotqa,5ae353875542992f92d8227b,ad13759bcf78a720,1,0,0,0,1,single,False,
hotpotqa,5a8b3a5d55429971feec4679,b5cc83ec4cb8d7ec,1,0,0,0,1,single,False,
hotpotqa,5adbe36555429944faac23a6,1b1f9e1fc88b1872,1,0,0,0,1,single,False,
hotpotqa,5a8daedf5542994ba4e3dcf1,7bbc2d3b1e9a4be3,1,0,0,0,1,single,False,
hotpotqa,5ac069535542996f0d89cba8,3fadd9de596a62b2,2,1,0,1,2,chain,False,
hotpotqa,5ac2d07d554299657fa2907d,12ab5e92c6a5e087,1,0,0,0,1,single,False,
hotpotqa,5adf9cb5554299025d62a2e1,87e26bf89660ce54,1,0,0,0,1,single,False,
hotpotqa,5a8b089355429971feec4629,13f24fa0052ebac0,2,1,0,1,2,chain,False,
hotpotqa,5ae47bc155429970de88d987,7c7a2d8a5de85ac9,1,0,0,0,1,single,False,
hotpotqa,5a8d9f9a554299441c6ba01b,f794c8258c38cec1,1,0,0,0,1,single,False,
hotpotqa,5ae2fdba55429928c4239590,44775b87fc9632b5,1,0,0,0,1,single,False,
hotpotqa,5ab7eba155429928e1fe3935,f7ed265497d13522,2,1,0,1,2,chain,False,
hotpotqa,5ae350645542992e3233c377,680b63aa7bbb67eb,1,0,0,0,1,single,False,
hotpotqa,5a821e015542995ce29dccb2,717539518ceee536,1,0,0,0,1,single,False,
hotpotqa,5ae5cfce55429929b08079b0,95079783f92d7680,1,0,0,0,1,single,False,
hotpotqa,5a89e51955429946c8d6e9fd,4aae48f6d2921917,1,0,0,0,1,single,False,
hotpotqa,5ab53679554299637185c510,bc564fd1f924e652,1,0,0,0,1,single,False,
hotpotqa,5abee1865542993fe9a41d72,,0,0,0,-1,0,compile_failed,False,request failed for http://10.200.37.71:8801/v1/chat/completions: ReadTimeout
hotpotqa,5a89bfde5542992e4fca83b7,642d1788196518eb,1,0,0,0,1,single,False,
hotpotqa,5a73cd6b55429905862fe0c4,8e5b4ea10ff86097,1,0,0,0,1,single,False,
hotpotqa,5a86cc3955429960ec39b6cb,d29051ae82c3acc3,1,0,0,0,1,single,False,
hotpotqa,5a7c89bf55429935c91b5202,d848274583fa262c,1,0,0,0,1,single,False,
hotpotqa,5ae1066b55429920d523428b,ff1ff31bdddc643d,1,0,0,0,1,single,False,
hotpotqa,5a75478355429916b01642d8,f8bbe0c1e9eb0035,2,1,0,1,2,chain,False,
hotpotqa,5a8ae84f5542996c9b8d5f76,03d858e7f3c17581,5,7,0,4,5,complex,True,
hotpotqa,5a770f3d5542994aec3b71d5,43f3c023f5f60e25,1,0,0,0,1,single,False,
hotpotqa,5ab7ff825542993667794099,65967bfe9cd9e90c,1,0,0,0,1,single,False,
hotpotqa,5a7fc53555429969796c1b55,3e35f7bd3925e51d,1,0,0,0,1,single,False,
hotpotqa,5ac2676855429963665199a7,498c09ff9ae0adfb,1,0,0,0,1,single,False,
hotpotqa,5ab9203c55429919ba4e23be,342390864c1fb527,1,0,0,0,1,single,False,
hotpotqa,5ae3d0f55542990afbd1e1e6,2366221c65e969a9,2,1,0,1,2,chain,False,
hotpotqa,5ae1379e55429920d5234327,,0,0,0,-1,0,compile_failed,False,request failed for http://10.200.37.71:8801/v1/chat/completions: ReadTimeout
hotpotqa,5ae751505542997b22f6a6c1,fbc57dca746f6360,1,0,0,0,1,single,False,
hotpotqa,5a8803da55429938390d3eca,0eb9b8493b21ae79,1,0,0,0,1,single,False,
hotpotqa,5ac0f2385542996f0d89cc3d,c899b65a3f9e3d13,1,0,0,0,1,single,False,
hotpotqa,5a8e3a3c5542995085b373f8,5d8a8c4a0c20f6ae,1,0,0,0,1,single,False,
hotpotqa,5a7545eb5542993748c89808,14ce51f2754cc9b0,1,0,0,0,1,single,False,
hotpotqa,5a89e20555429946c8d6e9f7,e890988a2f906442,1,0,0,0,1,single,False,
hotpotqa,5a8b034355429971feec45fd,65c2da7001a539c1,1,0,0,0,1,single,False,
hotpotqa,5adbdd9a55429947ff17384d,06ac4ba754c81bca,2,1,0,1,2,chain,False,
hotpotqa,5a8599ea5542992a431d1b68,,0,0,0,-1,0,compile_failed,False,request failed for http://10.200.37.71:8801/v1/chat/completions: ReadTimeout
hotpotqa,5a7326a75542992359bc324d,ba76a45100729636,2,1,0,1,2,chain,False,
hotpotqa,5ae39b615542994393b9e72a,850b9756e06b3572,2,1,0,1,2,chain,False,
hotpotqa,5a7773a65542997042120a50,9d095a878a6569a3,2,1,0,1,2,chain,False,
hotpotqa,5ac291985542996366519a12,ede4ecfc291f43a3,1,0,0,0,1,single,False,
hotpotqa,5abe378d55429965af743e9b,8a83b10e9129e492,2,1,0,1,2,chain,False,
hotpotqa,5add40fa5542992c1e3a2582,3fcb537fc047853c,1,0,0,0,1,single,False,
hotpotqa,5ab918d0554299753720f6f0,473997ffbc654300,1,0,0,0,1,single,False,
hotpotqa,5a8e8ad55542990e94052b3e,d63fc27150a6cd6a,1,0,0,0,1,single,False,
hotpotqa,5ac535c85542996feb3fea2a,a960843989d1277f,1,0,0,0,1,single,False,
hotpotqa,5a9069aa55429916514e74b4,fc035422a1830c65,1,0,0,0,1,single,False,
hotpotqa,5ab6818655429954757d3314,8796d71864a9c975,1,0,0,0,1,single,False,
hotpotqa,5ac2e07f5542996773102642,693667a42a4a7832,1,0,0,0,1,single,False,
hotpotqa,5abbc0d45542992ccd8e7f85,cec8e3bc66fee850,1,0,0,0,1,single,False,
hotpotqa,5add39295542990dbb2f7dd5,f9691be20c87fd8d,1,0,0,0,1,single,False,
hotpotqa,5a77b7d25542992a6e59df97,7e8c6e1c3a20e7d8,1,0,0,0,1,single,False,
hotpotqa,5add18415542994ed6169c7f,ef1bda9d80f52216,1,0,0,0,1,single,False,
hotpotqa,5add14175542990d50227db7,bb96bcf05bade54e,1,0,0,0,1,single,False,
hotpotqa,5a8590c25542994c784ddb26,dd7ae48fcafbe3ca,1,0,0,0,1,single,False,
hotpotqa,5abd06cd554299700f9d7969,,0,0,0,-1,0,compile_failed,False,request failed for http://10.200.37.71:8801/v1/chat/completions: ReadTimeout
hotpotqa,5a850bdb5542994c784ddae4,9fed4c7d6259c537,1,0,0,0,1,single,False,
hotpotqa,5a7c9dc655429907fabeefc8,9a09b3c9cf79ff58,1,0,0,0,1,single,False,
hotpotqa,5a7e56c255429934daa2fc0b,656ece40c98f29c1,4,6,0,3,4,complex,True,
hotpotqa,5ae53b0b55429960a22e0281,3379002e5a788194,1,0,0,0,1,single,False,
hotpotqa,5ae490f655429970de88d9b2,,0,0,0,-1,0,compile_failed,False,request failed for http://10.200.37.71:8801/v1/chat/completions: ReadTimeout
hotpotqa,5ae4aeb65542995dadf243aa,6b51f7b87c3f0b68,1,0,0,0,1,single,False,
hotpotqa,5ae2e660554299492dc91c7e,d25e193694cdf14d,2,1,0,1,2,chain,False,
hotpotqa,5a90916755429933b8a20560,a18ea6ba83026676,1,0,0,0,1,single,False,
hotpotqa,5a8a251f5542996c9b8d5e12,52573c962d3b70f5,1,0,0,0,1,single,False,
hotpotqa,5a7a9c3355429941d65f26f1,ac696504e14827ea,1,0,0,0,1,single,False,
hotpotqa,5ac3abcc55429939154138aa,af4919e3e516db06,2,1,0,1,2,chain,False,
hotpotqa,5ae1f6765542997f29b3c1c0,39ea597da3510afc,1,0,0,0,1,single,False,
hotpotqa,5ab9a27f554299131ca423b0,160648ad13303eb5,1,0,0,0,1,single,False,
hotpotqa,5ab69ddc5542995eadef003c,dd7c98920902556d,7,6,0,4,5,tree,True,
hotpotqa,5a7c8f5355429935c91b5220,0c545d3a1dc41b1a,1,0,0,0,1,single,False,
hotpotqa,5ae2ca645542996483e64a60,d1a799fe44ac495c,1,0,0,0,1,single,False,
hotpotqa,5ab799ac5542995dae37e96f,8742b9a80af91305,1,0,0,0,1,single,False,
hotpotqa,5ab8d2cc5542991b5579f012,fd08aa6a70531a3a,1,0,0,0,1,single,False,
hotpotqa,5a8deccc554299068b959e1a,626b54d3d38c484f,1,0,0,0,1,single,False,
hotpotqa,5ab8ff4a55429934fafe6e2c,f28e657f07e6dca5,1,0,0,0,1,single,False,
hotpotqa,5ae268eb5542992decbdccf1,7b30c4bf817e8931,3,2,0,2,3,chain,True,
hotpotqa,5adf905d5542993344016d12,732cb1a5fd96130f,1,0,0,0,1,single,False,
hotpotqa,5a8fc1ca55429918e830d2cb,51a522abe92d186d,1,0,0,0,1,single,False,
hotpotqa,5a8ed2265542995085b374a4,c28b1a64e73bc53a,1,0,0,0,1,single,False,
hotpotqa,5adc1c6d55429944faac2427,4d0ee53061d775fc,1,0,0,0,1,single,False,
hotpotqa,5ab1ee02554299449642c80e,9912f7c4eb8ef6e4,1,0,0,0,1,single,False,
hotpotqa,5ae3b83b5542992e3233c457,f4d6a4eb34924ff1,2,1,0,1,2,chain,False,
hotpotqa,5ae225b25542996483e64903,56ba52f5d4e738de,1,0,0,0,1,single,False,
hotpotqa,5a8f9fec55429918e830d297,ba9eb60eda416647,1,0,0,0,1,single,False,
hotpotqa,5ae7b9fb5542993210983f0e,3a58b09adf617361,1,0,0,0,1,single,False,
hotpotqa,5a8b59cc5542995d1e6f137e,41a36ecaa3558033,1,0,0,0,1,single,False,
hotpotqa,5ac2f86e554299657fa290c7,011c7e7c73cb7a32,1,0,0,0,1,single,False,
hotpotqa,5ae5ca1155429929b0807990,4a4ee4f6aa1b855d,1,0,0,0,1,single,False,
hotpotqa,5a90b7b45542990a984936c6,ab91075ef46b22ae,1,0,0,0,1,single,False,
hotpotqa,5ae5ea67554299546bf82fcc,93dd56436acb0fe0,1,0,0,0,1,single,False,
hotpotqa,5a892ef3554299669944a4ee,2d6e4154b4e69c7f,1,0,0,0,1,single,False,
hotpotqa,5ae559fa5542992663a4f1dc,a896f7a7c63f584f,1,0,0,0,1,single,False,
hotpotqa,5a7782225542995d8318117c,53d5da8f67a546de,1,0,0,0,1,single,False,
hotpotqa,5a7793595542997042120aa9,1eda7afd56536082,1,0,0,0,1,single,False,
hotpotqa,5ab633f5554299710c8d1e7a,a87f95597fa0b678,2,1,0,1,2,chain,False,
hotpotqa,5a7c32405542996dd594b8c4,f6abce8a778d4507,1,0,0,0,1,single,False,
hotpotqa,5ac111f65542992a796dedc3,0f7394ca674dab36,1,0,0,0,1,single,False,
hotpotqa,5ab681a45542995eadef0017,1b574a025fa95518,1,0,0,0,1,single,False,
hotpotqa,5ae22ff7554299495565da32,38c032f8c183852f,1,0,0,0,1,single,False,
hotpotqa,5a7f5cba5542995d8a8dde46,c37f12f7f5508caa,2,1,0,1,2,chain,False,
hotpotqa,5ae157ea55429901ffe4ae72,37e2ec33e5c4e37d,1,0,0,0,1,single,False,
hotpotqa,5a85c6c65542992a431d1b9d,457b955061e3260d,1,0,0,0,1,single,False,
hotpotqa,5a8ae48f55429970aeb70323,5985e0c56dfdc36c,1,0,0,0,1,single,False,
hotpotqa,5ae5324c55429908b6326569,6068071a59795435,1,0,0,0,1,single,False,
hotpotqa,5a7c5c6955429935c91b5174,507f367467173e2c,1,0,0,0,1,single,False,
hotpotqa,5abcb27a554299700f9d792d,a1a5f12e3c642247,1,0,0,0,1,single,False,
hotpotqa,5a77aa565542992a6e59df6a,d50be6e0358aaa73,1,0,0,0,1,single,False,
hotpotqa,5ae2c310554299495565db2c,e5e080b20f2d9707,1,0,0,0,1,single,False,
hotpotqa,5a9017ad5542990a98493585,3b4a37283af726f6,2,1,0,1,2,chain,False,
hotpotqa,5ae659455542992ae0d162e5,7c46065cd0afd8a2,2,1,0,1,2,chain,False,
hotpotqa,5adefae65542993a75d263ce,044c6f2e889f8e61,1,0,0,0,1,single,False,
hotpotqa,5ae208045542997283cd233a,1d63a0af30d47d7a,1,0,0,0,1,single,False,
hotpotqa,5ae2ae2e5542992decbdcd6c,24e50184481ce352,1,0,0,0,1,single,False,
hotpotqa,5add059f5542994d58a2f742,4f53f1493747bfd9,1,0,0,0,1,single,False,
hotpotqa,5a8a32ae5542992d82986ef2,94c6e255d8f8462b,1,0,0,0,1,single,False,
hotpotqa,5a90a2995542990a98493678,5f76a46fb0c2b6fd,1,0,0,0,1,single,False,
hotpotqa,5a8d9e07554299068b959d63,9c4497b6bec4ca9e,5,7,0,4,5,complex,True,
hotpotqa,5a7622945542992d0ec06029,7fbe0a0b70bfb832,1,0,0,0,1,single,False,
hotpotqa,5ab6df5955429953192ad3a1,24391082df52962a,1,0,0,0,1,single,False,
hotpotqa,5adc887c554299438c868ddf,30674acb4724100d,1,0,0,0,1,single,False,
hotpotqa,5ac16a455542994ab5c67d1e,e3914b0341655996,1,0,0,0,1,single,False,
hotpotqa,5ab30cbd5542991669774190,d032cb848d452145,1,0,0,0,1,single,False,
hotpotqa,5a8f554c5542992414482a5c,c2c76345a4294d3c,1,0,0,0,1,single,False,
hotpotqa,5abe734755429933744ab839,4a38c310be6bc266,1,0,0,0,1,single,False,
hotpotqa,5ab91ff755429934fafe6e64,561fc6da105687f9,1,0,0,0,1,single,False,
hotpotqa,5a79f7895542996a35c17057,a1dfcd5de0c9fc43,1,0,0,0,1,single,False,
hotpotqa,5ab8afe955429916710eb0ad,4eca015a7626f288,1,0,0,0,1,single,False,
hotpotqa,5a89c1765542993b751ca98b,f5956950efdb9d83,1,0,0,0,1,single,False,
hotpotqa,5ae208885542997283cd233d,9b26110715c3bde4,1,0,0,0,1,single,False,
hotpotqa,5ae5102a55429908b6326506,7ca026ddee4233d3,1,0,0,0,1,single,False,
hotpotqa,5a89de165542992e4fca8400,5c74bc87b7d058af,1,0,0,0,1,single,False,
hotpotqa,5ae0d55d55429924de1b718d,1cb2713596a105cf,2,1,0,1,2,chain,False,
hotpotqa,5ac1654e5542994d76dcce0b,2fbb21925a15b2d4,1,0,0,0,1,single,False,
hotpotqa,5ab2d9bd554299194fa93541,f865455fb84599e8,1,0,0,0,1,single,False,
hotpotqa,5a85cc955542997175ce2028,76dcdbe9cf35fff1,1,0,0,0,1,single,False,
hotpotqa,5aba51ed5542994dbf0198d9,ce50e91482a719f6,1,0,0,0,1,single,False,
hotpotqa,5adf46a65542992d7e9f9319,dd2bcb6f08c61144,1,0,0,0,1,single,False,
hotpotqa,5ab9c21055429970cfb8eb9d,d137bc674a50e844,1,0,0,0,1,single,False,
hotpotqa,5a8a11285542992e4fca84ed,03f7b68ad2edccf7,2,1,0,1,2,chain,False,
hotpotqa,5a7c2fce5542996dd594b8b6,58f9f74b621cda4e,1,0,0,0,1,single,False,
hotpotqa,5ac1c5b95542994ab5c67e0f,f39800a795da6ab7,1,0,0,0,1,single,False,
hotpotqa,5ac1a4a85542991316484b84,c3e360987dcce1ba,1,0,0,0,1,single,False,
hotpotqa,5ae35b3e5542992e3233c3b1,8b1b0b517fc33d6b,1,0,0,0,1,single,False,
hotpotqa,5ab349bc55429976abd1bc86,571241ab8a346ad9,1,0,0,0,1,single,False,
hotpotqa,5a902c385542990a9849359f,6cdfd6219388e960,1,0,0,0,1,single,False,
hotpotqa,5a77136555429966f1a36c1e,ab185bd0afa879c0,1,0,0,0,1,single,False,
hotpotqa,5a7a84015542995eb53be857,c171820da9ed2822,2,1,0,1,2,chain,False,
hotpotqa,5ae185da554299234fd04285,11c6fc30cd4f19a9,1,0,0,0,1,single,False,
hotpotqa,5ac2aa9955429967731025eb,2787898ec7137279,1,0,0,0,1,single,False,
hotpotqa,5a90c9965542995651fb51f4,e4f19cedade7001c,1,0,0,0,1,single,False,
hotpotqa,5a8c9070554299653c1aa0be,b21176407c75cb8f,1,0,0,0,1,single,False,
hotpotqa,5ae15a2a55429901ffe4ae7e,fcf514572a5c30ce,1,0,0,0,1,single,False,
hotpotqa,5ade18f65542990dbb2f7f54,3d48549916e2a260,1,0,0,0,1,single,False,
hotpotqa,5add02155542994d58a2f736,389c70b1e1cf6383,1,0,0,0,1,single,False,
hotpotqa,5adcf26a5542994ed6169c2f,f951525b28868ad0,1,0,0,0,1,single,False,
hotpotqa,5a728a725542992359bc30dd,b16134eb0c21ebea,1,0,0,0,1,single,False,
hotpotqa,5abaed8a5542996606241690,0169610b6f5581bc,1,0,0,0,1,single,False,
hotpotqa,5add86d25542995b365fab3b,4900f1a87c304847,1,0,0,0,1,single,False,
hotpotqa,5abb053a554299232ef4a3b3,979b70fb9ac50adb,1,0,0,0,1,single,False,
hotpotqa,5ab5507d554299494045ef78,dd3e5db6b1fa7318,3,3,0,2,3,complex,True,
hotpotqa,5a7ca94e5542996dd594b968,df93aca2c90bdd6a,1,0,0,0,1,single,False,
hotpotqa,5ade612a554299728e26c6fe,6bf5052bde2944b2,1,0,0,0,1,single,False,
hotpotqa,5a8139f155429926c1cdad1d,54bd53806d198de7,2,1,0,1,2,chain,False,
hotpotqa,5ab44b275542991779162c5a,a3518555f1ed2c8c,2,1,0,1,2,chain,False,
hotpotqa,5ade046f5542997dc7907123,ea1e786ce28300c3,1,0,0,0,1,single,False,
hotpotqa,5a7b666a55429931da12ca89,3494507a6795f45a,1,0,0,0,1,single,False,
hotpotqa,5a88ac955542997e5c09a6a3,41f864178fe3de9d,1,0,0,0,1,single,False,
hotpotqa,5a89c2e55542992e4fca83c2,2f5b2af2ec6ae699,1,0,0,0,1,single,False,
hotpotqa,5abd1b995542992ac4f381db,fbb3dc28b9fcb17b,1,0,0,0,1,single,False,
hotpotqa,5a8a6ef05542996c9b8d5ee1,4923ee19a41cf095,1,0,0,0,1,single,False,
hotpotqa,5ae2a4c7554299495565db04,6b439d0f88eb92b9,1,0,0,0,1,single,False,
hotpotqa,5ac3901555429939154137d7,68bb38dbed4a3fcd,1,0,0,0,1,single,False,
hotpotqa,5a73162e5542992359bc3230,cbad6000a4dc4835,1,0,0,0,1,single,False,
hotpotqa,5a77801355429967ab1051d9,b422ee973965a2a3,1,0,0,0,1,single,False,
hotpotqa,5a8c6c88554299585d9e3693,9207c1803f1fb923,1,0,0,0,1,single,False,
hotpotqa,5a7b4c4255429927d897bf78,03fc45f549b1290e,1,0,0,0,1,single,False,
hotpotqa,5ae6d8ea5542995703ce8bac,,0,0,0,-1,0,compile_failed,False,request failed for http://10.200.37.71:8801/v1/chat/completions: ReadTimeout
hotpotqa,5add3b405542997545bbbcd0,f831ec41ca965a7a,1,0,0,0,1,single,False,
hotpotqa,5ac549a75542994611c8b496,e759a853fe767296,1,0,0,0,1,single,False,
hotpotqa,5a7b797a5542997c3ec971ad,b373d3711f5ab801,2,1,0,1,2,chain,False,
hotpotqa,5ab43ecd5542991779162c31,b9ec18ba96927a38,1,0,0,0,1,single,False,
hotpotqa,5abb9d205542993f40c73b5c,f25a9b0bd6bbae28,1,0,0,0,1,single,False,
hotpotqa,5a73af4355429905862fe091,5ecd4e0664d2f8e1,1,0,0,0,1,single,False,
hotpotqa,5a74c77755429916b0164215,124dfb3c77296ea5,1,0,0,0,1,single,False,
hotpotqa,5adf1b9f5542993344016bd7,8c91284fe52fe4d1,1,0,0,0,1,single,False,
hotpotqa,5abfa8825542997ec76fd422,80e772c0ca6e04b9,2,1,0,1,2,chain,False,
hotpotqa,5a74b21155429916b01641e1,fc0b7c43570b7600,1,0,0,0,1,single,False,
hotpotqa,5ab759e85542995dae37e90d,231209f2c903f7e2,1,0,0,0,1,single,False,
hotpotqa,5a79e3445542994bb945712e,49c4037320c0bb2a,1,0,0,0,1,single,False,
hotpotqa,5a8f1fa555429924144829d5,4944125ea72ce52f,4,4,0,3,4,complex,True,
hotpotqa,5a85f6335542994775f606c7,3ef7e9d613f73b54,2,1,0,1,2,chain,False,
hotpotqa,5a85a9775542997b5ce40016,1a2d0f89f84592ad,1,0,0,0,1,single,False,
hotpotqa,5a88e45d554299206df2b397,18be77f7b8d6a6b0,1,0,0,0,1,single,False,
hotpotqa,5a8f07a8554299458435d529,8982efce6bff729a,2,1,0,1,2,chain,False,
hotpotqa,5adea51855429975fa854f33,2aedc7db80831729,1,0,0,0,1,single,False,
hotpotqa,5ae159235542990adbacf761,4e8013f9d0710122,3,3,0,2,3,complex,True,
hotpotqa,5a82fe8f55429966c78a6ad4,26b8332494ef2efc,1,0,0,0,1,single,False,
hotpotqa,5a81e905554299676cceb15a,4f0e70459a09af7a,1,0,0,0,1,single,False,
hotpotqa,5ae007cc554299025d62a3ae,dc2775c3fa575ef6,1,0,0,0,1,single,False,
hotpotqa,5a7764865542993735360258,25151321bc43474d,1,0,0,0,1,single,False,
hotpotqa,5ab7cac955429928e1fe38f7,35c358410928b704,1,0,0,0,1,single,False,
hotpotqa,5a7548a35542996c70cfaed7,d9564aea207fd9ad,1,0,0,0,1,single,False,
hotpotqa,5ae03f3d55429942ec259c5c,7ded74707d1121b6,2,1,0,1,2,chain,False,
hotpotqa,5a7a2d665542990198eaf0b3,4d56f2c54a4ba92f,1,0,0,0,1,single,False,
hotpotqa,5ab445b25542991751b4d71d,ae4d6cb43bfaedc1,1,0,0,0,1,single,False,
hotpotqa,5a7a16155542996a35c170c6,0a685cbe00f812cd,1,0,0,0,1,single,False,
hotpotqa,5a77f7ba5542995d8318133b,8ed046a43004cc59,1,0,0,0,1,single,False,
hotpotqa,5a77ebf75542992a6e59dff6,5a5f41569293f7d8,2,1,0,1,2,chain,False,
hotpotqa,5ae376745542990afbd1e162,745ed44bc4e61785,1,0,0,0,1,single,False,
hotpotqa,5ae661d95542992ae0d1630d,e0d8d20152c4c2fe,1,0,0,0,1,single,False,
hotpotqa,5ae0f27955429945ae959490,a232206bf2535ce3,1,0,0,0,1,single,False,
hotpotqa,5a8111ba554299260e20a231,0a339d71ab562997,1,0,0,0,1,single,False,
hotpotqa,5adea12355429975fa854f1f,bacfbe673a00bee0,2,1,0,1,2,chain,False,
hotpotqa,5a88ac635542997e5c09a6a2,564de68df26a9a55,1,0,0,0,1,single,False,
hotpotqa,5add5b5a5542995b365fab1b,ec90eab7e2e103ba,1,0,0,0,1,single,False,
hotpotqa,5abed82e5542990832d3a0fa,3aa3b6a883b88091,1,0,0,0,1,single,False,
hotpotqa,5ab247cc5542993be8fa98d0,ad8e66f8709c0d46,1,0,0,0,1,single,False,
hotpotqa,5addf5085542990dbb2f7f17,63142b2110a21453,1,0,0,0,1,single,False,
hotpotqa,5adf1e365542993344016be3,d75ad1a9cdd1c4fb,1,0,0,0,1,single,False,
hotpotqa,5a7914e655429970f5fffe51,d3f6a41182ca65b9,1,0,0,0,1,single,False,
hotpotqa,5ae1ae855542997f29b3c0fe,17744425051283d7,2,1,0,1,2,chain,False,
hotpotqa,5a8e77f55542995085b37433,6b6c56bbe202f945,1,0,0,0,1,single,False,
hotpotqa,5ae212d95542994d89d5b330,fc78273dee44aaf6,2,1,0,1,2,chain,False,
hotpotqa,5abaf8df5542992ccd8e7e86,c457daa809ce86a7,1,0,0,0,1,single,False,
hotpotqa,5a7a57215542990783324f1b,1debcd5707f986b7,1,0,0,0,1,single,False,
hotpotqa,5a74ca2355429929fddd84ea,9f619a660778e8c7,1,0,0,0,1,single,False,
hotpotqa,5a8f5ca55542992414482a7a,1c47c50e7abb8a76,2,1,0,1,2,chain,False,
hotpotqa,5ac0c51b554299012d1db62e,704f228dc4e17b71,2,1,0,1,2,chain,False,
hotpotqa,5ab877e255429916710eb069,f6bf5e13e658be53,1,0,0,0,1,single,False,
hotpotqa,5ae6419b55429908198fa552,36a355e2cbdca2da,1,0,0,0,1,single,False,
hotpotqa,5ab644805542995eadeeff92,97e38fad64eda2e5,1,0,0,0,1,single,False,
hotpotqa,5a7a33d85542994f819ef14d,2d6bb7ae167bc2da,1,0,0,0,1,single,False,
hotpotqa,5ac1581d5542994d76dccdde,b86afece77f3c72a,1,0,0,0,1,single,False,
hotpotqa,5a864d0c5542996432c571c0,d6031496d71be13b,2,1,0,1,2,chain,False,
hotpotqa,5aba9ead5542994dbf019988,cff3eb4a04d61e37,2,1,0,1,2,chain,False,
hotpotqa,5a7a291f5542996c55b2dd2a,9b184a0e02e04e57,1,0,0,0,1,single,False,
hotpotqa,5a8398275542996488c2e46f,8bf1bbfa3f8c53d9,1,0,0,0,1,single,False,
hotpotqa,5adf334b5542993344016c1c,25b57fabd8e9cd0a,1,0,0,0,1,single,False,
hotpotqa,5a8e89e55542990e94052b3b,6024694374670559,1,0,0,0,1,single,False,
hotpotqa,5ae2c03e554299492dc91c5a,f1750c3a2ce770b3,1,0,0,0,1,single,False,
hotpotqa,5ae321c45542991a06ce9931,4b8a8dd74147ce4a,1,0,0,0,1,single,False,
hotpotqa,5abfcb685542993fe9a41e72,b0d8e463b7a322da,1,0,0,0,1,single,False,
hotpotqa,5ab57deb554299488d4d99b9,ad968a3eed631f58,1,0,0,0,1,single,False,
hotpotqa,5a7f5fe45542995d8a8dde4f,3f38366f49e0ce00,1,0,0,0,1,single,False,
hotpotqa,5adc5cee5542994650320cd6,338fc7c1c3681713,1,0,0,0,1,single,False,
hotpotqa,5ae6fb77554299572ea5465e,1274b5a22a86f555,1,0,0,0,1,single,False,
hotpotqa,5a83450e55429966c78a6b64,8e7d373b966d6b25,1,0,0,0,1,single,False,
hotpotqa,5a8b44045542997f31a41cca,b8cee0df0b266fea,1,0,0,0,1,single,False,
hotpotqa,5ae3fdab5542995dadf24296,2e7e134ac6c9c655,1,0,0,0,1,single,False,
hotpotqa,5a7275ce5542994cef4bc2af,752330929d83276d,1,0,0,0,1,single,False,
hotpotqa,5a79c5945542994bb9457086,710f47f8a75fadd8,1,0,0,0,1,single,False,
hotpotqa,5a8bb8b85542996e8ac88a01,21c78cfe5f01cd52,1,0,0,0,1,single,False,
hotpotqa,5ab3ce935542992ade7c6eac,5527450ad353e102,2,1,0,1,2,chain,False,
hotpotqa,5ac0a58a5542997d64295a45,9f3357a5a440eaa3,1,0,0,0,1,single,False,
hotpotqa,5ac27b6d55429963665199d7,77dbddacd46db367,2,1,0,1,2,chain,False,
hotpotqa,5ae018cc55429925eb1afc10,4c5a4d221b23c3d3,1,0,0,0,1,single,False,
hotpotqa,5ade5c9d554299728e26c6e4,b12ebb0bbdb12e53,1,0,0,0,1,single,False,
hotpotqa,5a7913ea55429974737f7970,0de8fdd1732f50ee,1,0,0,0,1,single,False,
hotpotqa,5a7237f955429971e9dc935d,728c847e98f6d035,1,0,0,0,1,single,False,
hotpotqa,5ade541755429975fa854ea9,7de40ecbabce5687,1,0,0,0,1,single,False,
hotpotqa,5ae7d25b5542993210983f5d,a85bb9ae76a2c747,1,0,0,0,1,single,False,
hotpotqa,5aba57ea554299232ef4a294,9cf90f064b33c91b,1,0,0,0,1,single,False,
hotpotqa,5a78cbf9554299029c4b5e99,213b25ebd092e936,1,0,0,0,1,single,False,
hotpotqa,5abacfbe554299660624162b,0d101abff9626009,1,0,0,0,1,single,False,
hotpotqa,5a834bcd5542996488c2e401,b92afe48b2e87fce,1,0,0,0,1,single,False,
hotpotqa,5adea85b55429939a52fe92a,6e1d214ff264486a,1,0,0,0,1,single,False,
hotpotqa,5ab2d5e8554299545a2cfabd,c8022e1a789e0d9e,1,0,0,0,1,single,False,
hotpotqa,5adcfc0055429947343537f0,b72d6fcf95d1f484,1,0,0,0,1,single,False,
hotpotqa,5abddf275542991f66106085,534b28dfdb7c8999,2,1,0,1,2,chain,False,
hotpotqa,5a8aab5b5542992d82986f53,e2f65a6387ef1ab0,1,0,0,0,1,single,False,
hotpotqa,5abd698255429933744ab7c3,a21206588520027a,1,0,0,0,1,single,False,
hotpotqa,5ac0f8ca554299012d1db66b,42ce43e8e8ba1a80,1,0,0,0,1,single,False,
hotpotqa,5ae214ba554299495565d9ed,6c6b0804c9838613,2,1,0,1,2,chain,False,
hotpotqa,5a86492e554299211dda2ae4,1a4643c28e4386b5,1,0,0,0,1,single,False,
hotpotqa,5abd929f55429933744ab7fe,20a5548360c067de,1,0,0,0,1,single,False,
hotpotqa,5a809e4a5542995d8a8ddfb2,af30fe12e7d096a7,2,1,0,1,2,chain,False,
hotpotqa,5ac2446355429951e9e6850e,913703d8c814b36e,1,0,0,0,1,single,False,
hotpotqa,5a7e1f3f5542997cc2c47524,bfbfdb2ee5bcd9ee,2,1,0,1,2,chain,False,
hotpotqa,5ab5796c554299488d4d99a4,06e1d3119de5e8cb,2,1,0,1,2,chain,False,
hotpotqa,5a7ca1a455429935c91b5270,1b1bc5a7461114ee,1,0,0,0,1,single,False,
hotpotqa,5abcfe22554299114383a1bc,ba32b7df7cb98212,1,0,0,0,1,single,False,
hotpotqa,5ae6452055429908198fa56a,06db7341f083b70e,1,0,0,0,1,single,False,
hotpotqa,5ac1ffc95542996366519934,dbc5b7887226fb34,1,0,0,0,1,single,False,
hotpotqa,5a8392975542996488c2e45e,14f17bdeb1a5be16,2,1,0,1,2,chain,False,
hotpotqa,5ab3accc5542992ade7c6e16,69eb082c31a9773d,1,0,0,0,1,single,False,
hotpotqa,5a74643e55429974ef308bef,f457ddc347ab90f9,1,0,0,0,1,single,False,
hotpotqa,5abe05225542991f661060a9,70f11b5296b010e7,1,0,0,0,1,single,False,
hotpotqa,5ac3bad055429939154138fe,9caf5f4cbddfa6ab,1,0,0,0,1,single,False,
hotpotqa,5a8df64f5542995085b37366,3357a6a6eaccc516,1,0,0,0,1,single,False,
hotpotqa,5ac49cbf5542996feb3fe910,a3eec710e2f93039,1,0,0,0,1,single,False,
hotpotqa,5abd0a285542996e802b46a9,2c074e9d70660295,1,0,0,0,1,single,False,
hotpotqa,5a7650a45542992d0ec060a1,,0,0,0,-1,0,compile_failed,False,request failed for http://10.200.37.71:8801/v1/chat/completions: ReadTimeout
hotpotqa,5ac2794355429963665199d0,8744916db6ceb65c,1,0,0,0,1,single,False,
hotpotqa,5abd7bbd55429924427fcffd,2242fc4ba6f94f9c,1,0,0,0,1,single,False,
hotpotqa,5ae31f965542992decbdcde4,582ca6f05724a5fa,1,0,0,0,1,single,False,
hotpotqa,5adf44365542993a75d2646b,31afd35c7ebb6e6b,2,1,0,1,2,chain,False,
hotpotqa,5ae6419355429908198fa551,be567dd5ecde99d1,1,0,0,0,1,single,False,
hotpotqa,5ae68dba55429908198fa603,9bcee7aac9979c98,1,0,0,0,1,single,False,
hotpotqa,5adc122c554299438c868d33,33a252862e1aab13,1,0,0,0,1,single,False,
hotpotqa,5a812d0f554299260e20a26a,4711d267b69d68db,4,3,0,3,4,chain,True,
hotpotqa,5ab975e05542996be2020505,b70b61603493df42,2,1,0,1,2,chain,False,
hotpotqa,5a84e4dc5542994c784dda7d,64c23a9226589db2,1,0,0,0,1,single,False,
hotpotqa,5abe3e8255429976d4830aa4,ae19440d1682d879,1,0,0,0,1,single,False,
hotpotqa,5a7613465542992d0ec06026,a455591f2edf78b9,2,1,0,1,2,chain,False,
hotpotqa,5ac2742b5542990b17b153a1,7440192b45f831d6,1,0,0,0,1,single,False,
hotpotqa,5a8a36d855429930ff3c0d05,a062887338a49806,1,0,0,0,1,single,False,
hotpotqa,5a8216dd554299676cceb20f,62e56c377fe84647,1,0,0,0,1,single,False,
hotpotqa,5a8f4e8955429918e830d1f1,23b81a5185a57843,3,3,0,2,3,complex,True,
hotpotqa,5adfc29655429942ec259b3d,44cd0ccdea67fb31,1,0,0,0,1,single,False,
hotpotqa,5a886f585542993e715ac038,056a1ef893d6ef9d,1,0,0,0,1,single,False,
hotpotqa,5ae4063b55429970de88d866,2ebc2c3ad538b217,1,0,0,0,1,single,False,
hotpotqa,5a8e8c3e5542990e94052b48,db420a6d31b812c1,1,0,0,0,1,single,False,
hotpotqa,5a89d93c55429946c8d6e9e1,2d0a89e66a667a6a,5,4,0,4,5,chain,True,
hotpotqa,5ac5190d5542996feb3fe9f8,32c78cc63c809e2c,1,0,0,0,1,single,False,
hotpotqa,5a738a1c554299623ed4abe4,0b46881e50ea6e10,1,0,0,0,1,single,False,
hotpotqa,5ae600e25542996de7b71ae1,930db907921f10eb,1,0,0,0,1,single,False,
hotpotqa,5ab4580b5542991751b4d74a,9531d2c2faab785e,1,0,0,0,1,single,False,
hotpotqa,5a814d5e55429938b614232d,6f0b731ade496fd3,1,0,0,0,1,single,False,
hotpotqa,5a82500e55429940e5e1a843,316faf4b7302771d,1,0,0,0,1,single,False,
hotpotqa,5a8ab6355542992d82986f5e,0dc07de000e32910,1,0,0,0,1,single,False,
hotpotqa,5a735b8d55429901807dafee,ea2065577f92df9c,1,0,0,0,1,single,False,
hotpotqa,5ab9c09055429970cfb8eb9b,0b0eab8104094877,1,0,0,0,1,single,False,
hotpotqa,5a842eab554299123d8c21d9,66b77cf5b1e1a17b,2,1,0,1,2,chain,False,
hotpotqa,5a8f93ca5542997ba9cb32d7,5bdcc06bbcc96a2c,1,0,0,0,1,single,False,
hotpotqa,5a848b105542997b5ce3feaf,a504eaca5cfda82e,2,1,0,1,2,chain,False,
hotpotqa,5ac131b85542994ab5c67cb8,e2c23b228fee148d,2,1,0,1,2,chain,False,
hotpotqa,5ae014d555429925eb1afc06,21740c934f31a96b,1,0,0,0,1,single,False,
hotpotqa,5ae62b8b5542992ae0d1625d,e1b451d6a13e5afa,1,0,0,0,1,single,False,
hotpotqa,5a726c9e5542997f827839c3,2dde64068016f23e,1,0,0,0,1,single,False,
hotpotqa,5a74f9a75542996c70cfae5f,1469f62f8343c70d,1,0,0,0,1,single,False,
hotpotqa,5a8f6d1155429918e830d21f,66d1e647b26f8505,1,0,0,0,1,single,False,
hotpotqa,5ab9cd1d55429955dce3ed87,1d09e86e9dca411d,2,1,0,1,2,chain,False,
hotpotqa,5ab73c5e5542993667793f9e,d9c791f6cf94db60,1,0,0,0,1,single,False,
hotpotqa,5a7cecac55429909bec7688f,cb496db61f0b14f0,1,0,0,0,1,single,False,
hotpotqa,5ae3091c55429928c42395b6,649f7eadd0f26af6,2,1,0,1,2,chain,False,
hotpotqa,5a8900f75542995153361254,bebaea55ed986216,1,0,0,0,1,single,False,
hotpotqa,5ae69afd5542996d980e7c4d,b41b07c2bc03ec33,1,0,0,0,1,single,False,
hotpotqa,5a8b01b955429949d91db464,ce4a3c739795e079,1,0,0,0,1,single,False,
hotpotqa,5ab3b027554299753aec599f,29e563e335c81038,1,0,0,0,1,single,False,
hotpotqa,5ae3ee815542995ad6573ca5,8cf4f02689f9d27c,2,1,0,1,2,chain,False,
hotpotqa,5ab794495542995dae37e968,0b7673d9796b7004,1,0,0,0,1,single,False,
hotpotqa,5ae78bd2554299540e5a55e6,4b5a89ac57af7658,1,0,0,0,1,single,False,
hotpotqa,5a7b4a3255429931da12ca5b,180cd0ee2dffc676,1,0,0,0,1,single,False,
hotpotqa,5ae083b055429945ae959391,acff25b8caeebaff,1,0,0,0,1,single,False,
hotpotqa,5a7bef8a5542990527d5542c,5b9bc3ee8c653682,1,0,0,0,1,single,False,
hotpotqa,5a7d0af455429909bec76916,d8749f2f987601ab,1,0,0,0,1,single,False,
hotpotqa,5a864d035542991e77181608,33d5839bd2a0aeb1,1,0,0,0,1,single,False,
hotpotqa,5ae81c455542997ec2727711,ce9f763cd898f354,1,0,0,0,1,single,False,
hotpotqa,5ae2466e5542994d89d5b3b4,113735e1773ff0fc,3,2,0,2,3,chain,True,
hotpotqa,5a7da3f55542997cc2c47467,0d3e8b7033ce3f0a,1,0,0,0,1,single,False,
hotpotqa,5abae18955429901930fa8cf,96c26be70ba19109,1,0,0,0,1,single,False,
hotpotqa,5ab2e8e2554299340b525563,369eea63e2225ae9,1,0,0,0,1,single,False,
hotpotqa,5a81f6525542990a1d231efb,b41156bc2196d0df,1,0,0,0,1,single,False,
hotpotqa,5adbf3585542994650320c16,6f17bc32b3a130bc,2,1,0,1,2,chain,False,
hotpotqa,5a7e7c6155429949594199d8,667219b8a7de9d3c,1,0,0,0,1,single,False,
hotpotqa,5ac3d38f5542995ef918c24d,cc91b04933b18d4c,1,0,0,0,1,single,False,
hotpotqa,5a7de5565542991319bc9402,a73bfe7929eedf65,2,1,0,1,2,chain,False,
hotpotqa,5ab9f7bc55429901930fa757,7fdee8edbec96853,1,0,0,0,1,single,False,
hotpotqa,5ae72809554299572ea5473e,65e47901c58dc74d,1,0,0,0,1,single,False,
hotpotqa,5adec50555429975fa854f86,9740cc9c9582dff6,1,0,0,0,1,single,False,
hotpotqa,5ae692645542996d980e7c0c,3798270dde97a119,2,1,0,1,2,chain,False,
hotpotqa,5ae680fa5542996d980e7ba7,96f4b3f983bb1580,1,0,0,0,1,single,False,
hotpotqa,5a8312a555429966c78a6b22,545400a9fc61525a,1,0,0,0,1,single,False,
hotpotqa,5a88dbb3554299206df2b380,bc1d4079f2014b08,1,0,0,0,1,single,False,
hotpotqa,5a89b4175542992e4fca8389,5e973a76ff7efb41,1,0,0,0,1,single,False,
hotpotqa,5a7b1d7355429931da12c9cd,53e0bd4f4331a6d6,1,0,0,0,1,single,False,
hotpotqa,5abe40265542993f32c2a0ce,d85bd330b0ff5d0f,1,0,0,0,1,single,False,
hotpotqa,5a8327b45542993344745fcf,1bd14cb3b4dd5c29,1,0,0,0,1,single,False,
hotpotqa,5a892b2a554299669944a4de,6ed30bd9f7513268,1,0,0,0,1,single,False,
hotpotqa,5add77805542992200553b2f,45b592a56258bc4b,1,0,0,0,1,single,False,
hotpotqa,5adce7915542992c1e3a2492,6532df6d525f1908,1,0,0,0,1,single,False,
hotpotqa,5a77732b55429967ab105183,e48e9ec5770c9501,1,0,0,0,1,single,False,
hotpotqa,5a83047155429966c78a6aea,5a1da167f27afba0,2,1,0,1,2,chain,False,
hotpotqa,5ae1dc2a554299492dc91ba7,a3d19e74a9a62e30,1,0,0,0,1,single,False,
hotpotqa,5ab3e01155429969a97a81e4,8ec11f18bea87fa8,1,0,0,0,1,single,False,
hotpotqa,5a71691d5542994082a3e81d,e2f76de4d08bc1d6,4,4,0,3,4,complex,True,
hotpotqa,5a83b14c5542996488c2e48c,b013f810bb13f88f,1,0,0,0,1,single,False,
hotpotqa,5a8940f855429951533612f3,2432350447baacc2,1,0,0,0,1,single,False,
hotpotqa,5a7add8f5542992d025e6714,ebd8452c8419af1d,3,3,0,2,3,complex,True,
hotpotqa,5ac248775542994d76dccf08,70a752ef28368c99,1,0,0,0,1,single,False,
hotpotqa,5a7128615542994082a3e5ec,a5349f428d98ffb4,2,1,0,1,2,chain,False,
hotpotqa,5ae33e735542992e3233c332,b713556a9b8db17d,1,0,0,0,1,single,False,
hotpotqa,5a76b355554299373536016c,21e49495509b2a5b,1,0,0,0,1,single,False,
hotpotqa,5adf8fee5542995534e8c7ed,eb60c616ffef1579,1,0,0,0,1,single,False,
hotpotqa,5a774ae655429966f1a36ce0,a09e4179a11bda5d,2,1,0,1,2,chain,False,
hotpotqa,5abaeac05542992ccd8e7e59,6446a5adacb79fbd,1,0,0,0,1,single,False,
hotpotqa,5adc733755429947ff17396b,4bfbf65dec8b3d5b,1,0,0,0,1,single,False,
hotpotqa,5a72a91855429901807daf2c,0bb9d62db60658d1,1,0,0,0,1,single,False,
hotpotqa,5adc2dcc55429944faac244b,446c2282372f37cd,1,0,0,0,1,single,False,
hotpotqa,5ab41cb3554299753aec5a3d,532d726ef03852c7,2,1,0,1,2,chain,False,
hotpotqa,5ade1a805542997c77aded46,af8ab4704360169e,1,0,0,0,1,single,False,
hotpotqa,5a78c73455429970f5fffd7d,b0e1f6f0fb90480b,1,0,0,0,1,single,False,
hotpotqa,5ab2ec6f55429929539468c2,f99b450be89ddd71,2,1,0,1,2,chain,False,
hotpotqa,5adee6da55429975fa854fb1,39d9bd5579a27d2b,4,3,0,3,4,chain,True,
hotpotqa,5a83484855429966c78a6b6d,3ef88d8bc5dff342,1,0,0,0,1,single,False,
hotpotqa,5a7f707f55429969796c1a50,d3e6c23f58f40d17,1,0,0,0,1,single,False,
hotpotqa,5ae0fbd5554299422ee9959b,7480379b64646aae,1,0,0,0,1,single,False,
hotpotqa,5a778edd5542992a6e59deec,7a67aa6b5dc02677,1,0,0,0,1,single,False,
hotpotqa,5a7e90fa5542994959419a0a,a4c8ee8b1d506c60,1,0,0,0,1,single,False,
hotpotqa,5ae61107554299546bf83060,bed2780cd4561f2a,1,0,0,0,1,single,False,
hotpotqa,5a7b1a73554299042af8f6ce,325c9e88981437c2,1,0,0,0,1,single,False,
hotpotqa,5a750b595542993748c897a6,ec3040dd2354d38f,1,0,0,0,1,single,False,
hotpotqa,5a79c0645542994bb9457060,588891ca76d2e731,1,0,0,0,1,single,False,
hotpotqa,5ae12de555429901ffe4add0,ad74572490cf1e26,1,0,0,0,1,single,False,
hotpotqa,5ab946bf554299743d22eaae,de51f3fcf43b62c2,1,0,0,0,1,single,False,
hotpotqa,5a72ffc65542991f9a20c5f3,b143d6fa42361f15,1,0,0,0,1,single,False,
hotpotqa,5adf747c5542992d7e9f937f,3c68e97d0918ba9a,1,0,0,0,1,single,False,
hotpotqa,5a77f2dd5542992a6e59e017,ed0925ed62f92dd3,1,0,0,0,1,single,False,
hotpotqa,5a83a6475542996488c2e480,6a53fb1d1ac7182f,2,1,0,1,2,chain,False,
hotpotqa,5ab62f1e554299488d4d9abd,b9a238ee3903bff1,1,0,0,0,1,single,False,
hotpotqa,5ab95066554299131ca422f2,d6bcb3387741333c,2,1,0,1,2,chain,False,
hotpotqa,5ae4cbf755429960a22e01ea,0edb934fb02f4989,1,0,0,0,1,single,False,
hotpotqa,5abc113f554299700f9d77cc,60cc8cb174a3217a,1,0,0,0,1,single,False,
hotpotqa,5a8211d655429926c1cdae29,ac03b60f401aefb1,1,0,0,0,1,single,False,
hotpotqa,5ac2dee35542996773102640,95ecf43933fe56fa,1,0,0,0,1,single,False,
hotpotqa,5abba4a5554299642a094af2,dd1a4b68e4c3330b,1,0,0,0,1,single,False,
hotpotqa,5add1e985542990d50227deb,ac9e65cdb4eef698,2,1,0,1,2,chain,False,
hotpotqa,5a77e86755429967ab1052e2,50c12f6dc0a11f5d,1,0,0,0,1,single,False,
hotpotqa,5abd38d75542993062266c21,4afb7cbec37d4f7e,1,0,0,0,1,single,False,
hotpotqa,5ae2335d554299495565da39,f66669a29f5bfbad,1,0,0,0,1,single,False,
hotpotqa,5ac3d58d554299076e296ca0,a18da5df1f4afacd,2,1,0,1,2,chain,False,
hotpotqa,5a8e0d6d554299068b959e3d,5fe3748c2394c047,1,0,0,0,1,single,False,
hotpotqa,5a7ccea855429907fabef03e,d1774bd933d6b51a,1,0,0,0,1,single,False,
hotpotqa,5a8bc1505542995e66a474fa,3e859ba2b7b083fa,1,0,0,0,1,single,False,
hotpotqa,5ae34f475542994393b9e671,c03ed8c5899b6cc2,1,0,0,0,1,single,False,
hotpotqa,5adcb8205542994ed6169bd2,d821267bd5a71183,1,0,0,0,1,single,False,
hotpotqa,5abed5c05542990832d3a0e7,8e07e41906446a98,1,0,0,0,1,single,False,
hotpotqa,5ab6d35c5542995eadef00aa,,0,0,0,-1,0,compile_failed,False,request failed for http://10.200.37.71:8801/v1/chat/completions: ReadTimeout
hotpotqa,5ae4ddf55542993aec5ec0e4,af616fdd9e21c954,1,0,0,0,1,single,False,
hotpotqa,5ac0ce595542997d64295a54,ec7ae725e3c065ff,1,0,0,0,1,single,False,
hotpotqa,5ab648675542995eadeeff9b,c2db70f7229bc076,2,1,0,1,2,chain,False,
hotpotqa,5ab56c23554299637185c58a,11d2b027616a8b96,1,0,0,0,1,single,False,
hotpotqa,5ae553055542992663a4f1cc,1d26fffd1fb4a6d9,2,1,0,1,2,chain,False,
hotpotqa,5ae1d324554299422ee9969a,40b2bddddf900728,1,0,0,0,1,single,False,
hotpotqa,5ae65d055542996d980e7b14,5707e9446d3ed39c,1,0,0,0,1,single,False,
hotpotqa,5ac01078554299012d1db595,122db69ce3b31b7f,1,0,0,0,1,single,False,
hotpotqa,5ae726db554299572ea54739,a37b3df27c20d74f,1,0,0,0,1,single,False,
hotpotqa,5ac3a39d5542993915413860,177c075f25a9294d,1,0,0,0,1,single,False,
hotpotqa,5abed12f5542993fe9a41d4a,a86c0b0cab76451e,2,1,0,1,2,chain,False,
hotpotqa,5abc8b79554299114383a146,9c986ae8093e00d7,2,1,0,1,2,chain,False,
hotpotqa,5a79e1c05542994f819ef0ed,8da58db49fefd7d3,1,0,0,0,1,single,False,
hotpotqa,5a72263855429971e9dc92f3,fbc5c4fefae804ef,2,1,0,1,2,chain,False,
hotpotqa,5a90382755429933b8a204a3,4baf7c3975f5b5fd,1,0,0,0,1,single,False,
hotpotqa,5a83a3055542993344746065,8546f39f852b676f,1,0,0,0,1,single,False,
hotpotqa,5a899c315542993b751ca95e,022e6fdcc1c69baf,1,0,0,0,1,single,False,
hotpotqa,5a771a3255429937353601d0,4bd7f1928a224ad3,1,0,0,0,1,single,False,
hotpotqa,5ae04fbb55429924de1b70a1,9ad9c8e9718e432a,1,0,0,0,1,single,False,
hotpotqa,5ade62c6554299728e26c708,5a575f5673310ac9,1,0,0,0,1,single,False,
hotpotqa,5ae5397b5542992663a4f183,b8fd9d47b919f85a,1,0,0,0,1,single,False,
hotpotqa,5a8973f85542995153361304,adeda00b1520caee,1,0,0,0,1,single,False,
hotpotqa,5a74f6095542993748c89756,79a1cafb4e298336,2,1,0,1,2,chain,False,
hotpotqa,5a7226c355429971e9dc92f9,6778e5ee382d8367,1,0,0,0,1,single,False,
hotpotqa,5a7f55315542992097ad2f1d,,0,0,0,-1,0,compile_failed,False,request failed for http://10.200.37.71:8801/v1/chat/completions: ReadTimeout
hotpotqa,5a8127b45542995ce29dcbcf,6862c591cd6f7d5f,1,0,0,0,1,single,False,
hotpotqa,5abe2d5a5542991f661060f5,39f4a4a2b663b3f8,1,0,0,0,1,single,False,
hotpotqa,5a750b6f5542993748c897a7,cbc63933e75d6223,1,0,0,0,1,single,False,
hotpotqa,5a733db75542992359bc32a9,3922c692b9c26b62,2,1,0,1,2,chain,False,
hotpotqa,5ae25f665542996483e64991,18de3e34a4b35dcc,1,0,0,0,1,single,False,
hotpotqa,5ae115a65542997b2ef7d0d5,bf3b64202905194d,1,0,0,0,1,single,False,
hotpotqa,5a89fce655429970aeb701e5,0dcf24c242ba3385,1,0,0,0,1,single,False,
hotpotqa,5adfb6fd554299603e418387,787b832dfa22f047,1,0,0,0,1,single,False,
hotpotqa,5a8ee8695542990e94052bb2,d3ef398651b65adf,1,0,0,0,1,single,False,
hotpotqa,5ac4db73554299076e296e1c,70d21210e23e93b4,1,0,0,0,1,single,False,
hotpotqa,5abce2ea554299114383a17c,506ea1ecdc4ff5fe,2,1,0,1,2,chain,False,
hotpotqa,5a78a34d5542990784727701,72e8ec421c9095d5,1,0,0,0,1,single,False,
hotpotqa,5ac16d5055429964131be1ec,1162da70fe76eb27,1,0,0,0,1,single,False,
hotpotqa,5ae0dce655429924de1b71a9,4e583842ae4c38b4,1,0,0,0,1,single,False,
hotpotqa,5a7500b555429916b016423b,a74b99eb2b97c665,1,0,0,0,1,single,False,
hotpotqa,5ab344ff55429969a97a811f,677cab0bd1f3923a,1,0,0,0,1,single,False,
hotpotqa,5ab9568955429970cfb8ea75,d9b5fc48cc59d490,1,0,0,0,1,single,False,
hotpotqa,5ac1741655429964131be204,1a9ad63bcbeb7e2a,1,0,0,0,1,single,False,
hotpotqa,5ab9462e554299131ca422ec,4059f5953abd6a0b,1,0,0,0,1,single,False,
hotpotqa,5abd8d495542996e802b47c1,0bddce959f6389a9,1,0,0,0,1,single,False,
hotpotqa,5ae7db09554299540e5a566c,0e761e07b2250d37,1,0,0,0,1,single,False,
hotpotqa,5a8b09e555429971feec462c,9ab62500d240965f,1,0,0,0,1,single,False,
hotpotqa,5addeaf25542992200553bad,63f9b28be17437e2,1,0,0,0,1,single,False,
hotpotqa,5a81eedd5542995ce29dcc8b,302afe939abd7526,1,0,0,0,1,single,False,
hotpotqa,5a75f8ef55429976ec32bcd1,74ae8eb18b7031b5,1,0,0,0,1,single,False,
hotpotqa,5ac29e5055429967731025bf,69a4c6c668e52494,1,0,0,0,1,single,False,
hotpotqa,5ac52d2a5542994611c8b3e9,e5c3aad01fc10d02,1,0,0,0,1,single,False,
hotpotqa,5a7e9e0b5542994959419a30,960f8b0b3d8ff34d,1,0,0,0,1,single,False,
hotpotqa,5ae30dc555429928c42395ce,6ce8fbd98829c28e,1,0,0,0,1,single,False,
hotpotqa,5a84c78c5542994c784dda4b,fee57469be2972af,1,0,0,0,1,single,False,
hotpotqa,5ae233475542992decbdcc4e,1668a66087ada6d0,2,1,0,1,2,chain,False,
hotpotqa,5ae33f1f5542991a06ce9977,1b450430eb549a56,2,1,0,1,2,chain,False,
hotpotqa,5a73c54655429905862fe0b9,35bb0596f2f6bfcf,1,0,0,0,1,single,False,
hotpotqa,5ac313625542995ef918c0f1,e1d68f193a372ae6,1,0,0,0,1,single,False,
hotpotqa,5ac2da34554299657fa290a0,7435fb190d2778ee,1,0,0,0,1,single,False,
hotpotqa,5ae0aa3a55429945ae9593f8,92eae70bd111e6c1,1,0,0,0,1,single,False,
hotpotqa,5ae49c3e55429970de88d9db,45baf5dfc43da89f,1,0,0,0,1,single,False,
hotpotqa,5adcf6eb55429947343537db,d96eee16f3947c30,1,0,0,0,1,single,False,
hotpotqa,5a8c589b5542996e8ac88a65,09c29a04c8fef3ea,4,4,0,3,4,complex,True,
hotpotqa,5a8a13aa5542992d82986e9b,fe28d65dbe335650,1,0,0,0,1,single,False,
hotpotqa,5aba072d55429939ce03dc5a,7ee2c89fffa5d322,1,0,0,0,1,single,False,
hotpotqa,5a734fad5542992359bc32f6,fa50dfd42bccfc1f,1,0,0,0,1,single,False,
hotpotqa,5ae0c4e85542993d6555ec53,ebaa93b045d029fd,1,0,0,0,1,single,False,
hotpotqa,5a90d78955429916514e758d,,0,0,0,-1,0,compile_failed,False,request failed for http://10.200.37.71:8801/v1/chat/completions: ReadTimeout
hotpotqa,5ae6032e55429929b0807a52,9abdd72dd90a5c05,1,0,0,0,1,single,False,
hotpotqa,5a8cbdcc554299653c1aa105,59c889510e9aec73,1,0,0,0,1,single,False,
hotpotqa,5a846cc65542992ef85e23f1,727c8ce257dbba24,1,0,0,0,1,single,False,
hotpotqa,5ab69e6d55429953192ad335,666879ccf1ce2ce0,1,0,0,0,1,single,False,
hotpotqa,5abd4ede5542993062266c4a,6b2f1e944a71d6ed,1,0,0,0,1,single,False,
hotpotqa,5a7662e25542992db9473789,cca26b18e3a23101,1,0,0,0,1,single,False,
hotpotqa,5a751a8055429916b0164262,dc6917d04422ea59,1,0,0,0,1,single,False,
hotpotqa,5a8464285542990548d0b2a7,d5fa1b160c5a2dc2,1,0,0,0,1,single,False,
hotpotqa,5a77f5ad55429949eeb29fc2,cb098ef07426d56f,1,0,0,0,1,single,False,
hotpotqa,5ab671d95542995eadeeffde,f460c1b04b31c02a,1,0,0,0,1,single,False,
hotpotqa,5ae11cc955429901ffe4ad9c,5bff7e99c460858a,1,0,0,0,1,single,False,
hotpotqa,5ae2efd1554299495565db3c,b06d33c333edca48,1,0,0,0,1,single,False,
hotpotqa,5a76498a5542992d0ec0608c,2037a22b17bbd9d0,1,0,0,0,1,single,False,
hotpotqa,5a7329525542991f29ee2d1c,bd746e28f818348c,1,0,0,0,1,single,False,
hotpotqa,5ab3e6de55429976abd1bce2,cd5cc28f1d8c8696,1,0,0,0,1,single,False,
hotpotqa,5a8750d15542993e715abee1,0ffefe99be0b8532,1,0,0,0,1,single,False,
hotpotqa,5addf2765542995b365fab97,03e662bb0969292c,2,1,0,1,2,chain,False,
hotpotqa,5a7b693055429927d897bfb8,96b337fc665fcb78,1,0,0,0,1,single,False,
hotpotqa,5ae4ae9e5542995ad6573e1c,8e8ff4a23bdc5dae,1,0,0,0,1,single,False,
hotpotqa,5ae2e77e55429928c4239546,f3d65732c1811c22,1,0,0,0,1,single,False,
hotpotqa,5add14835542994ed6169c68,8436cf3bdd1c6c85,1,0,0,0,1,single,False,
hotpotqa,5ae1f203554299234fd0434f,bb6e4954aaa953b4,1,0,0,0,1,single,False,
hotpotqa,5a760bbc554299109176e631,fdeb908972325b0a,1,0,0,0,1,single,False,
hotpotqa,5a865664554299211dda2afb,116239fa04684c39,1,0,0,0,1,single,False,
hotpotqa,5ae362af5542990afbd1e129,d9523b0e1e8a6736,2,1,0,1,2,chain,False,
hotpotqa,5a7f3d8555429934daa2fd3a,a86c0eea14a919ff,2,1,0,1,2,chain,False,
hotpotqa,5ab818065542990e739ec819,ae58b658e1bac969,2,1,0,1,2,chain,False,
hotpotqa,5a85a9845542991dd0999e81,87d2cb50c72d39cb,1,0,0,0,1,single,False,
hotpotqa,5ade4cf3554299728e26c6b6,159adf53a3204e43,1,0,0,0,1,single,False,
hotpotqa,5a7123275542994082a3e5c5,38a12919393b3166,2,1,0,1,2,chain,False,
hotpotqa,5ac50a0655429924173fb577,7e196f898b89b2ad,1,0,0,0,1,single,False,
hotpotqa,5ae202bb554299234fd0438c,,0,0,0,-1,0,compile_failed,False,request failed for http://10.200.37.71:8801/v1/chat/completions: ReadTimeout
hotpotqa,5a8ae3d755429951533613a2,6bd627c7578882e5,1,0,0,0,1,single,False,
hotpotqa,5ae0e16d5542993d6555ec7c,c06aefce8e3ded60,1,0,0,0,1,single,False,
hotpotqa,5abe84e65542993f32c2a146,08cfc64b86c0caf7,1,0,0,0,1,single,False,
hotpotqa,5a88b5475542993e715ac06f,4ac96bb432eda52e,2,1,0,1,2,chain,False,
hotpotqa,5a7b4b5355429931da12ca5f,b763c956a7e93d48,1,0,0,0,1,single,False,
hotpotqa,5ae388ed5542992f92d8230b,,0,0,0,-1,0,compile_failed,False,request failed for http://10.200.37.71:8801/v1/chat/completions: ReadTimeout
hotpotqa,5ae688135542996d980e7bed,62dfdfc16e91eb0e,1,0,0,0,1,single,False,
hotpotqa,5a7fd35c5542992e7d278db9,47232469c5bada98,1,0,0,0,1,single,False,
hotpotqa,5ab63346554299637185c67a,b550d51a92e9f2a2,1,0,0,0,1,single,False,
hotpotqa,5a89d77f554299669944a5c1,20bf49a43f06c491,1,0,0,0,1,single,False,
hotpotqa,5adfa6925542992d7e9f93cb,cf65c0bea10e502e,1,0,0,0,1,single,False,
hotpotqa,5ab731f65542992aa3b8c7c9,427527859d64d4e1,1,0,0,0,1,single,False,
hotpotqa,5adbf5e35542996e68525286,bc56bd455540dfb8,2,1,0,1,2,chain,False,
hotpotqa,5add347e5542995b365faab1,6b4059ae26dcc724,2,1,0,1,2,chain,False,
hotpotqa,5ab29eb8554299545a2cf9e1,a873a7c4a9d55f1f,2,1,0,1,2,chain,False,
hotpotqa,5ae6077655429929b0807a72,a9557d77d5e2e80e,1,0,0,0,1,single,False,
hotpotqa,5ae3717a5542990afbd1e14d,fc5e9e8aee1fd4fd,1,0,0,0,1,single,False,
hotpotqa,5a714ab55542994082a3e782,2d2f3a35b627e627,1,0,0,0,1,single,False,
hotpotqa,5a73de6555429978a71e90ab,b4b89ab33114cf83,1,0,0,0,1,single,False,
hotpotqa,5ac2c931554299657fa29059,4474abc9c4cf996d,1,0,0,0,1,single,False,
hotpotqa,5a9042285542990a984935d4,0be5f9f025043267,2,1,0,1,2,chain,False,
hotpotqa,5ab7fc915542993667794089,02df10d52f0a9a30,1,0,0,0,1,single,False,
hotpotqa,5abbf853554299114383a0be,2db6fb68ffa2fcbf,1,0,0,0,1,single,False,
hotpotqa,5a8751cf5542996432c57266,5e34c60e6a4af0c3,1,0,0,0,1,single,False,
hotpotqa,5a8ac7d055429950cd6afb8f,738bf89bc711b5b4,1,0,0,0,1,single,False,
hotpotqa,5a7912c255429974737f796a,b84587f5973cb87b,1,0,0,0,1,single,False,
hotpotqa,5adbf91755429944faac23e0,80b70ca4f2e0c711,1,0,0,0,1,single,False,
hotpotqa,5a8efc625542997ba9cb3167,897274250989ca5a,1,0,0,0,1,single,False,
hotpotqa,5ac0e0d85542996f0d89cc30,f78e33221247d26d,1,0,0,0,1,single,False,
hotpotqa,5a83158a55429966c78a6b2c,245f233932c311a0,2,1,0,1,2,chain,False,
hotpotqa,5a82404c55429940e5e1a812,481715a3dd7c3980,1,0,0,0,1,single,False,
hotpotqa,5a78d26855429974737f78bf,d1cbb02e39c05364,1,0,0,0,1,single,False,
hotpotqa,5adc305b55429944faac2450,f30c88070383db20,1,0,0,0,1,single,False,
hotpotqa,5a819e9e55429926c1cdad55,ae3dc07b5ea5d76b,1,0,0,0,1,single,False,
hotpotqa,5a81a61b55429903bc27b991,2054db987033f9d8,1,0,0,0,1,single,False,
hotpotqa,5aba756655429955dce3ee39,603200cdecc138a3,2,1,0,1,2,chain,False,
hotpotqa,5a7c24db554299683c1c62d6,f7e19298a6d5e3b7,1,0,0,0,1,single,False,
hotpotqa,5abadf8e5542996cc5e49ebf,953a5eebcf8668e2,2,1,0,1,2,chain,False,
hotpotqa,5a8cebfa554299441c6b9f7c,81e1a40723dc27bd,1,0,0,0,1,single,False,
hotpotqa,5a904cb25542995651fb5113,26cc79faea7b77fd,1,0,0,0,1,single,False,
hotpotqa,5ab8b20a55429919ba4e235b,c50176288457eeba,1,0,0,0,1,single,False,
hotpotqa,5ae4be0555429960a22e0197,a20782fe892584f5,1,0,0,0,1,single,False,
hotpotqa,5a79c55b5542996c55b2dc6d,f3efa0310c76e138,1,0,0,0,1,single,False,
hotpotqa,5a80b418554299485f5986ce,b5ebcba5a2e56dcc,1,0,0,0,1,single,False,
hotpotqa,5ae689dd5542995703ce8b78,41c103a0dc207a9b,1,0,0,0,1,single,False,
hotpotqa,5ae73e5d5542991e8301cc36,4c2a1e08ea7d18bf,1,0,0,0,1,single,False,
hotpotqa,5ab8348d55429934fafe6d13,45a3bdd007476854,1,0,0,0,1,single,False,
hotpotqa,5ab3c0d255429969a97a81ad,68bac2e71653491e,1,0,0,0,1,single,False,
hotpotqa,5a7e27f055429965cec5eaaa,c515f7a851b28f61,2,1,0,1,2,chain,False,
hotpotqa,5a7e9c00554299306751359f,6f404ccbbc79ef14,1,0,0,0,1,single,False,
hotpotqa,5ab8418a55429919ba4e228f,42804ba3de995edd,1,0,0,0,1,single,False,
hotpotqa,5ae3edf95542995dadf2425c,9ff5a1dae40daf61,1,0,0,0,1,single,False,
hotpotqa,5a74d0805542993748c896eb,52038a63617a2b08,1,0,0,0,1,single,False,
hotpotqa,5adcce365542994d58a2f6dd,bcac101022e70337,2,1,0,1,2,chain,False,
hotpotqa,5a714eeb5542994082a3e7ae,73e74a91d8050d96,1,0,0,0,1,single,False,
hotpotqa,5ab6224e55429953192ad267,b500365782098cd6,1,0,0,0,1,single,False,
hotpotqa,5a84732b5542992ef85e2402,60cb6d09c6b98464,2,1,0,1,2,chain,False,
hotpotqa,5ae7a5705542993210983eca,5456e7bbb6534a37,2,1,0,1,2,chain,False,
hotpotqa,5a7340d85542992359bc32b9,6dceb8d31565b1a0,1,0,0,0,1,single,False,
hotpotqa,5a8140d655429938b6142311,4922c2422dc6c99f,3,2,0,2,3,chain,True,
hotpotqa,5a7345155542994cef4bc4fb,fb241267194b17a6,1,0,0,0,1,single,False,
hotpotqa,5a860c0a55429960ec39b613,11e8b5497bf680a5,5,4,0,4,5,chain,True,
hotpotqa,5a87b6eb5542994846c1cdd6,03e8a18a2d614a3c,1,0,0,0,1,single,False,
hotpotqa,5ae289cc554299495565da9e,de8e9d3a737ae948,1,0,0,0,1,single,False,
hotpotqa,5a8a04925542992d82986e50,7656e36cc6b9dc29,2,1,0,1,2,chain,False,
hotpotqa,5a84561155429933447460e4,8726b47b16abb643,1,0,0,0,1,single,False,
hotpotqa,5a864312554299211dda2ad5,fd695f37a26e8bfb,1,0,0,0,1,single,False,
hotpotqa,5a7b1c14554299042af8f6d7,e26c281f75773e9c,2,1,0,1,2,chain,False,
hotpotqa,5ab3f718554299233955001a,27df69061a65b12f,1,0,0,0,1,single,False,
hotpotqa,5a8d4d6255429941ae14df99,5d13f93039eab46e,1,0,0,0,1,single,False,
hotpotqa,5abde66255429976d4830a1c,dc8d447884e3096e,1,0,0,0,1,single,False,
hotpotqa,5a7a3c445542990783324ed3,41513b6163866156,1,0,0,0,1,single,False,
hotpotqa,5ae4a0145542995ad6573dc5,2473dc04ab238aa1,1,0,0,0,1,single,False,
hotpotqa,5a72d60e5542991f9a20c5b8,dfa8eccc30ceb5c7,1,0,0,0,1,single,False,
hotpotqa,5a7bf6a55542996dd594b872,,0,0,0,-1,0,compile_failed,False,request failed for http://10.200.37.71:8801/v1/chat/completions: ReadTimeout
hotpotqa,5ae0e2865542993d6555ec7f,d1bb07ecc22f76ad,1,0,0,0,1,single,False,
hotpotqa,5ac1ab265542994ab5c67dc6,32ab0e87cad7e513,1,0,0,0,1,single,False,
hotpotqa,5ac3b2a75542995ef918c1fe,7a06e662503c81c7,1,0,0,0,1,single,False,
hotpotqa,5a82836855429954d2e2eb5d,54b76b5ca698e918,1,0,0,0,1,single,False,
hotpotqa,5a74faf45542993748c89774,1b3be63789735031,2,1,0,1,2,chain,False,
hotpotqa,5adf061b5542995ec70e8f58,801e8af68d0f81bd,2,1,0,1,2,chain,False,
hotpotqa,5a81a6505542990a1d231e46,9317c90a96bd9996,1,0,0,0,1,single,False,
hotpotqa,5adddad05542997dc790705a,929ade97bf07005f,1,0,0,0,1,single,False,
hotpotqa,5adc51e65542996e68525302,f1c50d9a4b248736,1,0,0,0,1,single,False,
hotpotqa,5adf55795542993a75d264cb,76c0a7a8608b6d32,2,1,0,1,2,chain,False,
hotpotqa,5a84530f5542990548d0b27b,fd6d11d5f190adc0,1,0,0,0,1,single,False,
hotpotqa,5a7fc04b55429969796c1b46,2f6b1a011448ea22,5,5,0,4,5,complex,True,
hotpotqa,5a762697554299109176e674,7db56bd73c76a2b4,2,1,0,1,2,chain,False,
hotpotqa,5a872a3755429960ec39b75f,75900de8228d19bc,1,0,0,0,1,single,False,
hotpotqa,5a7b568c55429927d897bf9a,379c303eb3f17b36,1,0,0,0,1,single,False,
hotpotqa,5a75cb5b5542992db94736bf,,0,0,0,-1,0,compile_failed,False,request failed for http://10.200.37.71:8801/v1/chat/completions: ReadTimeout
hotpotqa,5a8b66c05542997f31a41d0f,7802ae620c5aa4e1,2,1,0,1,2,chain,False,
hotpotqa,5ae144df55429920d5234368,aadd5c38d90c87c1,1,0,0,0,1,single,False,
hotpotqa,5adc9c665542990d50227cc0,1434ff3490072c78,2,1,0,1,2,chain,False,
hotpotqa,5a799952554299029c4b5f5a,b8ba117b2881ff3e,2,1,0,1,2,chain,False,
hotpotqa,5ae0b7c0554299603e418445,0b781ec70b69e46e,1,0,0,0,1,single,False,
hotpotqa,5ab3b3d3554299753aec59b9,c509d6b12b288520,1,0,0,0,1,single,False,
hotpotqa,5a72bcff5542994cef4bc3ea,bca7e595512aba70,1,0,0,0,1,single,False,
hotpotqa,5a88d9f655429938390d3fd6,a255e49430329ef8,2,1,0,1,2,chain,False,
hotpotqa,5a8a1f475542996c9b8d5e00,b244f2af870103ba,1,0,0,0,1,single,False,
hotpotqa,5abe77f855429976d4830b25,25902975fcdaa7e8,1,0,0,0,1,single,False,
hotpotqa,5ab9550f55429970cfb8ea6e,e28b50d4b14eccb7,1,0,0,0,1,single,False,
hotpotqa,5ade3c19554299728e26c687,f7167b6cbd572acc,1,0,0,0,1,single,False,
hotpotqa,5a8d0d6f5542994ba4e3dbb9,167ad03f461feece,1,0,0,0,1,single,False,
hotpotqa,5abbafb755429931dba144ab,7948d6564123d125,1,0,0,0,1,single,False,
hotpotqa,5a7a3e7d5542996a35c1715c,ea409d23dfe3ad4a,1,0,0,0,1,single,False,
hotpotqa,5a8a16f35542992d82986ea6,b28447e2d2962f18,1,0,0,0,1,single,False,
hotpotqa,5ae3fe645542995ad6573d03,52f75f4ab96b3fdf,1,0,0,0,1,single,False,
hotpotqa,5abe9d0f5542991f661061b0,0cb9830310fdf276,4,3,0,3,4,chain,True,
hotpotqa,5a80c3a35542992bc0c4a820,39ed79def2e72603,1,0,0,0,1,single,False,
hotpotqa,5ae7ce1b5542994a481bbdea,dce1d9e496d69965,1,0,0,0,1,single,False,
hotpotqa,5a8ba2215542995d1e6f142a,19d5ad25a4250cf0,1,0,0,0,1,single,False,
hotpotqa,5ae00068554299025d62a3a6,db6a4e520a8d8d26,1,0,0,0,1,single,False,
hotpotqa,5ae208f9554299234fd043b7,04833a560cdb356e,1,0,0,0,1,single,False,
hotpotqa,5a8569cb5542992a431d1b15,6945ee8fb5ab81a0,1,0,0,0,1,single,False,
hotpotqa,5ab666d655429954757d3287,82b0f794b9b93437,1,0,0,0,1,single,False,
hotpotqa,5ac3b1d75542995ef918c1fd,bb139bf92e0eccf4,1,0,0,0,1,single,False,
hotpotqa,5ae7e6cc55429952e35ea9d7,3bb51ea482c78e7e,2,1,0,1,2,chain,False,
hotpotqa,5ae364d95542992e3233c3d8,4c181bebfac57553,1,0,0,0,1,single,False,
hotpotqa,5a8db34e5542994ba4e3dd0a,6bc4b5a3f96daa77,2,1,0,1,2,chain,False,
hotpotqa,5aba9c905542994dbf01997a,0d04aa7e92880e66,2,1,0,1,2,chain,False,
hotpotqa,5a7791065542992a6e59defc,f459fed8119339d6,1,0,0,0,1,single,False,
hotpotqa,5ab25e6d5542993be8fa98e8,09639241fe9e23f1,1,0,0,0,1,single,False,
hotpotqa,5a754a0355429916b01642e1,0e73f4da178b92e7,2,1,0,1,2,chain,False,
hotpotqa,5ab96f4e55429970cfb8eae9,2d16d24f06bf6014,1,0,0,0,1,single,False,
hotpotqa,5a72cc685542991f9a20c59b,ad2b8e9f8307fc3c,1,0,0,0,1,single,False,
hotpotqa,5adfdd6355429925eb1afad2,6aaa869453daa212,1,0,0,0,1,single,False,
hotpotqa,5ae22a58554299495565da1c,5993d5f13065997e,1,0,0,0,1,single,False,
hotpotqa,5add15365542990d50227dc2,4b9746376113cb96,1,0,0,0,1,single,False,
hotpotqa,5adcf33955429947343537d6,198178b47eb9f057,1,0,0,0,1,single,False,
hotpotqa,5a7e9ca45542994959419a2d,19baf3f95152ffb4,1,0,0,0,1,single,False,
hotpotqa,5abfa0c75542993fe9a41e0f,b50a9500989367ca,1,0,0,0,1,single,False,
hotpotqa,5ae7e77e55429952e35ea9d9,e2b3c5dcc44d14ef,1,0,0,0,1,single,False,
hotpotqa,5abe8bab55429976d4830b64,a090c2f331bb0442,2,1,0,1,2,chain,False,
hotpotqa,5a8fbe2e5542997ba9cb3310,33fb8b84b01a6d76,1,0,0,0,1,single,False,
hotpotqa,5ab967f6554299743d22eb5d,9c9493a8e233a0d6,1,0,0,0,1,single,False,
hotpotqa,5a864995554299211dda2ae5,4cba423cb11dc09e,1,0,0,0,1,single,False,
hotpotqa,5adfff40554299025d62a3a4,3501532c68ce80ca,1,0,0,0,1,single,False,
hotpotqa,5ab8f22f5542991b5579f07b,a26577be3a4808cf,1,0,0,0,1,single,False,
hotpotqa,5a8c9dae554299585d9e3700,fb1b6a42cc805c9c,1,0,0,0,1,single,False,
hotpotqa,5a72660a5542997f827839a8,4d07524cdfab594a,1,0,0,0,1,single,False,
hotpotqa,5ac3d31a5542995ef918c249,fbed325975a29c68,1,0,0,0,1,single,False,
hotpotqa,5ae761a05542995703ce8c00,3432ae89a569144c,1,0,0,0,1,single,False,
hotpotqa,5ae103f4554299422ee995c5,816331059c513840,1,0,0,0,1,single,False,
hotpotqa,5addf5aa5542995b365fab9f,632070980d233c12,1,0,0,0,1,single,False,
hotpotqa,5a8da32c554299441c6ba024,472ff9f611613ca5,1,0,0,0,1,single,False,
hotpotqa,5ac2d5d0554299657fa29092,b79f739ce69f3949,1,0,0,0,1,single,False,
hotpotqa,5ae412fb55429970de88d8e2,59c207b50dc39d5b,1,0,0,0,1,single,False,
hotpotqa,5a77bcd65542995d8318128d,2f1fc430d639d769,1,0,0,0,1,single,False,
hotpotqa,5abd63a85542993062266c6c,cf71c97b9412692c,1,0,0,0,1,single,False,
hotpotqa,5a75df0b554299109176e5af,635e0b1d967b9f54,1,0,0,0,1,single,False,
hotpotqa,5a8ce29d554299585d9e3753,1e0962691c2f6473,1,0,0,0,1,single,False,
hotpotqa,5adf28435542995534e8c763,5062a43695d79403,2,1,0,1,2,chain,False,
hotpotqa,5ae3b8c45542992f92d82353,344cd2982e3a118a,1,0,0,0,1,single,False,
hotpotqa,5a7f82db5542994857a76754,b255e6fb5c4059cd,1,0,0,0,1,single,False,
hotpotqa,5a9023b155429916514e742e,54e6a61c77317444,1,0,0,0,1,single,False,
hotpotqa,5a8c94d1554299585d9e36f1,5af9847bbcdf368f,1,0,0,0,1,single,False,
hotpotqa,5ac280865542996773102545,3970fa493c7746b7,2,1,0,1,2,chain,False,
hotpotqa,5ae3bec05542992f92d82366,16dc1498d34e9c32,1,0,0,0,1,single,False,
hotpotqa,5a844d3155429933447460c8,c8ccb2ec54e266c4,1,0,0,0,1,single,False,
hotpotqa,5ac2ad4b554299657fa2900c,d476c7b0f6866793,1,0,0,0,1,single,False,
hotpotqa,5a77babb5542997042120b05,bd8a18eff96be4d1,1,0,0,0,1,single,False,
hotpotqa,5a8d49e8554299585d9e37b4,b236ed0f2418e5c8,1,0,0,0,1,single,False,
hotpotqa,5ab3e99f554299753aec59e7,,0,0,0,-1,0,compile_failed,False,request failed for http://10.200.37.71:8801/v1/chat/completions: ReadTimeout
hotpotqa,5addf2045542997dc79070d9,d6397b9256cd703a,1,0,0,0,1,single,False,
hotpotqa,5ac278c155429963665199ce,6532383fe5ba1d18,1,0,0,0,1,single,False,
hotpotqa,5ab2c2e5554299545a2cfa61,,0,0,0,-1,0,compile_failed,False,request failed for http://10.200.37.71:8801/v1/chat/completions: ReadTimeout
hotpotqa,5aba605955429955dce3edf3,f52e39ae10914a0d,2,1,0,1,2,chain,False,
hotpotqa,5ab6fe455542991d32223723,57902e644190b631,1,0,0,0,1,single,False,
hotpotqa,5a775d9e5542993569682d6e,a0ee21603c68aba4,1,0,0,0,1,single,False,
hotpotqa,5a7fcb4f55429969796c1b6f,f05b8008cd22c57a,1,0,0,0,1,single,False,
hotpotqa,5a836f82554299123d8c2122,9510416cbee607fe,1,0,0,0,1,single,False,
hotpotqa,5aba58f1554299232ef4a29b,f6d3c958c734ac89,1,0,0,0,1,single,False,
hotpotqa,5a7a6b5f5542996c55b2dda5,554d2b9616f8120c,1,0,0,0,1,single,False,
hotpotqa,5ade0c575542995b365fabe9,82c7f93b7b8496f0,1,0,0,0,1,single,False,
hotpotqa,5a73f0c55542993a88ae2ea4,6aed5ed93ca69a27,1,0,0,0,1,single,False,
hotpotqa,5ab7c4b95542991d322237b8,ac7165acbca9d6b1,1,0,0,0,1,single,False,
hotpotqa,5a8a040655429970aeb70206,9fd9da3777fe3c65,1,0,0,0,1,single,False,
hotpotqa,5a875c0c5542996e4f30879a,8f877f2b9913ba11,2,1,0,1,2,chain,False,
hotpotqa,5ac3dfa05542997ea680c965,174cfdf90022f984,1,0,0,0,1,single,False,
hotpotqa,5ab6343655429953192ad29b,6a42b5c6204e02dc,1,0,0,0,1,single,False,
hotpotqa,5ae77812554299540e5a55b8,7cea5fecf4ac83e9,1,0,0,0,1,single,False,
hotpotqa,5abd4d3c5542993062266c48,fa10dc03ed3a06ee,1,0,0,0,1,single,False,
hotpotqa,5ae18e5f554299422ee99680,b4d3103450938ae5,1,0,0,0,1,single,False,
hotpotqa,5a8fd8955542990a9849356d,ae3ec2d9d26f9ee4,2,1,0,1,2,chain,False,
hotpotqa,5a8eab3f5542995085b37470,bca309df79aa5774,1,0,0,0,1,single,False,
hotpotqa,5a7e14155542991319bc9428,7a873e9e1e863c60,1,0,0,0,1,single,False,
hotpotqa,5ab66ece5542995eadeeffcd,bbb7667483d1def9,1,0,0,0,1,single,False,
hotpotqa,5abada425542996cc5e49eac,2290569407941aaa,1,0,0,0,1,single,False,
hotpotqa,5a8213115542995ce29dcca5,ac46649abd015ab3,1,0,0,0,1,single,False,
hotpotqa,5ae5bea85542992663a4f214,410b0c3125b585c9,1,0,0,0,1,single,False,
hotpotqa,5a84ff225542994c784ddac1,2547410a23860559,1,0,0,0,1,single,False,
hotpotqa,5ae56d4355429960a22e02fa,cc59368693ac8f91,1,0,0,0,1,single,False,
hotpotqa,5a8eb5925542995a26add4f1,8f8a215970c2c217,1,0,0,0,1,single,False,
hotpotqa,5a8b7c4455429971feec4725,06573081dbb9f02b,1,0,0,0,1,single,False,
hotpotqa,5a89dc4d554299669944a5da,987bcbde8472be83,1,0,0,0,1,single,False,
hotpotqa,5a7cd3f9554299452d57ba88,8c4dae3f09b35db4,1,0,0,0,1,single,False,
hotpotqa,5a80d44755429938b6142202,7d0673441b5876b6,1,0,0,0,1,single,False,
hotpotqa,5a738c5e55429905862fe05b,84801c1168bd2b09,1,0,0,0,1,single,False,
hotpotqa,5ab5ebec554299488d4d9a52,,0,0,0,-1,0,compile_failed,False,request failed for http://10.200.37.71:8801/v1/chat/completions: ReadTimeout
hotpotqa,5ab7dbfb5542995dae37e9bf,460e98e5bf943112,1,0,0,0,1,single,False,
hotpotqa,5adea7e85542992fa25da7f7,3fcdf460693aaf00,1,0,0,0,1,single,False,
hotpotqa,5ae7d9875542993210983f91,9b3f279290cd8b28,1,0,0,0,1,single,False,
hotpotqa,5abec6d45542990832d3a0c9,b14d2aeabbd06066,1,0,0,0,1,single,False,
hotpotqa,5ab7fd84554299366779408d,d48d2f2bba4142fc,1,0,0,0,1,single,False,
hotpotqa,5a7a73105542996c55b2ddb5,efbe7242a369328e,1,0,0,0,1,single,False,
hotpotqa,5ac24d055542992f1f2b383c,bde278f2018c6b8f,1,0,0,0,1,single,False,
hotpotqa,5ab9d662554299232ef4a21e,75e2dc28233df4cf,1,0,0,0,1,single,False,
hotpotqa,5ae64f1c5542992ae0d162ca,6a22d8e776ff58de,1,0,0,0,1,single,False,
hotpotqa,5adeae3e55429975fa854f6c,d09f2f1fb4614e4a,1,0,0,0,1,single,False,
hotpotqa,5ae749f55542997b22f6a67f,99730e5ca4a744c1,1,0,0,0,1,single,False,
hotpotqa,5ab60dc9554299110f2199ce,2279717db01140d4,1,0,0,0,1,single,False,
hotpotqa,5a8b3a3a55429971feec4678,49e9109dc89ed8b4,1,0,0,0,1,single,False,
hotpotqa,5ae7dce65542993210983fa1,4c2e68209054d636,1,0,0,0,1,single,False,
hotpotqa,5ae1804355429901ffe4aec6,59383d68b33c01c6,1,0,0,0,1,single,False,
hotpotqa,5ab83a7255429919ba4e2275,ab2e34f2752ea987,2,1,0,1,2,chain,False,
hotpotqa,5ae730f25542991e8301cbba,15f8be51a03e3edf,1,0,0,0,1,single,False,
hotpotqa,5a7e7a2755429949594199d1,448dbe74b577cea4,1,0,0,0,1,single,False,
hotpotqa,5abb179e5542996cc5e49fa1,9fb57e9773d472a3,1,0,0,0,1,single,False,
hotpotqa,5a8bb3ac5542995e66a474d0,1440c337fd110aa5,2,1,0,1,2,chain,False,
hotpotqa,5a74888d55429974ef308c1e,3cf2d75e36339c5d,1,0,0,0,1,single,False,
hotpotqa,5a762cfe5542992d0ec0604c,aab9f543af222636,1,0,0,0,1,single,False,
hotpotqa,5ae240fb5542996483e64944,6ffed943e92c3744,1,0,0,0,1,single,False,
hotpotqa,5a89266655429951533612c7,1ec7f593c8df2b09,1,0,0,0,1,single,False,
hotpotqa,5ae4974e5542995dadf24365,a2970170d375fa1d,1,0,0,0,1,single,False,
hotpotqa,5ab61770554299110f2199db,a3df073360ec02cf,1,0,0,0,1,single,False,
hotpotqa,5a7c7bd55542996dd594b93e,08e545fc0fcb2c09,4,6,0,3,4,complex,True,
hotpotqa,5ac1996a55429964131be24d,83dd93db43862abc,1,0,0,0,1,single,False,
hotpotqa,5a8bb47c5542997f31a41da7,0e37efa2376113db,1,0,0,0,1,single,False,
hotpotqa,5abe673b55429976d4830b15,473c437789dba5f0,1,0,0,0,1,single,False,
hotpotqa,5a7a12945542990783324e30,0d0bf9a1055e5efc,1,0,0,0,1,single,False,
hotpotqa,5a89e17a5542992e4fca8430,a355df6f60e74d32,1,0,0,0,1,single,False,
hotpotqa,5ab429ac5542991751b4d6bc,dcee9884d43c9d3f,1,0,0,0,1,single,False,
hotpotqa,5ac4121d5542997ea680c9dc,d1de743a0e2ee36d,1,0,0,0,1,single,False,
hotpotqa,5ae7505e5542997b22f6a6ba,644b62a6abb1e787,2,1,0,1,2,chain,False,
hotpotqa,5a8d3dba5542994ba4e3dc2f,7f1ffdbf12e81ce7,1,0,0,0,1,single,False,
hotpotqa,5a75eed05542994ccc918666,80eb18a563583aec,1,0,0,0,1,single,False,
hotpotqa,5ae61e945542992663a4f264,692ff8c26fbb445c,1,0,0,0,1,single,False,
hotpotqa,5a7662995542992d0ec060cf,637e12759d0d429f,1,0,0,0,1,single,False,
hotpotqa,5a8db66f554299653c1aa144,e8be87f177ab853f,2,1,0,1,2,chain,False,
hotpotqa,5adc2d6555429947ff173905,9c3ca82addee3b73,1,0,0,0,1,single,False,
hotpotqa,5a7432d055429979e28828b4,c9a841f07948ea80,2,1,0,1,2,chain,False,
hotpotqa,5ade23cf5542990dbb2f7f5b,9e4771b62581aa61,2,1,0,1,2,chain,False,
hotpotqa,5ae73ccf5542991e8301cc24,068c366ab943ec90,1,0,0,0,1,single,False,
hotpotqa,5adea85a55429975fa854f55,115cf0dad01fdd74,2,1,0,1,2,chain,False,
hotpotqa,5ae6d9d25542995703ce8bad,959833f483075d32,1,0,0,0,1,single,False,
hotpotqa,5ae68d3b5542991bbc976122,891bfaa05062b698,1,0,0,0,1,single,False,
hotpotqa,5ae4045755429970de88d84d,bc67b4022c9cce8e,1,0,0,0,1,single,False,
hotpotqa,5ab8776255429934fafe6de0,09a9cbde28a42050,1,0,0,0,1,single,False,
hotpotqa,5a8ac69855429970aeb70312,0737f10b1a475f11,1,0,0,0,1,single,False,
hotpotqa,5ae17e9f55429920d52343eb,9ed04398a81590df,1,0,0,0,1,single,False,
hotpotqa,5ae166af5542997b2ef7d1d5,1b7b488405205bfb,1,0,0,0,1,single,False,
hotpotqa,5a8ac62055429970aeb7030f,c6cc487e22b3a9c6,1,0,0,0,1,single,False,
hotpotqa,5ab2adf355429929539467e0,8347e004b464983d,1,0,0,0,1,single,False,
hotpotqa,5abc1a305542993a06baf878,7e8790258538612b,2,1,0,1,2,chain,False,
hotpotqa,5adea4eb5542997c77adee99,de71a07a9f5036e7,1,0,0,0,1,single,False,
hotpotqa,5a7a20b15542996c55b2dd1d,8bbb42ebd4813a2f,1,0,0,0,1,single,False,
hotpotqa,5ab6c28955429953192ad37b,d7f879c9a3ea6460,1,0,0,0,1,single,False,
hotpotqa,5a8ce6cb554299441c6b9f66,08debabd9eb2eaca,1,0,0,0,1,single,False,
hotpotqa,5a76ba1c554299373536018e,aa1df85801950e11,1,0,0,0,1,single,False,
hotpotqa,5abb78ed5542993f40c73afe,c8d8e54d94584290,1,0,0,0,1,single,False,
hotpotqa,5a7294645542992359bc3117,7df35d88eae33135,1,0,0,0,1,single,False,
hotpotqa,5a7547dd5542993748c8980d,7a5828b6cc60664a,1,0,0,0,1,single,False,
hotpotqa,5ae0e0b55542990adbacf69f,43d984fb1e97415a,1,0,0,0,1,single,False,
hotpotqa,5a8562645542997b5ce3fff3,399835d533a56b1b,1,0,0,0,1,single,False,
hotpotqa,5a7216b855429971e9dc9258,40f0d6e958da990c,1,0,0,0,1,single,False,
hotpotqa,5a737f1755429905862fe03e,,0,0,0,-1,0,compile_failed,False,request failed for http://10.200.37.71:8801/v1/chat/completions: ReadTimeout
hotpotqa,5a7f1bdf55429934daa2fce4,89c080ec849f87af,1,0,0,0,1,single,False,
hotpotqa,5a811f31554299260e20a24c,5550c0b0cf8fb2d3,1,0,0,0,1,single,False,
hotpotqa,5a85a2945542997175ce1fe2,,0,0,0,-1,0,compile_failed,False,request failed for http://10.200.37.71:8801/v1/chat/completions: ReadTimeout
hotpotqa,5a8b96ff55429950cd6afd21,10d208b39676b455,1,0,0,0,1,single,False,
hotpotqa,5a8763475542994846c1cd7a,4338581ab0ea41fe,1,0,0,0,1,single,False,
hotpotqa,5ab273755542997061209603,3b67c36dcdfbbb91,2,1,0,1,2,chain,False,
hotpotqa,5add613f5542992ae4cec538,99d6583f83112c83,1,0,0,0,1,single,False,
hotpotqa,5ae53dce55429908b6326598,a6a1eb00aa4030c6,1,0,0,0,1,single,False,
hotpotqa,5a79e53f5542996c55b2dc93,96280ca1da733b9e,1,0,0,0,1,single,False,
hotpotqa,5ab2b6d85542992953946847,b08fd9af3b93158b,1,0,0,0,1,single,False,
hotpotqa,5a8226965542990a1d231f64,ed23673882ef247e,1,0,0,0,1,single,False,
hotpotqa,5ab6c6c4554299710c8d1f59,f72972b4aa97bdc4,1,0,0,0,1,single,False,
hotpotqa,5a7f528b5542992097ad2f13,64ca27158d52ee48,1,0,0,0,1,single,False,
hotpotqa,5ab7f58d5542993667794069,3ed65c6c8189d323,1,0,0,0,1,single,False,
hotpotqa,5a7ddc355542995f4f4022d9,383597b5e9669f24,2,1,0,1,2,chain,False,
hotpotqa,5abbffdf55429931dba1460e,ea9f563dc51d2342,1,0,0,0,1,single,False,
hotpotqa,5ae2ba925542994d89d5b444,,0,0,0,-1,0,compile_failed,False,request failed for http://10.200.37.71:8801/v1/chat/completions: ReadTimeout
hotpotqa,5a7bd705554299683c1c62c1,f91e5878d826c204,1,0,0,0,1,single,False,
hotpotqa,5a9067005542990a98493616,0ae127ccbbd1b1ff,2,1,0,1,2,chain,False,
hotpotqa,5a89307e554299669944a4f2,cd101121049319e0,1,0,0,0,1,single,False,
hotpotqa,5a7a09845542996a35c170a1,df0e834cc0236b1f,2,1,0,1,2,chain,False,
hotpotqa,5adc8f2f5542994ed6169b8b,67dc942e6ce8a54e,1,0,0,0,1,single,False,
hotpotqa,5ab9392f5542996be2020456,f4a8044ec37bebd9,1,0,0,0,1,single,False,
hotpotqa,5ae16afb5542997b2ef7d1e4,5f8041c1997c8bf5,2,1,0,1,2,chain,False,
hotpotqa,5a7128905542994082a3e5f0,daf53f252c90a673,1,0,0,0,1,single,False,
hotpotqa,5a739bec5542992d56e7e375,dd14df936f401d2c,1,0,0,0,1,single,False,
hotpotqa,5a7ce6ca55429909bec7686d,fd2083c8d7653e3a,1,0,0,0,1,single,False,
hotpotqa,5ae11f535542997b2ef7d0e3,88a386d3972fba48,1,0,0,0,1,single,False,
hotpotqa,5ac3b0555542995ef918c1f7,00127e98fd8e3543,1,0,0,0,1,single,False,
hotpotqa,5ac263215542992f1f2b38a0,8fd3af0c5533b819,1,0,0,0,1,single,False,
hotpotqa,5abbf881554299114383a0bf,81b08b0d74bb450c,2,1,0,1,2,chain,False,
hotpotqa,5add1ca95542992c1e3a253e,25002daef38bc94c,1,0,0,0,1,single,False,
hotpotqa,5ae1723355429920d52343dc,b7cd61a7479bf378,1,0,0,0,1,single,False,
hotpotqa,5adc754255429947ff173976,11ee8f13d0f6e6e5,1,0,0,0,1,single,False,
hotpotqa,5ae0fe0b554299422ee995a8,79f61ab728ab15a6,3,3,0,2,3,complex,True,
hotpotqa,5adeb7575542995534e8c6e4,6a81e0409982858d,1,0,0,0,1,single,False,
hotpotqa,5abbca1555429931dba14535,75acf65d0e6675e5,1,0,0,0,1,single,False,
hotpotqa,5a8a43db5542996c9b8d5e81,c9c309ea16208b89,1,0,0,0,1,single,False,
hotpotqa,5a7cbca7554299452d57b9da,b028962db7ede4a5,1,0,0,0,1,single,False,
hotpotqa,5a7344f25542992359bc32ca,734988b37c92b873,1,0,0,0,1,single,False,
hotpotqa,5ae0abdb55429945ae95940c,d95c2eff78b64609,1,0,0,0,1,single,False,
hotpotqa,5ae6a6cd5542991bbc976161,e2fe4d0bae85eb10,1,0,0,0,1,single,False,
hotpotqa,5a7aa8845542992d025e66e3,8e28e9f45d628909,1,0,0,0,1,single,False,
hotpotqa,5ae447645542995ad6573d27,f9d48736aacea868,1,0,0,0,1,single,False,
hotpotqa,5ab952375542996be202047b,f2a664ff67afcc5d,1,0,0,0,1,single,False,
hotpotqa,5a883ada5542994846c1ce47,6f71965ff42106b7,2,1,0,1,2,chain,False,
hotpotqa,5ae2703e554299495565da71,,0,0,0,-1,0,compile_failed,False,request failed for http://10.200.37.71:8801/v1/chat/completions: ReadTimeout
hotpotqa,5adbee3f55429944faac23c3,213998f6ea380e4e,2,1,0,1,2,chain,False,
hotpotqa,5ab2ed7b554299166977413b,c9356cf9d2f628e5,2,1,0,1,2,chain,False,
hotpotqa,5ab23a7c55429970612095c8,e0020464b9eacf52,1,0,0,0,1,single,False,
hotpotqa,5a8259d055429940e5e1a86c,98680a541841bf77,1,0,0,0,1,single,False,
hotpotqa,5ab9b72a55429970cfb8eb78,affc6017585e209f,2,1,0,1,2,chain,False,
hotpotqa,5a7760cc5542994aec3b72be,c3a047dfdb7bcb28,1,0,0,0,1,single,False,
hotpotqa,5a8fc3a355429918e830d2d0,36347a4e8c268b76,1,0,0,0,1,single,False,
hotpotqa,5a7b1b2b5542992d025e6773,41461b81be7c4d87,3,3,0,2,3,complex,True,
hotpotqa,5a7b9cbe5542995eb53be968,168eb240f98dc972,1,0,0,0,1,single,False,
hotpotqa,5a8af70c55429949d91db435,07e4c17b7f10df1f,1,0,0,0,1,single,False,
hotpotqa,5ab9814d55429970cfb8eb28,720ac27ad2c95b9c,1,0,0,0,1,single,False,
hotpotqa,5ac1c29d55429964131be27b,6eb7dac22c92db04,1,0,0,0,1,single,False,
hotpotqa,5ab8f8905542991b5579f0ad,880524381e539850,2,1,0,1,2,chain,False,
hotpotqa,5ae2e33555429928c4239530,01f7767ed1516e55,3,2,0,2,3,chain,True,
hotpotqa,5abfe5f85542994516f4551c,8792c929b0bd08f2,1,0,0,0,1,single,False,
hotpotqa,5a8a2dda554299515336135b,9bdee7bc7fced77a,1,0,0,0,1,single,False,
hotpotqa,5abb33f95542993f40c73ae0,562903c4bcbd910b,4,3,0,3,4,chain,True,
hotpotqa,5ab4b98f5542990594ba9ca3,a1c939ef257b16a1,1,0,0,0,1,single,False,
hotpotqa,5ae085b25542993d6555eb8d,2ff72d47bbbbf777,1,0,0,0,1,single,False,
hotpotqa,5a9096dc5542995651fb51a4,012d6272f5cd6f52,1,0,0,0,1,single,False,
hotpotqa,5abd58cd5542992ac4f38299,b79e515501794b3e,1,0,0,0,1,single,False,
hotpotqa,5a88f159554299206df2b3ca,50682876a7ed2321,3,2,0,2,3,chain,True,
hotpotqa,5a7d38885542995ed0d1663c,c2257b273b30b393,1,0,0,0,1,single,False,
hotpotqa,5ae671195542991bbc9760d6,40f7b6b654212052,1,0,0,0,1,single,False,
hotpotqa,5a7556635542993748c89832,7643d9b2ade00a39,1,0,0,0,1,single,False,
hotpotqa,5ae47b6055429970de88d985,fc70056757538884,1,0,0,0,1,single,False,
hotpotqa,5ae5d33d554299546bf82f8a,60977805d52ec2a3,2,1,0,1,2,chain,False,
hotpotqa,5a86e8a15542994775f6077f,e9eedc6e033627fd,1,0,0,0,1,single,False,
hotpotqa,5ab6e0de55429954757d33a2,9032c0d2267ee663,1,0,0,0,1,single,False,
hotpotqa,5ae4c15555429960a22e01b7,97c5601eb33f39a6,1,0,0,0,1,single,False,
hotpotqa,5a7260cd5542997f82783986,24192bfffde5bea7,1,0,0,0,1,single,False,
hotpotqa,5ae0394c55429924de1b706b,be8df22a4867990a,1,0,0,0,1,single,False,
hotpotqa,5ac4d71255429919431739ea,22e8da3ed4fe871b,2,1,0,1,2,chain,False,
hotpotqa,5a8904825542997e5c09a6f3,a08110b3956bca8d,1,0,0,0,1,single,False,
hotpotqa,5ac2a610554299218029dae2,4a72d20cba7e154a,1,0,0,0,1,single,False,
hotpotqa,5ae6573c55429908198fa5a2,4133a481abf3d598,1,0,0,0,1,single,False,
hotpotqa,5a79de1a554299029c4b5f7a,c905093f47eaccb4,2,1,0,1,2,chain,False,
hotpotqa,5ae8121655429952e35ea9f1,303440b0b5b73da3,1,0,0,0,1,single,False,
hotpotqa,5a77eb5a5542992a6e59dff3,,0,0,0,-1,0,compile_failed,False,request failed for http://10.200.37.71:8801/v1/chat/completions: ReadTimeout
hotpotqa,5add626b5542995b365fab22,d01b4c46572a0d24,1,0,0,0,1,single,False,
hotpotqa,5a7146405542994082a3e742,be39decca02b5c41,1,0,0,0,1,single,False,
hotpotqa,5abbca545542992ccd8e7fa2,429fe3c62ea61704,1,0,0,0,1,single,False,
hotpotqa,5abcd0585542993a06baf96f,d3906670999cbd37,1,0,0,0,1,single,False,
hotpotqa,5a7fb7d755429969796c1b31,1dbad1c0e0637a63,1,0,0,0,1,single,False,
hotpotqa,5add60755542997545bbbd4b,4c37dcf7993fe837,2,1,0,1,2,chain,False,
hotpotqa,5ac3146f5542995ef918c0fd,cf1b68e87c1d5220,1,0,0,0,1,single,False,
hotpotqa,5a77c6dd55429967ab10528a,84996ccec0006be1,1,0,0,0,1,single,False,
hotpotqa,5a77a56a5542997042120abe,208a02fafdf07712,1,0,0,0,1,single,False,
hotpotqa,5a8f05875542997ba9cb3188,b65b2b4d5db9fa2e,1,0,0,0,1,single,False,
hotpotqa,5ac1314555429964131be16c,a9a6991d7d62e6c5,3,2,0,2,3,chain,True,
hotpotqa,5ab66d7e5542995eadeeffc9,80d08c80799261b1,1,0,0,0,1,single,False,
hotpotqa,5abab18a55429955dce3eecf,7afe6e958abf74ee,2,1,0,1,2,chain,False,
hotpotqa,5a8db0975542994ba4e3dcf8,aa0b009658e2c8d7,1,0,0,0,1,single,False,
hotpotqa,5a7bcb8e55429927d897c048,cfaa436b88033675,2,1,0,1,2,chain,False,
hotpotqa,5ae32fec5542990afbd1e0d2,52412aa115f5b2cb,1,0,0,0,1,single,False,
hotpotqa,5ab2ad5255429929539467d9,d6e48df31c92e7c7,1,0,0,0,1,single,False,
hotpotqa,5abe430155429976d4830ac4,62e533d8cda93f8b,1,0,0,0,1,single,False,
hotpotqa,5adc485955429944faac24bb,,0,0,0,-1,0,compile_failed,False,request failed for http://10.200.37.71:8801/v1/chat/completions: ReadTimeout
hotpotqa,5ae502b655429960a22e0238,93abb1b6c7e48d6a,1,0,0,0,1,single,False,
hotpotqa,5a7ea6d45542994959419a44,21c34bb638f27bbb,1,0,0,0,1,single,False,
hotpotqa,5a78ac80554299148911f90f,8bcc16ab5390798b,1,0,0,0,1,single,False,
hotpotqa,5a7deb785542995f4f402308,27b7c5fb28ce3e8d,2,1,0,1,2,chain,False,
hotpotqa,5a89123355429951533612a0,d679ad2252e88e75,1,0,0,0,1,single,False,
hotpotqa,5abc1c6e5542996583600425,8519117341405823,1,0,0,0,1,single,False,
hotpotqa,5ac0ab9e5542992a796ded5e,1d244ce7e5d3ec9e,1,0,0,0,1,single,False,
hotpotqa,5ae3e5395542994393b9e79a,15d8457abe6211fa,2,1,0,1,2,chain,False,
hotpotqa,5a8a19a15542992d82986eb6,afbd86bae76f1198,1,0,0,0,1,single,False,
hotpotqa,5ac2773855429963665199c9,95d69c40074ae5a8,2,1,0,1,2,chain,False,
hotpotqa,5ab2f97555429929539468e2,fc0d89b9f6287746,1,0,0,0,1,single,False,
hotpotqa,5ade4ca15542992fa25da738,32d72ef02c028ee8,1,0,0,0,1,single,False,
hotpotqa,5abee8a75542993fe9a41d97,52e9473029bf5b7f,1,0,0,0,1,single,False,
hotpotqa,5add1b475542994ed6169c8d,846923dcaf24939b,2,1,0,1,2,chain,False,
hotpotqa,5ac3bf8a5542995ef918c210,e47f893c400d1bcf,1,0,0,0,1,single,False,
hotpotqa,5ab4325f5542991751b4d6e3,57dfd9b28d5feeb9,1,0,0,0,1,single,False,
hotpotqa,5ae493c85542995dadf24348,134a5b2dd4740f26,1,0,0,0,1,single,False,
hotpotqa,5a7c872055429935c91b51f3,ef2b5ccb34d77935,1,0,0,0,1,single,False,
hotpotqa,5a8a01e75542992e4fca84d1,af89e8706c83d3a1,1,0,0,0,1,single,False,
hotpotqa,5ae73fdf5542991e8301cc3f,0ce0fa690b111dcd,2,1,0,1,2,chain,False,
hotpotqa,5adddd3d5542990dbb2f7ecb,139226b09d300c33,1,0,0,0,1,single,False,
hotpotqa,5ae32f8f5542990afbd1e0d0,404d346f80477c94,1,0,0,0,1,single,False,
hotpotqa,5a7c83c35542996dd594b948,74a86dd3e12bd52d,1,0,0,0,1,single,False,
hotpotqa,5a8b776c55429949d91db5ab,d486e8a05b5e51ee,1,0,0,0,1,single,False,
hotpotqa,5ae72348554299572ea54722,e4ad727c4aebd04f,3,2,0,2,3,chain,True,
hotpotqa,5a8b503855429971feec46b5,df4e9414bae61143,2,1,0,1,2,chain,False,
hotpotqa,5ab5e31a554299494045f09f,ddf5135e227891a6,1,0,0,0,1,single,False,
hotpotqa,5a89d4c055429946c8d6e9d6,978972a59eeca428,1,0,0,0,1,single,False,
hotpotqa,5ab3a52f554299233954ff72,ea46d591c6133f08,1,0,0,0,1,single,False,
hotpotqa,5a7540e855429974ef308cb9,cdb36ce21ff0599c,1,0,0,0,1,single,False,
hotpotqa,5a8aee6b55429951533613ab,7d38725f2389133d,1,0,0,0,1,single,False,
hotpotqa,5a7e25225542995ed0d166ab,4a1f666fcb49c744,2,1,0,1,2,chain,False,
hotpotqa,5ae6bc3e5542991bbc97616a,15dbff71557588bd,2,1,0,1,2,chain,False,
hotpotqa,5a87e5b65542994846c1cdf8,4255d10fce7b6597,3,3,0,2,3,complex,True,
hotpotqa,5abec31b5542997719eab5ba,39b832717371b884,1,0,0,0,1,single,False,
hotpotqa,5abb291755429966062416d5,5ea678fa6ca7bff0,1,0,0,0,1,single,False,
hotpotqa,5ae611005542996de7b71b1c,1395e22545ec6cdf,1,0,0,0,1,single,False,
hotpotqa,5ab55f64554299637185c57e,b9e4ffd437ef56e4,1,0,0,0,1,single,False,
hotpotqa,5abe7c5a5542993f32c2a129,1e446f8284789d58,1,0,0,0,1,single,False,
hotpotqa,5adf49c45542993a75d26493,d954dc56b7f27b28,2,1,0,1,2,chain,False,
hotpotqa,5a733bd65542991f9a20c6b3,,0,0,0,-1,0,compile_failed,False,request failed for http://10.200.37.71:8801/v1/chat/completions: ReadTimeout
hotpotqa,5a8a2bcc55429930ff3c0cd4,ba89928be96825cd,1,0,0,0,1,single,False,
hotpotqa,5a7cdc1a554299683c1c63a4,4c14b7355508d22a,1,0,0,0,1,single,False,
hotpotqa,5abeba2c5542990832d3a0c1,2f1f72e72893f9d4,2,1,0,1,2,chain,False,
hotpotqa,5a8e50685542990e94052ac7,53dc980954ba1d3e,1,0,0,0,1,single,False,
hotpotqa,5aded1a85542993344016ba3,d7d28b0414b693fa,2,1,0,1,2,chain,False,
hotpotqa,5a79cf82554299148911fa62,227124f99d524fb6,1,0,0,0,1,single,False,
hotpotqa,5adbc1e35542996e68525220,d8c08df57e095ae3,1,0,0,0,1,single,False,
hotpotqa,5ab739dc5542992aa3b8c7e1,b0ee979c6c82a879,1,0,0,0,1,single,False,
hotpotqa,5ae058a7554299603e4183ff,5f65155e16138b75,1,0,0,0,1,single,False,
hotpotqa,5ab55158554299488d4d9928,e3218e04613e6680,2,1,0,1,2,chain,False,
hotpotqa,5a7a2f175542996a35c17122,0a4c1fe09944ad86,1,0,0,0,1,single,False,
hotpotqa,5ab92b08554299753720f769,,0,0,0,-1,0,compile_failed,False,request failed for http://10.200.37.71:8801/v1/chat/completions: ReadTimeout
hotpotqa,5a8371c0554299123d8c212a,50e63e2344cbc96b,1,0,0,0,1,single,False,
hotpotqa,5a7fe5a25542994857a76834,f4ba9bad1a12ba0f,1,0,0,0,1,single,False,
hotpotqa,5ab2d28f554299545a2cfaac,653086bc0c210435,2,1,0,1,2,chain,False,
hotpotqa,5a760b295542992db947371b,eb6e5246896bfd36,1,0,0,0,1,single,False,
hotpotqa,5a89086e554299515336126d,2f8dde22210a7869,1,0,0,0,1,single,False,
hotpotqa,5ae78dbf5542997ec27276a2,72e3124acda9b41c,1,0,0,0,1,single,False,
hotpotqa,5a8d26b95542994ba4e3dc13,c862dae64ad3ebb1,2,1,0,1,2,chain,False,
hotpotqa,5a7fd8915542994857a767fe,9fa8b70eed08c6b7,1,0,0,0,1,single,False,
hotpotqa,5a779ea85542992a6e59df2c,d666ce249efe4067,1,0,0,0,1,single,False,
hotpotqa,5a7284a95542990c210a4126,af13512be4c8cccf,2,1,0,1,2,chain,False,
hotpotqa,5a7234ae55429971e9dc9353,6890677e2380e6f5,2,1,0,1,2,chain,False,
hotpotqa,5a78fb1755429970f5fffe08,ab0c6ae9479f6ff0,1,0,0,0,1,single,False,
hotpotqa,5a8a451555429930ff3c0d43,dcedecad4bde3a8f,1,0,0,0,1,single,False,
hotpotqa,5a811d9f554299260e20a245,979fb8428a1d0f70,1,0,0,0,1,single,False,
hotpotqa,5ae2366a5542992decbdcc6b,0c8c966bd353e1a5,1,0,0,0,1,single,False,
hotpotqa,5a8042f9554299485f5985a8,1999bcfee92ac733,1,0,0,0,1,single,False,
hotpotqa,5ab9629b55429970cfb8eaaa,101ec3a3862d221d,1,0,0,0,1,single,False,
hotpotqa,5ae532a75542990ba0bbb206,5dec52cd0e11deec,1,0,0,0,1,single,False,
hotpotqa,5ac2786f5542990b17b153ad,dcf1ba80e2e2ec08,1,0,0,0,1,single,False,
hotpotqa,5a8c40a45542996e8ac88a37,18c31c505a3f812f,1,0,0,0,1,single,False,
hotpotqa,5a847c495542996488c2e54a,f7f3c70dff1e85c3,1,0,0,0,1,single,False,
hotpotqa,5a905d6755429916514e748e,62603b3430d3fd3d,3,2,0,2,3,chain,True,
hotpotqa,5a7fc82b5542992e7d278d7f,312e6ba4e1c33e92,1,0,0,0,1,single,False,
hotpotqa,5ae478e855429970de88d97c,484cb0ca275f5169,1,0,0,0,1,single,False,
hotpotqa,5a73d9cc554299623ed4ac78,98d5acb946a41cf4,1,0,0,0,1,single,False,
hotpotqa,5a80c58a55429938b61421cf,136f943fb90d9be9,1,0,0,0,1,single,False,
hotpotqa,5a82636055429966c78a6a0b,f099dabc90aec92d,1,0,0,0,1,single,False,
hotpotqa,5ae14c8355429920d52343b9,25526aa2219742cf,2,1,0,1,2,chain,False,
hotpotqa,5ab5f3d5554299488d4d9a61,5a1978bbb200f807,1,0,0,0,1,single,False,
hotpotqa,5a7572c55542992db947366b,16ae2bdaae21485c,1,0,0,0,1,single,False,
hotpotqa,5ac4d117554299076e296e00,465f1a006e6b93af,1,0,0,0,1,single,False,
hotpotqa,5a75e57955429976ec32bc83,8e55a17f549e8605,1,0,0,0,1,single,False,
hotpotqa,5a905f175542995651fb514a,2c56a87b93d55fcd,1,0,0,0,1,single,False,
hotpotqa,5ae4908c5542995ad6573d9c,71e022aecf6a6155,1,0,0,0,1,single,False,
hotpotqa,5ac127e9554299294b2190bf,797c1a816bf90df7,1,0,0,0,1,single,False,
hotpotqa,5a89daea5542992e4fca83f0,89893c1d3014634f,1,0,0,0,1,single,False,
hotpotqa,5ae0c77f55429906c02dab45,47b2a3f4357fc9a3,2,1,0,1,2,chain,False,
hotpotqa,5ae534465542993aec5ec176,4a55a681c3b4384e,1,0,0,0,1,single,False,
hotpotqa,5a7c846f5542990527d554c0,e7821af8298097f4,1,0,0,0,1,single,False,
hotpotqa,5ab4149a5542996a3a969f20,d9c96469b359bd9c,1,0,0,0,1,single,False,
hotpotqa,5ae78a0f5542997ec272769a,c552f38122b96d87,1,0,0,0,1,single,False,
hotpotqa,5a72e5a85542992359bc31c4,b7156cd87f290e9f,1,0,0,0,1,single,False,
hotpotqa,5a7d20ef55429909bec76975,982d803e58e54756,1,0,0,0,1,single,False,
hotpotqa,5abce5c655429959677d6b26,de0b2fb6737400c4,1,0,0,0,1,single,False,
hotpotqa,5ac1b19d5542991316484b94,986e4ef008fe34e1,1,0,0,0,1,single,False,
hotpotqa,5ae70f035542991bbc9761b1,7bb12b341c5edf60,3,3,0,2,3,complex,True,
hotpotqa,5a85c8fc5542991dd0999e96,7aa8d284ee031a47,1,0,0,0,1,single,False,
hotpotqa,5a7cbe4255429907fabef01a,a0802df62ac8412d,1,0,0,0,1,single,False,
hotpotqa,5ae2058d5542994d89d5b30c,aaba9ec19846a083,2,1,0,1,2,chain,False,
hotpotqa,5a7a85875542995eb53be859,94e077729624a350,1,0,0,0,1,single,False,
hotpotqa,5a7343035542991f9a20c6c6,7f8cd254fdd020c7,1,0,0,0,1,single,False,
hotpotqa,5a7ef28055429934daa2fc86,d6824b73a1506176,1,0,0,0,1,single,False,
hotpotqa,5adf35415542993344016c32,4e4d671b8e41bced,1,0,0,0,1,single,False,
hotpotqa,5adf4e665542993a75d264b3,d31ae2155b679394,1,0,0,0,1,single,False,
hotpotqa,5ae51df75542990ba0bbb1b5,9740f10fe453e609,1,0,0,0,1,single,False,
hotpotqa,5a7f0a0a55429934daa2fca3,83c22440ec4f72dd,2,1,0,1,2,chain,False,
hotpotqa,5ab9cf9255429970cfb8ebad,3834de73a111a51d,1,0,0,0,1,single,False,
hotpotqa,5a7101cc5542994082a3e4ad,3da84959a588204b,1,0,0,0,1,single,False,
hotpotqa,5a7e204d5542995ed0d1669f,ba2535391fc45db6,1,0,0,0,1,single,False,
hotpotqa,5ae3b82f5542992f92d82352,429ec247d931011a,1,0,0,0,1,single,False,
hotpotqa,5ae1abd8554299492dc91b60,d9f10193f8d622a2,1,0,0,0,1,single,False,
hotpotqa,5a7105505542994082a3e4cf,f7a16b1d389e6afc,1,0,0,0,1,single,False,
hotpotqa,5ae0f24d5542997b2ef7d098,fa291f630cf1498b,1,0,0,0,1,single,False,
hotpotqa,5ac197765542991316484b42,4d7600de76e7b198,1,0,0,0,1,single,False,
hotpotqa,5ae368ab5542990afbd1e131,0cb563e015e93b6c,2,1,0,1,2,chain,False,
hotpotqa,5ae50aff55429960a22e0254,8b08846fd56813da,1,0,0,0,1,single,False,
hotpotqa,5ae67b795542991bbc9760eb,c7faea40f007f5db,1,0,0,0,1,single,False,
hotpotqa,5a7f1e2a55429934daa2fce7,550df3294b5b9bae,1,0,0,0,1,single,False,
hotpotqa,5a7fb2e355429969796c1b29,8ff2b1dc4c54dc99,2,1,0,1,2,chain,False,
hotpotqa,5adc233655429944faac2439,598c11978f188b5f,1,0,0,0,1,single,False,
hotpotqa,5a75d50a5542994ccc918631,955d777a002956d6,1,0,0,0,1,single,False,
hotpotqa,5a7fa8a155429969796c1b15,265a16d3ba071b25,1,0,0,0,1,single,False,
hotpotqa,5ac2d70455429921a00ab061,bb9716ebd7142422,1,0,0,0,1,single,False,
hotpotqa,5adfb273554299603e418372,19d26368e48e7cc9,1,0,0,0,1,single,False,
hotpotqa,5ae3256a554299495565db3f,9daf7c5d12da981b,1,0,0,0,1,single,False,
hotpotqa,5a7dc73d5542990b8f503a92,7e871180bc912763,1,0,0,0,1,single,False,
hotpotqa,5ae0432b55429942ec259c65,6eff960359cc2605,1,0,0,0,1,single,False,
hotpotqa,5abd82115542993062266cb4,4cc5c59323c05af1,1,0,0,0,1,single,False,
hotpotqa,5a8e13ff5542995085b373b5,398081ed82aa2ed4,1,0,0,0,1,single,False,
hotpotqa,5ab6ea5455429954757d33b9,9a03fa0de9c0d39d,1,0,0,0,1,single,False,
hotpotqa,5ae25bc75542994d89d5b3f4,04b6329e2766c4f7,1,0,0,0,1,single,False,
hotpotqa,5ac31c9d554299741d48a203,6e59a896932b8c23,1,0,0,0,1,single,False,
hotpotqa,5abf89b25542990832d3a148,cfba7cead53e36fd,1,0,0,0,1,single,False,
hotpotqa,5a7d172a55429909bec7694a,c181125945d76995,1,0,0,0,1,single,False,
hotpotqa,5a877b935542993e715abf68,a4a0b01318e0c763,1,0,0,0,1,single,False,
hotpotqa,5a81e7635542995ce29dcc6e,6857cade107ef2b3,1,0,0,0,1,single,False,
hotpotqa,5a7bc68055429927d897c040,27ff88e2c080eb07,1,0,0,0,1,single,False,
hotpotqa,5a8c65495542996e8ac88aa1,ed78fcdc9d49c315,1,0,0,0,1,single,False,
hotpotqa,5abb089d5542996cc5e49f5f,644a971be53eaf77,1,0,0,0,1,single,False,
hotpotqa,5a886460554299206df2b24d,5eb4a425d4241e8f,2,1,0,1,2,chain,False,
hotpotqa,5adc30c55542994650320ca7,1b69a41d597ad8d7,1,0,0,0,1,single,False,
hotpotqa,5a8161cb5542995ce29dcbf0,b2cf010e26f93233,1,0,0,0,1,single,False,
hotpotqa,5a75d89d5542994ccc918639,57fe13068412535e,1,0,0,0,1,single,False,
hotpotqa,5ae7959c5542997ec27276aa,7fd5b3d4636e1df5,1,0,0,0,1,single,False,
hotpotqa,5ab9c2ee5542996be20205a2,f230d8e263e55ec8,1,0,0,0,1,single,False,
hotpotqa,5ae33bc85542991a06ce9971,426aa376a7bad9e2,1,0,0,0,1,single,False,
hotpotqa,5abf9fe05542993fe9a41e0c,6f654662e9c07901,1,0,0,0,1,single,False,
hotpotqa,5a88fb625542993b751ca8df,df51ea556c935607,1,0,0,0,1,single,False,
hotpotqa,5ae399e55542994393b9e725,3b986b48c81844cf,1,0,0,0,1,single,False,
hotpotqa,5adf3b045542992d7e9f92f5,606214cb056f10df,1,0,0,0,1,single,False,
hotpotqa,5a8f682a5542997ba9cb324c,bfc2199ee6b2de5f,1,0,0,0,1,single,False,
hotpotqa,5ae08d3455429945ae9593b6,80b4bb631977b16e,1,0,0,0,1,single,False,
hotpotqa,5ab940c9554299131ca422e4,684355b65b8ba9a6,1,0,0,0,1,single,False,
hotpotqa,5a82917d55429966c78a6a5c,a799430be530ad82,1,0,0,0,1,single,False,
hotpotqa,5a90b88355429933b8a205b9,8b659cc07612875b,1,0,0,0,1,single,False,
hotpotqa,5a8d7a6355429941ae14dfc1,cab168a486844c08,2,1,0,1,2,chain,False,
hotpotqa,5a776ae65542993569682d9c,77fe4f51e21c31a0,1,0,0,0,1,single,False,
hotpotqa,5adf9a8a5542993344016d1c,5e714b564ece5df7,2,1,0,1,2,chain,False,
hotpotqa,5a88fefd554299515336123c,98f466e943e9ac61,1,0,0,0,1,single,False,
hotpotqa,5a723f7155429971e9dc9372,3758175480254ac3,1,0,0,0,1,single,False,
hotpotqa,5ab623f7554299110f2199e1,aad012c8a78fbe59,1,0,0,0,1,single,False,
hotpotqa,5ae0b94755429924de1b714d,4c4516c2b1c6ffac,2,1,0,1,2,chain,False,
hotpotqa,5abc3a2e55429959677d6a58,86396723ffc9facd,1,0,0,0,1,single,False,
hotpotqa,5ab58448554299494045effb,a6765c2621f8972b,1,0,0,0,1,single,False,
hotpotqa,5a7e0e635542995f4f4023cb,7496c024e97bc51c,2,1,0,1,2,chain,False,
hotpotqa,5a8eadaa5542995085b37475,b311bc12897289db,2,1,0,1,2,chain,False,
hotpotqa,5a84767c554299123d8c2260,24d1c4e747f46280,1,0,0,0,1,single,False,
hotpotqa,5a89e73c554299669944a603,450880780153d451,1,0,0,0,1,single,False,
hotpotqa,5a83e8ea5542992ef85e2386,fed0f496cfb0d881,1,0,0,0,1,single,False,
hotpotqa,5addc22d5542997dc7907015,e8cde483aecfd49d,2,1,0,1,2,chain,False,
hotpotqa,5a7c5c7055429907fabeef6c,805a00b92a2656d4,1,0,0,0,1,single,False,
hotpotqa,5a9061cd55429916514e749c,6b79c9ae62f1aa4f,1,0,0,0,1,single,False,
hotpotqa,5a8adecf55429970aeb7031e,523f86d7bb628c20,1,0,0,0,1,single,False,
hotpotqa,5ae8308d5542997ec2727756,2b739b0309c8b7b0,1,0,0,0,1,single,False,
hotpotqa,5a74c87b5542996c70cfade7,37540c808489266f,1,0,0,0,1,single,False,
hotpotqa,5abd069a55429965836004f3,ce8c2eb2b41f2393,2,1,0,1,2,chain,False,
hotpotqa,5a84df5b5542991dd0999e0b,3fe02673bc836ee2,1,0,0,0,1,single,False,
hotpotqa,5ac447e6554299194317396a,fd6df91a6f104a9f,1,0,0,0,1,single,False,
hotpotqa,5a89de8a554299669944a5f0,78c3078ef7e0832d,1,0,0,0,1,single,False,
hotpotqa,5ab2a279554299194fa93494,0e4d690443b71f9f,1,0,0,0,1,single,False,
hotpotqa,5ab653fd55429953192ad2c5,dbf937861f9f246c,3,2,0,2,3,chain,True,
hotpotqa,5ab6bbe355429953192ad368,7b427e74143afc0f,2,1,0,1,2,chain,False,
hotpotqa,5a8609c3554299211dda2a43,713448e45e8a1292,1,0,0,0,1,single,False,
hotpotqa,5ae5a6da554299546bf82f07,d8ef2e71cb4861da,1,0,0,0,1,single,False,
hotpotqa,5a7de6ac5542990b8f503aee,e66b92aad98ff974,1,0,0,0,1,single,False,
hotpotqa,5a889e6255429938390d3fa1,906b3f3cafdaca67,1,0,0,0,1,single,False,
hotpotqa,5ac24e365542992f1f2b3841,8483d4a556721d55,1,0,0,0,1,single,False,
hotpotqa,5ac10ba85542996f0d89cc60,3fadd9de596a62b2,2,1,0,1,2,chain,False,
hotpotqa,5ae0d76155429924de1b7190,41c73c4ad7cbe68c,3,3,0,2,3,complex,True,
hotpotqa,5ab69a925542995eadef0031,e24ee2e477513758,1,0,0,0,1,single,False,
hotpotqa,5abe1d735542991f661060d4,21fc273664d08b0a,1,0,0,0,1,single,False,
hotpotqa,5abbe0bf554299642a094b98,244a775febc185f9,1,0,0,0,1,single,False,
hotpotqa,5abaa25155429901930fa868,4e2cd0c695a28259,1,0,0,0,1,single,False,
hotpotqa,5ac4f5cb55429924173fb519,96f30a38b9eab040,1,0,0,0,1,single,False,
hotpotqa,5a77d92f5542997042120b55,8d12cdd10a610d2b,1,0,0,0,1,single,False,
hotpotqa,5a75cd995542992d0ec05ff6,600de397224443be,1,0,0,0,1,single,False,
hotpotqa,5a8836385542994846c1ce2d,0c824b5ce84757ea,1,0,0,0,1,single,False,
hotpotqa,5abce6d4554299114383a185,52eeefa9b5af24fe,1,0,0,0,1,single,False,
hotpotqa,5a836a8f5542993344746010,32b7f59893c747c6,1,0,0,0,1,single,False,
hotpotqa,5ae5abcd554299546bf82f18,c27b521090819158,1,0,0,0,1,single,False,
hotpotqa,5a7deffd5542995f4f40232e,4a92e8b48de5b60a,1,0,0,0,1,single,False,
hotpotqa,5ab3afea5542992ade7c6e31,28e3a01fcb5781dc,1,0,0,0,1,single,False,
hotpotqa,5a8f0efc5542997ba9cb31a9,fe6f1d4d8ce57eae,1,0,0,0,1,single,False,
hotpotqa,5a8a100b5542992e4fca84ea,b2dd06cbdff04be8,1,0,0,0,1,single,False,
hotpotqa,5ab708c15542992aa3b8c784,695f5ac4eda7a14f,1,0,0,0,1,single,False,
hotpotqa,5a7789a155429949eeb29edd,238d6c4ae991ea91,2,1,0,1,2,chain,False,
hotpotqa,5a792de1554299148911fa20,6f65dbe59905e6f3,1,0,0,0,1,single,False,
hotpotqa,5a75f43e55429976ec32bcbd,,0,0,0,-1,0,compile_failed,False,request failed for http://10.200.37.71:8801/v1/chat/completions: ReadTimeout
hotpotqa,5a7bcabf55429927d897c044,b96654dcbb9f7867,1,0,0,0,1,single,False,
hotpotqa,5a90501d5542995651fb512a,6cdcb8d4bbfb857f,1,0,0,0,1,single,False,
hotpotqa,5ab469ba5542991751b4d763,b4754cb59f293125,2,1,0,1,2,chain,False,
hotpotqa,5ac52b105542994611c8b3dd,65768775795bc0af,1,0,0,0,1,single,False,
hotpotqa,5abfe9f85542997d6429593c,4014804b61f98dd0,1,0,0,0,1,single,False,
hotpotqa,5a9034f155429933b8a20497,0fd11885110f1127,2,1,0,1,2,chain,False,
hotpotqa,5ab62230554299110f2199df,1a55a44e59e8e978,1,0,0,0,1,single,False,
hotpotqa,5a7609da5542994ccc918696,0be97463c88819a8,1,0,0,0,1,single,False,
hotpotqa,5ab839e255429934fafe6d1f,bd4a931faac3c6de,4,4,0,3,4,complex,True,
hotpotqa,5a8c7e76554299653c1aa099,03e09ae0e639db36,1,0,0,0,1,single,False,
hotpotqa,5a7283ca5542991f9a20c4b4,7ad50879bdc40dd4,1,0,0,0,1,single,False,
hotpotqa,5a77e2ae5542992a6e59dfe5,8b8836f17fd464b3,1,0,0,0,1,single,False,
hotpotqa,5ac26d565542992f1f2b38c2,d6be651c6ef1310c,2,1,0,1,2,chain,False,
hotpotqa,5ac1b60e5542994d76dccec7,921e290413083a03,1,0,0,0,1,single,False,
hotpotqa,5a73c2045542992d56e7e395,fe28c683d24c4db3,1,0,0,0,1,single,False,
hotpotqa,5adebd01554299728e26c7a3,443720b59e8d6032,2,1,0,1,2,chain,False,
hotpotqa,5ac2ec765542990b17b154b0,7a2da9ba57d760f1,1,0,0,0,1,single,False,
hotpotqa,5a806de55542992bc0c4a706,f7904cdd4c037bdd,1,0,0,0,1,single,False,
hotpotqa,5a890eb8554299669944a48b,2f92e6d1db7408f3,2,1,0,1,2,chain,False,
hotpotqa,5a7a23165542996c55b2dd21,c8790e1b6cf7aa3d,1,0,0,0,1,single,False,
hotpotqa,5a8511e35542997b5ce3ffa2,45ab998e267b77c6,1,0,0,0,1,single,False,
hotpotqa,5ae55c8155429960a22e02c9,807ab162ca47ac05,2,1,0,1,2,chain,False,
hotpotqa,5ade1a8c5542997c77aded47,9b436310fd145669,1,0,0,0,1,single,False,
hotpotqa,5a89f5d75542992e4fca84b2,0f94762d331f441c,1,0,0,0,1,single,False,
hotpotqa,5a7bfcec5542990527d5543d,d1d4d73acbbc31e1,1,0,0,0,1,single,False,
hotpotqa,5a8bc1095542995e66a474f9,71a694d3fc165c14,1,0,0,0,1,single,False,
hotpotqa,5a76df715542994aec3b718f,2971197a91a79e54,2,1,0,1,2,chain,False,
hotpotqa,5ae6c58f55429908198fa6bc,47f4dd075f802a47,1,0,0,0,1,single,False,
hotpotqa,5ae2e35355429928c4239531,507044235b32f924,1,0,0,0,1,single,False,
hotpotqa,5add46075542995b365faaef,c34b0de1c9456895,1,0,0,0,1,single,False,
hotpotqa,5abaaec8554299232ef4a370,85276c5a871f785a,1,0,0,0,1,single,False,
hotpotqa,5abc936e554299700f9d7913,afa841c55b180cc5,1,0,0,0,1,single,False,
hotpotqa,5a7f414c55429930675136e1,b61d92241ca85aba,1,0,0,0,1,single,False,
hotpotqa,5abb29d75542996cc5e49fc9,05025d121fdf8d4b,1,0,0,0,1,single,False,
hotpotqa,5a76ce645542994aec3b717e,232a70d0975066af,2,1,0,1,2,chain,False,
hotpotqa,5a7ca54c55429935c91b527f,84814f446f8ba51d,1,0,0,0,1,single,False,
hotpotqa,5a774a155542993569682d3b,58200722d0ddb1f9,1,0,0,0,1,single,False,
hotpotqa,5a73293f55429901807daf9a,4431b6c523f37266,1,0,0,0,1,single,False,
hotpotqa,5ab677fa5542995eadeefffe,7bd4dcc611dd004b,1,0,0,0,1,single,False,
hotpotqa,5adf5df25542995ec70e8fd6,206288aaea70d0ce,1,0,0,0,1,single,False,
hotpotqa,5a820b8055429926c1cdae03,e4ac2c8ea64c3364,1,0,0,0,1,single,False,
hotpotqa,5ab56f06554299637185c598,abc1f829ee42628f,1,0,0,0,1,single,False,
hotpotqa,5ae7411b554299572ea54798,0bbfcf63bcc6bf96,1,0,0,0,1,single,False,
hotpotqa,5ae0031a55429925eb1afbdf,cf11915fd13dfe5b,1,0,0,0,1,single,False,
hotpotqa,5ae039be55429924de1b706c,fa1181d76fee8fac,1,0,0,0,1,single,False,
hotpotqa,5a8ae2b155429970aeb7031f,4c14b7355508d22a,1,0,0,0,1,single,False,
hotpotqa,5aba99b755429955dce3ee9c,8b64a4f50fb2caef,1,0,0,0,1,single,False,
hotpotqa,5ab8b5415542991b5579efe2,17825d1b830e91c8,1,0,0,0,1,single,False,
hotpotqa,5a75d63355429976ec32bc35,9f804c28531efa1e,2,1,0,1,2,chain,False,
hotpotqa,5a7e2fd45542995ed0d166c4,5cce753918abcf60,1,0,0,0,1,single,False,
hotpotqa,5abf2b415542997719eab67e,05ef8f83360aebc4,1,0,0,0,1,single,False,
hotpotqa,5ac421dc554299204fd21ef8,5ee81b9f5976999e,1,0,0,0,1,single,False,
hotpotqa,5a88ab1d5542997e5c09a69f,0da3967b179063ae,1,0,0,0,1,single,False,
hotpotqa,5a7e6a735542991319bc949b,e2e0ad9f3729938a,1,0,0,0,1,single,False,
hotpotqa,5a812c2a554299260e20a269,da7ec3259f54f254,1,0,0,0,1,single,False,
hotpotqa,5ab9fe1c55429901930fa766,4624d4856f611969,1,0,0,0,1,single,False,
hotpotqa,5a721eb255429971e9dc9295,d014c8d3f4088d28,2,1,0,1,2,chain,False,
hotpotqa,5a7dbe215542997cc2c47490,0f9a35d6e3dfb8b5,1,0,0,0,1,single,False,
hotpotqa,5a8e9b3a5542990e94052b74,7324eda5a483de81,1,0,0,0,1,single,False,
hotpotqa,5abbe1c75542992ccd8e7fd0,be44386413f9b8cc,1,0,0,0,1,single,False,
hotpotqa,5ac2bb10554299218029db07,768e86252ac67f71,1,0,0,0,1,single,False,
hotpotqa,5ade4ddc55429975fa854e9e,26871cd0a6c61127,1,0,0,0,1,single,False,
hotpotqa,5ac52d585542994611c8b3ec,68ecb3d95619035a,1,0,0,0,1,single,False,
hotpotqa,5ac19a3f55429963665198b4,21524830f1965aff,1,0,0,0,1,single,False,
hotpotqa,5a8cacad554299240d9c21d1,424477b059125118,1,0,0,0,1,single,False,
hotpotqa,5add95475542995b365fab53,9e86496854d8df9b,1,0,0,0,1,single,False,
hotpotqa,5a87189b5542991e771816c6,4d689945eb75c0df,1,0,0,0,1,single,False,
hotpotqa,5a81fca3554299676cceb1b6,,0,0,0,-1,0,compile_failed,False,request failed for http://10.200.37.71:8801/v1/chat/completions: ReadTimeout
hotpotqa,5ac14c8155429964131be1a7,ff55966274368981,1,0,0,0,1,single,False,
hotpotqa,5ae33d495542992f92d8226a,d2642ee93813d130,1,0,0,0,1,single,False,
hotpotqa,5ab6eb1155429954757d33ba,bb36d8319a45fc0e,1,0,0,0,1,single,False,
hotpotqa,5ade1e4d55429975fa854e69,2bdc4dd2783008f4,1,0,0,0,1,single,False,
hotpotqa,5a80ad19554299485f5986a9,c4b94a4521260b80,3,2,0,2,3,chain,True,
hotpotqa,5a83d9dc5542993344746096,5372bc5103d9e55e,1,0,0,0,1,single,False,
hotpotqa,5ac063bb554299294b218fbc,4286f5c30e7c741d,1,0,0,0,1,single,False,
hotpotqa,5adc595f5542994650320cd3,d6e1016c5f658dfc,1,0,0,0,1,single,False,
hotpotqa,5a86fdcc554299211dda2b7e,ca63a7ba1d046d7b,1,0,0,0,1,single,False,
hotpotqa,5ae770dc55429952e35ea914,3fd90e0a07574744,1,0,0,0,1,single,False,
hotpotqa,5ac1299c5542992a796dee05,1eaaf8e32aa094cf,1,0,0,0,1,single,False,
hotpotqa,5a8c6537554299240d9c2156,8bfdd72480423c68,1,0,0,0,1,single,False,
hotpotqa,5ac230e555429951e9e68498,0b88ef6b484118ce,1,0,0,0,1,single,False,
hotpotqa,5a7e2b0655429934daa2fbdd,d4950dad28d824d0,1,0,0,0,1,single,False,
hotpotqa,5a7e857c5542997cc2c4755e,c9472ee8eacd28df,1,0,0,0,1,single,False,
hotpotqa,5ab7734d5542993667793fe0,ad84768e6db7063b,1,0,0,0,1,single,False,
hotpotqa,5a74cc195542996c70cfadf3,065e8045e19647f0,1,0,0,0,1,single,False,
hotpotqa,5a906c7a5542990a98493641,105baad7adc6f862,1,0,0,0,1,single,False,
hotpotqa,5a7745a75542994aec3b725e,13497f50c3a43619,1,0,0,0,1,single,False,
hotpotqa,5abfe1ed5542997d64295914,64f5bdbb17fe44b4,1,0,0,0,1,single,False,
hotpotqa,5a8122d65542995ce29dcbc1,5078800470baf0df,2,1,0,1,2,chain,False,
hotpotqa,5ae73c975542997b22f6a624,f27beb2b4db3647c,1,0,0,0,1,single,False,
hotpotqa,5ae15e965542997b2ef7d1ac,0443d214c69a9ceb,1,0,0,0,1,single,False,
hotpotqa,5ae5b99755429960a22e031e,dd9b8ccf3a6b72bb,1,0,0,0,1,single,False,
hotpotqa,5ae352425542994393b9e686,757f85dbc9582700,1,0,0,0,1,single,False,
hotpotqa,5adc4ca755429944faac24cb,563340fc98e12b64,2,1,0,1,2,chain,False,
hotpotqa,5ac5086655429924173fb56d,28e84e920fa7ba28,1,0,0,0,1,single,False,
hotpotqa,5a835abe5542996488c2e426,8e15407f86189a57,1,0,0,0,1,single,False,
hotpotqa,5ae3fc255542995dadf24286,3319f177531add53,2,1,0,1,2,chain,False,
hotpotqa,5a8cbc8155429941ae14dee2,2693d310d527d6f6,1,0,0,0,1,single,False,
hotpotqa,5ae356c75542992e3233c38a,3fb69a9f88f476c5,1,0,0,0,1,single,False,
hotpotqa,5ab44f4155429942dd415f15,fcb4f51ac0e8d74e,1,0,0,0,1,single,False,
hotpotqa,5a75568b5542992db9473645,f5c38519cfd91b63,2,1,0,1,2,chain,False,
hotpotqa,5ae540ea5542990ba0bbb240,2ee8edc6880af678,1,0,0,0,1,single,False,
hotpotqa,5abc20a455429959677d6a1b,bf644ec70347e4bb,2,1,0,1,2,chain,False,
hotpotqa,5adfe1c355429925eb1afaee,9b5a44c8ca452e22,1,0,0,0,1,single,False,
hotpotqa,5a90395e5542990a984935a8,aa47dd4acf617307,1,0,0,0,1,single,False,
hotpotqa,5ac3d065554299204fd21e82,f98c73d21558f228,1,0,0,0,1,single,False,
hotpotqa,5a79df1f5542994f819ef0e3,1a005fea503e796b,3,2,0,2,3,chain,True,
hotpotqa,5a8adb6655429950cd6afbb9,01909e8db34da96d,1,0,0,0,1,single,False,
hotpotqa,5a88f58655429938390d4002,59bd8f6e07e0ec42,1,0,0,0,1,single,False,
hotpotqa,5ae1f2ec5542994d89d5b2dc,4db19c29c051ba66,2,1,0,1,2,chain,False,
hotpotqa,5a8e1fd855429917b4a5bd34,e75103a48912eb4a,1,0,0,0,1,single,False,
hotpotqa,5ae5a9ab554299546bf82f11,8f3ec8bf62311872,1,0,0,0,1,single,False,
hotpotqa,5ac3bd095542993915413926,db76c4ad11f4b9b3,1,0,0,0,1,single,False,
hotpotqa,5abea2ad5542993f32c2a189,ea793586d3d89dd4,2,1,0,1,2,chain,False,
hotpotqa,5ac286d855429963665199f9,f7f6399169bcbc9e,1,0,0,0,1,single,False,
hotpotqa,5abbe02c554299642a094b8e,e86898b5e4731738,1,0,0,0,1,single,False,
hotpotqa,5a7b63ce55429931da12ca7d,03d9ed6ed83a0008,1,0,0,0,1,single,False,
hotpotqa,5adf8d7f554299025d62a2b6,772e1bf36718b8db,1,0,0,0,1,single,False,
hotpotqa,5abe02135542991f661060a1,db16d02e9d2c7f0d,2,1,0,1,2,chain,False,
hotpotqa,5a808a34554299485f59864a,25f22c7e95fc09cf,2,1,0,1,2,chain,False,
hotpotqa,5a889ae155429938390d3f92,87f02a291d6cf81c,1,0,0,0,1,single,False,
hotpotqa,5a8a721855429930ff3c0ddc,6aa852c9ea9c16e0,1,0,0,0,1,single,False,
hotpotqa,5ae534915542993aec5ec177,ed57a895cc717d19,1,0,0,0,1,single,False,
hotpotqa,5a753ab25542993748c89801,b54c584a024280e5,1,0,0,0,1,single,False,
hotpotqa,5ae2e0a755429928c4239522,551813d010c57eb4,1,0,0,0,1,single,False,
hotpotqa,5ac2187c5542991316484be7,bd19a7991f31e4cb,2,1,0,1,2,chain,False,
hotpotqa,5a8b139c5542992d82986fd4,33a89c6e2476d16b,1,0,0,0,1,single,False,
hotpotqa,5ab21f7a554299722f9b4cbf,a05f83e60349082a,1,0,0,0,1,single,False,
hotpotqa,5a77acf255429967ab105224,e87969700407df20,1,0,0,0,1,single,False,
hotpotqa,5ae750455542991bbc9761e4,4afaceba31bcb4a0,1,0,0,0,1,single,False,
hotpotqa,5aded1015542995ec70e8f28,17aaa266fb0c46dc,1,0,0,0,1,single,False,
hotpotqa,5ae68e4455429908198fa60a,e875516d665a4970,1,0,0,0,1,single,False,
hotpotqa,5aba61df554299232ef4a2bc,a7d89d60a14fe6a6,1,0,0,0,1,single,False,
hotpotqa,5a7c6bdc55429935c91b519d,e061ce60693bb267,2,1,0,1,2,chain,False,
hotpotqa,5ae490715542995ad6573d9a,a13384bcdda52696,1,0,0,0,1,single,False,
hotpotqa,5a7359a35542991f29ee2da0,8dca81047ad4d8a9,1,0,0,0,1,single,False,
hotpotqa,5a759e655542996c70cfaf10,1a2830fc6910964a,1,0,0,0,1,single,False,
hotpotqa,5a81f77a55429926c1cdadc8,a55b29ef3bb324bf,1,0,0,0,1,single,False,
hotpotqa,5ac309255542995ef918c0cf,45b5afef30d23b7c,2,1,0,1,2,chain,False,
hotpotqa,5ac0269b5542996f0d89cb3c,a8edc4269ab7b3b9,1,0,0,0,1,single,False,
hotpotqa,5a811ad755429938b61422c7,a76e838a34653923,1,0,0,0,1,single,False,
hotpotqa,5a807e11554299485f59861f,eba5e2f5528e1214,1,0,0,0,1,single,False,
hotpotqa,5adeb0e955429939a52fe95c,d926d15e6ad3019f,3,2,0,2,3,chain,True,
hotpotqa,5ac350df554299741d48a24c,b27f2625fd12939f,1,0,0,0,1,single,False,
hotpotqa,5a78f93255429970f5fffe02,3016bcd52f67707c,2,1,0,1,2,chain,False,
hotpotqa,5ac112535542992a796dedc4,7f939aa405ced61c,2,1,0,1,2,chain,False,
hotpotqa,5a7cccab554299683c1c6383,ae7549fc022ccdc5,1,0,0,0,1,single,False,
hotpotqa,5a8a04025542995153361348,e4624bb657d2a312,1,0,0,0,1,single,False,
hotpotqa,5ae447455542995ad6573d26,9a63bc8cfcbb5fc1,1,0,0,0,1,single,False,
hotpotqa,5a7cc87155429907fabef032,4f6cd27a01a6f730,1,0,0,0,1,single,False,
hotpotqa,5ac3369d5542995ef918c16f,99e95acc5c8fe3d9,3,3,0,2,3,complex,True,
hotpotqa,5a7a11e55542996a35c170b5,1aafd8f4e1e02588,1,0,0,0,1,single,False,
hotpotqa,5a7a59c05542990783324f21,e9929bd394b6123f,1,0,0,0,1,single,False,
hotpotqa,5ac300de55429921a00ab0cf,d04b7a2bacc0059e,1,0,0,0,1,single,False,
hotpotqa,5ae5d54f5542996de7b71a2b,579b97c1187a19b9,2,1,0,1,2,chain,False,
hotpotqa,5abfcee95542993fe9a41e7d,879dc9af0c803cf3,1,0,0,0,1,single,False,
hotpotqa,5ac3877e554299741d48a27f,5a7975f3636be9c9,1,0,0,0,1,single,False,
hotpotqa,5ab8ac1055429919ba4e2353,cdb82443d09580d8,1,0,0,0,1,single,False,
hotpotqa,5ae144a355429920d5234366,30db2c2158a20cfd,4,4,0,3,4,complex,True,
hotpotqa,5ac1773f5542994ab5c67d52,13c2216291b2566a,1,0,0,0,1,single,False,
hotpotqa,5a77516855429966f1a36cf5,2fc6623ae9cf8cde,1,0,0,0,1,single,False,
hotpotqa,5a8f1cbd55429924144829c6,e65a5389f794ce41,1,0,0,0,1,single,False,
hotpotqa,5a73d6b255429905862fe0df,a2e58b2fdf8f3451,3,2,0,2,3,chain,True,
hotpotqa,5a7f3c555542992e7d278cae,708edd5f3c026e12,1,0,0,0,1,single,False,
hotpotqa,5ae7bab755429952e35ea9bd,2f2d9ea4c3f5f4c2,1,0,0,0,1,single,False,
hotpotqa,5ac1b9945542994ab5c67de1,31cf8611e72e702b,1,0,0,0,1,single,False,
hotpotqa,5a7d1b13554299452d57baf1,d7198d5bdee03295,2,1,0,1,2,chain,False,
hotpotqa,5adf88b35542995ec70e902e,5016eab17584f0a9,2,1,0,1,2,chain,False,
hotpotqa,5ab3104855429976abd1bc49,5bbef29213a06f44,1,0,0,0,1,single,False,
hotpotqa,5ac493235542996feb3fe8dc,fb38e7cd360df204,2,1,0,1,2,chain,False,
hotpotqa,5abd6b9555429933744ab7c7,a6b307c8f215cb6d,1,0,0,0,1,single,False,
hotpotqa,5a906cb45542990a98493643,6226508dc2d72e8c,1,0,0,0,1,single,False,
hotpotqa,5abee25b5542997719eab5ea,5ed274deaa41294b,1,0,0,0,1,single,False,
hotpotqa,5ac4e0dd5542995c82c4ad76,30f12956e7b9aa30,1,0,0,0,1,single,False,
hotpotqa,5ac18b4a55429964131be21e,d13df619b1e74008,4,6,0,3,4,complex,True,
hotpotqa,5a8a31835542992d82986eef,cc8e8a116e939327,1,0,0,0,1,single,False,
hotpotqa,5a8b577355429971feec46eb,25e4ccc608a01f3d,1,0,0,0,1,single,False,
hotpotqa,5ae775f0554299540e5a55aa,37e8e8deb5938abe,1,0,0,0,1,single,False,
hotpotqa,5aba11ef55429955dce3edc4,2201765e91ecdb32,1,0,0,0,1,single,False,
hotpotqa,5a776cc455429966f1a36d3e,2ab89e19f0a616fe,2,1,0,1,2,chain,False,
hotpotqa,5a8bb2eb5542995e66a474cc,4e2f0d9ba23a2b9a,1,0,0,0,1,single,False,
hotpotqa,5ae5d275554299546bf82f85,ec6643a85b577716,2,1,0,1,2,chain,False,
hotpotqa,5ae721125542996d980e7cb7,,0,0,0,-1,0,compile_failed,False,request failed for http://10.200.37.71:8801/v1/chat/completions: ReadTimeout
hotpotqa,5ac1b6a35542994d76dccecc,9882df48fafac2ae,1,0,0,0,1,single,False,
hotpotqa,5ab2d4e255429916697740fa,fcafddef10d48a2b,2,1,0,1,2,chain,False,
hotpotqa,5ac4937b5542997ea680ca88,c8bae337ad8f9af1,1,0,0,0,1,single,False,
hotpotqa,5ade84af55429975fa854ee7,fb036dd3a8895141,1,0,0,0,1,single,False,
hotpotqa,5adf08ac5542993a75d263dc,303f578626e89b8f,3,2,0,2,3,chain,True,
hotpotqa,5a8822c85542997e5c09a594,17b30402c3b94e0b,1,0,0,0,1,single,False,
hotpotqa,5ae0f512554299422ee99578,8f3e2bc98c9c31be,1,0,0,0,1,single,False,
hotpotqa,5a7ccef7554299452d57ba74,79f1495fb7634925,1,0,0,0,1,single,False,
hotpotqa,5a81ff6155429926c1cdadde,e015fa34ff578078,3,3,0,2,3,complex,True,
hotpotqa,5a714fe25542994082a3e7b5,3bea48d64014c5ad,1,0,0,0,1,single,False,
hotpotqa,5a74ec5d55429929fddd8504,e3e54bee466b5603,1,0,0,0,1,single,False,
hotpotqa,5abf0f695542997719eab64b,ffa243f69a5a354c,1,0,0,0,1,single,False,
hotpotqa,5a7cec6e55429909bec7688d,44ee99a627df3c42,1,0,0,0,1,single,False,
hotpotqa,5a7da7325542990b8f503a03,b22d70dea4add0a7,1,0,0,0,1,single,False,
hotpotqa,5ae80ef3554299540e5a571d,e54810fcc8648687,1,0,0,0,1,single,False,
hotpotqa,5ac2bd4c5542990b17b1546f,4429d05e6722b36f,1,0,0,0,1,single,False,
hotpotqa,5a7b6b7f55429931da12caa2,17452b57a4e64679,1,0,0,0,1,single,False,
hotpotqa,5ac4f70155429924173fb51f,e24c792ab8da8c19,2,1,0,1,2,chain,False,
hotpotqa,5a79349955429970f5fffe71,9980239f4dd289c7,1,0,0,0,1,single,False,
hotpotqa,5a7a79075542990783324f5a,e73d14fa5d6e7c15,1,0,0,0,1,single,False,
hotpotqa,5a758b725542992db9473676,a8c46012154b5048,1,0,0,0,1,single,False,
hotpotqa,5a7b7d4d5542997c3ec971c2,fe45503e0dfad92d,1,0,0,0,1,single,False,
hotpotqa,5ac300d05542996773102684,12d96b00689b64ec,1,0,0,0,1,single,False,
hotpotqa,5ae47b1b55429970de88d984,caa8932e4ca80994,1,0,0,0,1,single,False,
hotpotqa,5ab8eee555429934fafe6e19,d7162716d7110e2e,1,0,0,0,1,single,False,
hotpotqa,5ae4b79b5542996836b02d09,2d0c1254bc255d3e,1,0,0,0,1,single,False,
hotpotqa,5ab9cf1055429970cfb8ebaa,0c5a421ceda1a038,1,0,0,0,1,single,False,
hotpotqa,5abfc06e5542997719eab6a9,90878fcdef66813f,1,0,0,0,1,single,False,
hotpotqa,5ab6749655429954757d32c4,47ae2d2570022181,1,0,0,0,1,single,False,
hotpotqa,5adea86555429975fa854f56,16f49a4481456765,2,1,0,1,2,chain,False,
hotpotqa,5a8b73995542995d1e6f1396,9560a5f5af7c7f39,1,0,0,0,1,single,False,
hotpotqa,5a7b59575542992d025e6818,c7eee12eb18110eb,2,1,0,1,2,chain,False,
hotpotqa,5abe398b5542993f32c2a0a1,86964a38578769d3,1,0,0,0,1,single,False,
hotpotqa,5a75de3055429976ec32bc4f,54187512accaed7f,1,0,0,0,1,single,False,
hotpotqa,5adc6fd45542994650320cfc,a4b3460ad05e453c,1,0,0,0,1,single,False,
hotpotqa,5ab48fd05542991779162cde,dbcf832afcc9b05e,1,0,0,0,1,single,False,
hotpotqa,5a8ae5aa55429951533613a4,0005aa79b3836cf5,1,0,0,0,1,single,False,
hotpotqa,5adcd29a5542992c1e3a241d,33d1a8a170678fc1,1,0,0,0,1,single,False,
hotpotqa,5add5f835542992ae4cec52f,b8da79de8fad99ca,2,1,0,1,2,chain,False,
hotpotqa,5a7c09885542997c3ec972cc,dc22660870f00303,2,1,0,1,2,chain,False,
hotpotqa,5adfb333554299603e418379,8766981117f88e07,1,0,0,0,1,single,False,
hotpotqa,5ab650e6554299637185c67f,0bc9438a15637d27,1,0,0,0,1,single,False,
hotpotqa,5a726b455542992359bc3092,dada24aa5446be37,1,0,0,0,1,single,False,
hotpotqa,5a88a53d5542997e5c09a676,324d879e8bd501b3,1,0,0,0,1,single,False,
hotpotqa,5a7651f65542992d0ec060a4,5bcf7d46509c6cb6,1,0,0,0,1,single,False,
hotpotqa,5a7d38045542995ed0d1663b,70334eea9422b061,1,0,0,0,1,single,False,
hotpotqa,5ab9002b55429934fafe6e33,b1366098f691d408,1,0,0,0,1,single,False,
hotpotqa,5abaafc555429901930fa899,ab74089266ec97a8,4,4,0,3,4,complex,True,
hotpotqa,5a77afaf5542997042120ade,42a1fe5ea6b265a0,1,0,0,0,1,single,False,
hotpotqa,5ab9a32b5542996be2020577,46247d9bdf027441,1,0,0,0,1,single,False,
hotpotqa,5a7720365542993569682cd8,00303d78ad5157f1,1,0,0,0,1,single,False,
hotpotqa,5a872c805542991e77181709,9a3dd153c2cef8db,1,0,0,0,1,single,False,
hotpotqa,5ae78ad95542997ec272769d,cf7caf1ac7713239,1,0,0,0,1,single,False,
hotpotqa,5a775a965542993569682d63,435a5ea8959a2e0d,1,0,0,0,1,single,False,
hotpotqa,5ae430775542995ad6573d18,e944d78f721f2f64,1,0,0,0,1,single,False,
hotpotqa,5a84f3745542994c784dda99,0ba6c68e1ed5aa8b,1,0,0,0,1,single,False,
hotpotqa,5ae080ae55429924de1b70e2,cc4c3e4c07ffc265,1,0,0,0,1,single,False,
hotpotqa,5a85e5215542994775f6068c,7a4d7616b43683eb,1,0,0,0,1,single,False,
hotpotqa,5adc0dda55429944faac2403,cfcc67595651fb23,1,0,0,0,1,single,False,
hotpotqa,5ac0fbd8554299294b219065,dab8c03648ad0062,1,0,0,0,1,single,False,
hotpotqa,5a74770355429929fddd8439,e8b809386d16bb8d,1,0,0,0,1,single,False,
hotpotqa,5a8c6f775542996e8ac88aab,8c934c7e98c2cc63,4,3,0,3,4,chain,True,
hotpotqa,5a8f43b955429918e830d1e3,60169c74bf4f2937,1,0,0,0,1,single,False,
hotpotqa,5a72dd535542991f9a20c5ca,29bae344a763a3ab,2,1,0,1,2,chain,False,
hotpotqa,5a7f804e5542994857a76750,2325c06998617338,1,0,0,0,1,single,False,
hotpotqa,5a8ced205542996e8ac88b43,2fdbb911dd3d67c5,2,1,0,1,2,chain,False,
hotpotqa,5ab2fb8a554299166977416e,f962373cbc5623c3,1,0,0,0,1,single,False,
hotpotqa,5ae183b755429920d52343ed,1195ce39e5bf4bb4,1,0,0,0,1,single,False,
hotpotqa,5a7179805542994082a3e84d,4ccf9d5e2ce1c560,2,1,0,1,2,chain,False,
hotpotqa,5ade694b55429939a52fe8b0,4e8cf9a0df812c01,1,0,0,0,1,single,False,
hotpotqa,5ac0ff8c554299012d1db67d,f65275db5f797e62,1,0,0,0,1,single,False,
hotpotqa,5ae441525542995dadf24303,cda9740f6af231cf,1,0,0,0,1,single,False,
hotpotqa,5a8756765542994846c1cd68,8f0bf23e5dd50c1e,1,0,0,0,1,single,False,
hotpotqa,5abfb2a35542997ec76fd436,5130939eb01c7265,1,0,0,0,1,single,False,
hotpotqa,5a8f7c3355429918e830d238,fee07fdb0e2ab649,1,0,0,0,1,single,False,
hotpotqa,5adf4d905542993a75d264b0,2dd192baa9ffce10,1,0,0,0,1,single,False,
hotpotqa,5a7ebfd155429930675135d3,957379323a34fdbb,1,0,0,0,1,single,False,
hotpotqa,5a73ae8755429905862fe090,3b178de4fdc57248,1,0,0,0,1,single,False,
hotpotqa,5a9049985542995b4424209f,3cb397582439a043,1,0,0,0,1,single,False,
hotpotqa,5a7b5e55554299042af8f755,123cb1d5696a769c,1,0,0,0,1,single,False,
hotpotqa,5a75eab455429976ec32bca4,a37e99c79717f214,2,1,0,1,2,chain,False,
hotpotqa,5ae150a55542990adbacf74a,e1ef01a01df3ca47,1,0,0,0,1,single,False,
hotpotqa,5ab99331554299753720f839,08a616a1e5a9cb55,1,0,0,0,1,single,False,
hotpotqa,5ae382cd5542992f92d822f6,0717f8c689613f34,1,0,0,0,1,single,False,
hotpotqa,5ae5a5475542992663a4f202,682fac412cf52984,2,1,0,1,2,chain,False,
hotpotqa,5a8881a5554299206df2b2c8,a2e319e121ee8246,1,0,0,0,1,single,False,
hotpotqa,5a80cd76554299260e20a167,128224b18b3b9ad4,2,1,0,1,2,chain,False,
hotpotqa,5a796dad5542990784727806,e52bd662562edd1f,1,0,0,0,1,single,False,
hotpotqa,5ae0c0ab55429906c02dab28,7dbc8b981d50e2a3,1,0,0,0,1,single,False,
hotpotqa,5a8eedf55542995a26add564,074d023d299053b9,1,0,0,0,1,single,False,
hotpotqa,5a7d2c2d55429907fabef0c5,14e2ec7f99d47060,1,0,0,0,1,single,False,
hotpotqa,5ae607ac55429929b0807a77,e33f6f5e8cc3128a,1,0,0,0,1,single,False,
hotpotqa,5ae179c155429901ffe4ae95,32ad78c3098eca72,1,0,0,0,1,single,False,
hotpotqa,5add160b5542990d50227dca,706f4c6683d094b8,1,0,0,0,1,single,False,
hotpotqa,5a80b5ba554299260e20a138,0c0aee65c133bdcc,1,0,0,0,1,single,False,
hotpotqa,5ae72d705542991e8301cb9d,535ffb8acdf24c8e,1,0,0,0,1,single,False,
hotpotqa,5ae2d44055429928c42394e7,,0,0,0,-1,0,compile_failed,False,request failed for http://10.200.37.71:8801/v1/chat/completions: ReadTimeout
hotpotqa,5ab2f3af55429976abd1bbd8,e10c929e41e31747,1,0,0,0,1,single,False,
hotpotqa,5a75faf8554299109176e5de,699b3e1c2d759bec,1,0,0,0,1,single,False,
hotpotqa,5ab9ccf155429939ce03dc1f,4a65f53378815c36,2,1,0,1,2,chain,False,
hotpotqa,5ae5e9895542996de7b71a6b,323610525c1bc0c0,1,0,0,0,1,single,False,
hotpotqa,5ab2ee26554299545a2cfad8,43d3392cbd78dedd,1,0,0,0,1,single,False,
hotpotqa,5ac540975542993e66e82266,34b68a8a46624bbe,1,0,0,0,1,single,False,
hotpotqa,5a89d9df5542992e4fca83ea,ffb24f316bff3c0b,1,0,0,0,1,single,False,
hotpotqa,5a8108995542995ce29dcba1,e320a990c6e304cf,2,1,0,1,2,chain,False,
hotpotqa,5a752f6e55429916b016428d,285a28c9c2af0b6f,1,0,0,0,1,single,False,
hotpotqa,5ac2c466554299657fa2903d,2f6ae1aa939247b7,1,0,0,0,1,single,False,
hotpotqa,5ab972a055429970cfb8eafe,ef8aeaa3ec0da917,1,0,0,0,1,single,False,
hotpotqa,5ae215c2554299495565d9f3,6e49eb0428b8ffc0,1,0,0,0,1,single,False,
hotpotqa,5a7d128655429909bec7693c,b62c5c11caa3490b,1,0,0,0,1,single,False,
hotpotqa,5a7292e35542992359bc310c,da07f9df524ae77a,1,0,0,0,1,single,False,
hotpotqa,5a86228c55429960ec39b622,291ae57c12f45758,1,0,0,0,1,single,False,
hotpotqa,5a7dfb715542995f4f40236a,35b38fba1a9cc722,1,0,0,0,1,single,False,
hotpotqa,5ade436c5542992fa25da719,ea7ff8094d7758e8,1,0,0,0,1,single,False,
hotpotqa,5a9062855542995651fb5155,ae3edaa99793bc75,1,0,0,0,1,single,False,
hotpotqa,5a7b2368554299042af8f702,411038f809f314d7,1,0,0,0,1,single,False,
hotpotqa,5ac0f4425542996f0d89cc41,0156095da3e8e06e,1,0,0,0,1,single,False,
hotpotqa,5ae160c05542990adbacf77a,e196817be2c9296b,1,0,0,0,1,single,False,
hotpotqa,5a72e9d65542992359bc31d1,0bc07955c0c79bce,1,0,0,0,1,single,False,
hotpotqa,5ae1b24b554299492dc91b6f,3631ffcab7690f99,1,0,0,0,1,single,False,
hotpotqa,5adebe455542995534e8c6f7,747494713f4b351f,2,1,0,1,2,chain,False,
hotpotqa,5ae458015542996836b02c88,39023aaca5ea04d8,1,0,0,0,1,single,False,
hotpotqa,5a8f4172554299458435d597,f23e88f29ecb6f34,1,0,0,0,1,single,False,
hotpotqa,5ae2ec2955429928c4239563,8802b07c54f679aa,1,0,0,0,1,single,False,
hotpotqa,5ae663ab55429908198fa5bb,,0,0,0,-1,0,compile_failed,False,request failed for http://10.200.37.71:8801/v1/chat/completions: ReadTimeout
hotpotqa,5a7e952f5542994959419a13,4be3a0a484a42725,1,0,0,0,1,single,False,
hotpotqa,5a75d92155429976ec32bc36,9129a86f07d8d22f,2,1,0,1,2,chain,False,
hotpotqa,5a887d57554299206df2b2bc,a94193522d4717d9,1,0,0,0,1,single,False,
hotpotqa,5ab43a7455429942dd415ef0,f74e2b892cdfe49c,2,1,0,1,2,chain,False,
hotpotqa,5ae48ae35542995ad6573d69,1fd986d95b1dcaad,2,1,0,1,2,chain,False,
hotpotqa,5adcd2505542992c1e3a241c,491136a6adc2370d,2,1,0,1,2,chain,False,
hotpotqa,5ac38655554299741d48a27c,21355fd868a71473,1,0,0,0,1,single,False,
hotpotqa,5ab3618655429976abd1bca4,7574c8d2a362ba82,2,1,0,1,2,chain,False,
hotpotqa,5ae5beca5542990ba0bbb2c8,1b46b9a4d2254524,1,0,0,0,1,single,False,
hotpotqa,5ac23eef55429951e9e684d4,6676e9ca520f77d3,1,0,0,0,1,single,False,
hotpotqa,5ab61cb9554299710c8d1e65,dbd3b9ef66e2f07b,1,0,0,0,1,single,False,
hotpotqa,5ac3a0f7554299391541383d,c73e065d926d30a0,2,1,0,1,2,chain,False,
hotpotqa,5ac49d425542996feb3fe912,32f40f29e34c924d,2,1,0,1,2,chain,False,
hotpotqa,5ac3bd4d554299391541392c,0a93b3e4527a112c,1,0,0,0,1,single,False,
hotpotqa,5ae687825542991bbc976116,39d254de9443b725,1,0,0,0,1,single,False,
hotpotqa,5ab29e7d554299340b52552d,453cfb31c04b47b6,1,0,0,0,1,single,False,
hotpotqa,5abaf5cb55429939ce03dd79,8c01ef3c2a774571,2,1,0,1,2,chain,False,
hotpotqa,5ae24348554299492dc91bf8,ac7cd26c0a2babe2,1,0,0,0,1,single,False,
hotpotqa,5a82ff2b55429954d2e2ebef,b7d143ff995b726c,1,0,0,0,1,single,False,
hotpotqa,5a7d09c855429909bec76911,69fa4c96b40f580b,1,0,0,0,1,single,False,
hotpotqa,5ac24c8f5542996366519962,ae00b6c9a1351d9b,2,1,0,1,2,chain,False,
hotpotqa,5a85f3b55542991dd0999ed5,9ac7f9d00b095951,1,0,0,0,1,single,False,
hotpotqa,5ab6b7fc5542995eadef0070,f1512beaac232f5a,1,0,0,0,1,single,False,
hotpotqa,5ade3002554299728e26c670,39fc834d6cdd24b4,1,0,0,0,1,single,False,
hotpotqa,5ac039c5554299012d1db5da,2faade4651b22766,1,0,0,0,1,single,False,
hotpotqa,5a7a3d435542994f819ef184,b2bac582f773b428,1,0,0,0,1,single,False,
hotpotqa,5add0be15542994ed6169c53,f0fef179226c2f4d,2,1,0,1,2,chain,False,
hotpotqa,5ae103e055429920d523427c,f6af3490d882fd8b,1,0,0,0,1,single,False,
hotpotqa,5a72357955429971e9dc9356,94e25c574c05ac9e,2,1,0,1,2,chain,False,
hotpotqa,5a8f300555429918e830d1c8,951c72f191b2e375,3,3,0,2,3,complex,True,
hotpotqa,5adec7b3554299728e26c7cd,0189d49c396f51b1,1,0,0,0,1,single,False,
hotpotqa,5ae573a2554299546bf82ee3,38c93daf49ad68fc,1,0,0,0,1,single,False,
hotpotqa,5a77070255429972597f1418,8a042822dbd8801d,2,1,0,1,2,chain,False,
hotpotqa,5a79c0255542994bb945705e,c9a926f02e25d0d3,1,0,0,0,1,single,False,
hotpotqa,5a8613fa5542996432c571a4,b928cfa9a5fab285,2,1,0,1,2,chain,False,
hotpotqa,5abfdb1d5542997719eab6ec,2915243f31861b1e,1,0,0,0,1,single,False,
hotpotqa,5ae43ba85542995dadf242f7,395bb5508b54389c,1,0,0,0,1,single,False,
hotpotqa,5ab938295542996be2020450,,0,0,0,-1,0,compile_failed,False,request failed for http://10.200.37.71:8801/v1/chat/completions: ReadTimeout
hotpotqa,5a7cba265542990527d55517,5ef9e8d12721eaa3,1,0,0,0,1,single,False,
hotpotqa,5ae4f9ed55429913cc204553,260727260f4fd4aa,1,0,0,0,1,single,False,
hotpotqa,5ae40d9d5542996836b02c2a,b81c50ca5f37a47d,1,0,0,0,1,single,False,
hotpotqa,5adc7d545542994650320d23,ec1e825412f16d2a,1,0,0,0,1,single,False,
hotpotqa,5ab3fc575542992339550028,a383fe9782f06ec4,1,0,0,0,1,single,False,
hotpotqa,5adf1a075542993344016bd2,7bf34aa938230dc7,1,0,0,0,1,single,False,
hotpotqa,5ab3a3725542992ade7c6dfb,1ad3d2a2903cccce,1,0,0,0,1,single,False,
hotpotqa,5ae566eb55429960a22e02ed,aeb7b2ef1777e0e3,1,0,0,0,1,single,False,
hotpotqa,5a7cb4a6554299683c1c6341,123fc88931f36bcb,2,1,0,1,2,chain,False,
hotpotqa,5ac3bd0e5542993915413927,112c5cdf5162e20d,1,0,0,0,1,single,False,
hotpotqa,5a8f63c35542992414482aa7,85bb5bd88b65215b,2,1,0,1,2,chain,False,
hotpotqa,5ae322d555429928c4239628,3d9db0b2187d48de,1,0,0,0,1,single,False,
hotpotqa,5ae39cb25542990afbd1e191,3f7db449e28a79ca,1,0,0,0,1,single,False,
hotpotqa,5ab58a4b554299494045f005,c1902b0619863523,3,2,0,2,3,chain,True,
hotpotqa,5adfdc3555429925eb1afaca,e516412cdc940350,2,1,0,1,2,chain,False,
hotpotqa,5a8eca375542995a26add525,958ce4cdb8478992,1,0,0,0,1,single,False,
hotpotqa,5a83c7875542993344746090,06e74d611c359451,1,0,0,0,1,single,False,
hotpotqa,5ae320a855429928c423961f,1d5ca33307971197,1,0,0,0,1,single,False,
hotpotqa,5ab5a4f8554299488d4d9a0e,652ce4e2a6048d12,1,0,0,0,1,single,False,
hotpotqa,5a78b8b2554299029c4b5e57,270a4099d12c18a1,1,0,0,0,1,single,False,
hotpotqa,5abffbb95542994516f45570,aa68ec75a45caf5e,1,0,0,0,1,single,False,
hotpotqa,5a82870d5542995ce29dcd07,c5dd1ed9828159d0,1,0,0,0,1,single,False,
hotpotqa,5ac2319455429951e9e68499,ba6c72072babe731,2,1,0,1,2,chain,False,
hotpotqa,5ae2bd92554299492dc91c53,dbd779ef73810407,1,0,0,0,1,single,False,
hotpotqa,5a8e4a935542990e94052ab2,25e772c31d97e86b,1,0,0,0,1,single,False,
hotpotqa,5a77f2f55542992a6e59e018,e229e8fe3bdaa34a,1,0,0,0,1,single,False,
hotpotqa,5ae1fd425542997283cd2310,4ca549158a521161,1,0,0,0,1,single,False,
hotpotqa,5a7c69ba5542996dd594b920,3cbede7663a11daa,1,0,0,0,1,single,False,
hotpotqa,5a79fecb554299029c4b5f9a,3e0ab1e77ab0fe24,1,0,0,0,1,single,False,
hotpotqa,5a81fa2155429926c1cdadce,b0464693c10d7431,1,0,0,0,1,single,False,
hotpotqa,5ac06d325542996f0d89cbc5,f8e3d5eef610e896,1,0,0,0,1,single,False,
hotpotqa,5ac168165542994ab5c67d12,f6c814ef664c66c4,1,0,0,0,1,single,False,
hotpotqa,5ae4f19c5542990ba0bbb1a5,192a1744ba6c186f,1,0,0,0,1,single,False,
hotpotqa,5ae78ed25542997ec27276a3,ed94e5a6606a60a5,1,0,0,0,1,single,False,
hotpotqa,5a7a99565542990198eaf15d,8592adae8ea87704,1,0,0,0,1,single,False,
hotpotqa,5a80cee5554299260e20a16f,b9e71808055e84a3,1,0,0,0,1,single,False,
hotpotqa,5a774f595542994aec3b7283,5cb7e47c0f8bd662,1,0,0,0,1,single,False,
hotpotqa,5a881a3855429938390d3eda,,0,0,0,-1,0,compile_failed,False,request failed for http://10.200.37.71:8801/v1/chat/completions: ReadTimeout
hotpotqa,5a78ecd355429970f5fffdd6,36143a7fd8dae540,1,0,0,0,1,single,False,
hotpotqa,5ab67f9e5542995eadef0009,593380b3b4c44a4a,1,0,0,0,1,single,False,
hotpotqa,5ab7d13455429928e1fe3920,a74e034605d4af0f,2,1,0,1,2,chain,False,
hotpotqa,5adf75df5542995ec70e901b,187c7fdb09bcde1c,1,0,0,0,1,single,False,
hotpotqa,5a7c2a635542990527d5546b,bf7fa1f141bcc810,2,1,0,1,2,chain,False,
hotpotqa,5a87209e5542996432c57224,cccc03ca7059cf17,1,0,0,0,1,single,False,
hotpotqa,5adc4e1f55429947ff173920,c418c286107614ed,4,4,0,3,4,complex,True,
hotpotqa,5abadc7755429901930fa8c6,f72d636fde928164,1,0,0,0,1,single,False,
hotpotqa,5ac10002554299012d1db680,dce530ba23910611,1,0,0,0,1,single,False,
hotpotqa,5a8f565255429918e830d1fb,14724a1ef310d4c2,1,0,0,0,1,single,False,
hotpotqa,5ab2cdf1554299545a2cfa97,a42fcda8f4e3bf26,1,0,0,0,1,single,False,
hotpotqa,5ae0aaf85542993d6555ec03,a10f1242ba04d6e7,2,1,0,1,2,chain,False,
hotpotqa,5ae19ffe5542997b2ef7d210,191073e3c880842d,1,0,0,0,1,single,False,
hotpotqa,5abeb2035542997719eab570,08f9e910c3995608,1,0,0,0,1,single,False,
hotpotqa,5a8970dc55429951533612fb,46f1331ad5617ff9,1,0,0,0,1,single,False,
hotpotqa,5abfefdd5542997ec76fd475,4a99368f3a0679d8,1,0,0,0,1,single,False,
hotpotqa,5ac4010c5542997ea680c9ae,c623ce12dcefb82a,2,1,0,1,2,chain,False,
hotpotqa,5ab96424554299743d22eb47,f5e45893eb65c8d6,2,1,0,1,2,chain,False,
hotpotqa,5adddc545542992200553b6b,9e8011a26dc1b73f,1,0,0,0,1,single,False,
hotpotqa,5ac38c6c554299741d48a289,42268223da4d5875,1,0,0,0,1,single,False,
hotpotqa,5abab30d554299232ef4a37c,89e8a1086c0b0861,1,0,0,0,1,single,False,
hotpotqa,5adcebec5542994d58a2f718,a2db85604e836b27,1,0,0,0,1,single,False,
hotpotqa,5ac2412855429951e9e684f3,0a9a8c761c89f5e5,1,0,0,0,1,single,False,
hotpotqa,5a86cd0655429960ec39b6cc,6725f396eb39390c,1,0,0,0,1,single,False,
hotpotqa,5adc329655429947ff17390a,fb6ff8724480baf9,1,0,0,0,1,single,False,
hotpotqa,5a809c595542992bc0c4a77b,33078cdb13359ae8,1,0,0,0,1,single,False,
hotpotqa,5ae770935542997b22f6a762,94c3e18da29c64b3,1,0,0,0,1,single,False,
hotpotqa,5ae65db55542996d980e7b17,a04bd6b024bee8d7,1,0,0,0,1,single,False,
hotpotqa,5adf996c5542995534e8c805,b62c91f300d02a37,1,0,0,0,1,single,False,
hotpotqa,5ae46bea5542995dadf24329,b320b3018c167652,1,0,0,0,1,single,False,
hotpotqa,5abe3ca55542991f66106109,bd346c53598614de,1,0,0,0,1,single,False,
hotpotqa,5ae4aa7f55429913cc2044c4,3d269fa684e0ae3a,1,0,0,0,1,single,False,
hotpotqa,5ab1d951554299340b525408,1f76fb09c7aea83f,2,1,0,1,2,chain,False,
hotpotqa,5abed3565542993fe9a41d4f,7a635d819dcc8fd6,1,0,0,0,1,single,False,
hotpotqa,5ac43846554299194317394a,b2c5d558cb8d26d6,1,0,0,0,1,single,False,
hotpotqa,5a7a4a495542994f819ef1bf,a705eb45747d036d,1,0,0,0,1,single,False,
hotpotqa,5ab3dd9a554299753aec59d5,d8a336e5bedc76a3,1,0,0,0,1,single,False,
hotpotqa,5a8194275542995ce29dcc09,cc9d9fd44d4c2f68,1,0,0,0,1,single,False,
hotpotqa,5abc30df554299114383a0fe,28bbdaa4dafd30a0,1,0,0,0,1,single,False,
hotpotqa,5a88c0e155429946c8d6e8a8,5e37c592fe2b99b5,1,0,0,0,1,single,False,
hotpotqa,5a7aa1bc5542995eb53be881,174d8e3c0de1feb3,2,1,0,1,2,chain,False,
hotpotqa,5a8cb2eb5542996e8ac88b2b,4d22e2eda4d2dbdb,1,0,0,0,1,single,False,
hotpotqa,5ac0a4825542992a796ded48,ce5125cd5ccb3bed,1,0,0,0,1,single,False,
hotpotqa,5a8c945e554299653c1aa0c7,000991b7367ef614,1,0,0,0,1,single,False,
hotpotqa,5adc1218554299438c868d32,f82a2275e2cb2505,1,0,0,0,1,single,False,
hotpotqa,5ab8f14c5542991b5579f06e,1b2e56ab28fa5bd5,1,0,0,0,1,single,False,
hotpotqa,5a8455405542990548d0b284,80415aa5c606ef2f,1,0,0,0,1,single,False,
hotpotqa,5a74f6fe5542993748c8975e,b7266e2c62a0c9d6,1,0,0,0,1,single,False,
hotpotqa,5adff67c554299603e4183d7,604d10b1451e7e05,1,0,0,0,1,single,False,
hotpotqa,5abee2e55542993fe9a41d77,a539a9672f3eb684,1,0,0,0,1,single,False,
hotpotqa,5a7cfad1554299452d57bab7,50ba74258bb09ec9,1,0,0,0,1,single,False,
hotpotqa,5a7a35475542990198eaf0e2,be00ebbc4c7ebdcf,2,1,0,1,2,chain,False,
hotpotqa,5ae434ae5542996836b02c4e,48e6288de5d0e664,1,0,0,0,1,single,False,
hotpotqa,5a722b1555429971e9dc9325,d87d42d4cf4db73d,1,0,0,0,1,single,False,
hotpotqa,5a8620cc5542994775f6070c,9fd14eb1041a1eda,1,0,0,0,1,single,False,
hotpotqa,5a8f5a0955429918e830d201,791072b5ea504ffd,1,0,0,0,1,single,False,
hotpotqa,5ab2a953554299194fa934a8,1af03afa9c4a913e,1,0,0,0,1,single,False,
hotpotqa,5adf88825542992d7e9f938e,af236315a072d4e7,1,0,0,0,1,single,False,
hotpotqa,5ae788235542994a481bbd6b,c0c3d628eaf82778,1,0,0,0,1,single,False,
hotpotqa,5ab98b2d554299131ca4236e,a96ab09b4a2c6be3,1,0,0,0,1,single,False,
hotpotqa,5ab917735542991b5579f0f1,8961a39f9bd227a5,1,0,0,0,1,single,False,
hotpotqa,5a77bf7b55429967ab105260,932e6b3f8df4d9d9,1,0,0,0,1,single,False,
hotpotqa,5ac4154e5542997ea680c9f6,6d83698ff7a643af,1,0,0,0,1,single,False,
hotpotqa,5a748bc155429979e2882985,8ec7f0d0e9ae83b8,1,0,0,0,1,single,False,
hotpotqa,5ab46b265542991779162c8e,552982f64fb94509,1,0,0,0,1,single,False,
hotpotqa,5a81aca055429903bc27b9a1,23f7a04e00ab8fd5,1,0,0,0,1,single,False,
hotpotqa,5a81f2065542995ce29dcc95,6f35e2c4ff63ebd4,1,0,0,0,1,single,False,
hotpotqa,5adf9b675542995534e8c80e,bd00b31bf5706c15,1,0,0,0,1,single,False,
hotpotqa,5ae779df5542994a481bbd0d,080364422c170ce6,1,0,0,0,1,single,False,
hotpotqa,5abe129855429976d4830a6a,9bec1d8fcd68db01,4,4,0,3,4,complex,True,
hotpotqa,5a7b4d2b5542995eb53be8fd,2e63b91e3a53671f,1,0,0,0,1,single,False,
hotpotqa,5adfa2be55429942ec259ac6,1fe04ab64703ea5d,1,0,0,0,1,single,False,
hotpotqa,5a7a633c5542990783324f3d,ae61e67739425c17,1,0,0,0,1,single,False,
hotpotqa,5a8479805542992ef85e240f,0e29d689ab08b828,1,0,0,0,1,single,False,
hotpotqa,5adc4fb45542996e685252fb,2d664bca63cad1b4,1,0,0,0,1,single,False,
hotpotqa,5abaed3c55429939ce03dd69,f8711ecc94afef1b,1,0,0,0,1,single,False,
hotpotqa,5a74b4085542996c70cfadb5,0aca7dc45fa15dab,2,1,0,1,2,chain,False,
hotpotqa,5a8f51df5542997ba9cb3234,efa325bad7fb0027,1,0,0,0,1,single,False,
hotpotqa,5ae526815542993aec5ec162,16abd8b70e51d875,1,0,0,0,1,single,False,
hotpotqa,5add84265542997545bbbd5c,f702ade84f2bdae1,1,0,0,0,1,single,False,
hotpotqa,5a77a4655542992a6e59df47,569ea7b7fed3edc9,1,0,0,0,1,single,False,
hotpotqa,5a8f14965542997ba9cb31d0,395cd2d826f998af,2,1,0,1,2,chain,False,
hotpotqa,5abb18fc5542996cc5e49fa5,f348aa0544713004,1,0,0,0,1,single,False,
hotpotqa,5a81956f55429926c1cdad43,c20b7a3f99722b81,1,0,0,0,1,single,False,
hotpotqa,5ade16c55542990dbb2f7f50,5fce685f3baa4779,1,0,0,0,1,single,False,
hotpotqa,5ae749b35542997b22f6a67e,5dcc596cfcd8a912,1,0,0,0,1,single,False,
hotpotqa,5a7b3af65542992d025e67a9,bfcc96339cdb2c77,1,0,0,0,1,single,False,
hotpotqa,5ae80522554299321098403c,7d7a42c74ac7f091,1,0,0,0,1,single,False,
hotpotqa,5a82a40e55429954d2e2eb90,d74c345a83a2fb46,1,0,0,0,1,single,False,
hotpotqa,5a74f3a955429974ef308cae,931cb68d00811213,1,0,0,0,1,single,False,
hotpotqa,5a88c266554299206df2b365,d36e9b26ca1b1c16,2,1,0,1,2,chain,False,
hotpotqa,5ae8056f554299321098403e,5ec5d3db5f02f9c7,1,0,0,0,1,single,False,
hotpotqa,5adfbab5554299603e418396,b0f3b241abd757c6,1,0,0,0,1,single,False,
hotpotqa,5adffddc55429942ec259bc2,f903209ed969f52c,1,0,0,0,1,single,False,
hotpotqa,5ae321a45542994393b9e619,7419f006b0017dae,1,0,0,0,1,single,False,
hotpotqa,5a7f3d0b55429934daa2fd36,eae17a42a9ba18c6,1,0,0,0,1,single,False,
hotpotqa,5ab7e3ec5542995dae37e9dc,5815fd09e9449fc4,1,0,0,0,1,single,False,
hotpotqa,5adf25ab5542993344016bfb,133264bc746d10e6,1,0,0,0,1,single,False,
hotpotqa,5a716b3d5542994082a3e823,642458b8f418261e,2,1,0,1,2,chain,False,
hotpotqa,5a75cd0d5542992d0ec05ff5,01d6bf034d35e173,2,1,0,1,2,chain,False,
hotpotqa,5ab2d44f554299194fa9352d,,0,0,0,-1,0,compile_failed,False,request failed for http://10.200.37.71:8801/v1/chat/completions: ReadTimeout
hotpotqa,5adfeb1155429925eb1afb2b,179ddd4e391c5e58,1,0,0,0,1,single,False,
hotpotqa,5adcb35d5542994734353771,4671b59a6889c42b,1,0,0,0,1,single,False,
hotpotqa,5a8053df5542995d8a8ddf67,5cec4a3cea6ab213,1,0,0,0,1,single,False,
hotpotqa,5a7b17845542992d025e675d,e528949125c66c0d,1,0,0,0,1,single,False,
hotpotqa,5ae3b00c5542991a06ce9a10,2808fa696bae4e0d,1,0,0,0,1,single,False,
hotpotqa,5ae3f8375542995ad6573cfb,b9ece03b5a506094,1,0,0,0,1,single,False,
hotpotqa,5ab435ec5542991751b4d6ec,83cefd0187b3dfdb,1,0,0,0,1,single,False,
hotpotqa,5a7c29845542990527d55469,61f32f03195ff677,1,0,0,0,1,single,False,
hotpotqa,5ae609a95542996de7b71b09,be62733b4dd0a665,1,0,0,0,1,single,False,
hotpotqa,5a8d0cae55429941ae14df76,8353808d40623df9,2,1,0,1,2,chain,False,
hotpotqa,5ab2abff55429929539467cd,ab2b9d24960bc5d2,1,0,0,0,1,single,False,
hotpotqa,5abb172a5542992ccd8e7f10,3a5a8e2e0fcf11af,1,0,0,0,1,single,False,
hotpotqa,5a7e2f105542994959419918,7e1c4a262ee5df2e,1,0,0,0,1,single,False,
hotpotqa,5ab538b45542997d4ad1f0d6,77c921eeaddfc7ae,1,0,0,0,1,single,False,
hotpotqa,5add7f605542990dbb2f7e67,e40b791dbd7e617b,1,0,0,0,1,single,False,
hotpotqa,5ae71af2554299572ea546e2,4999430f35ca70b4,1,0,0,0,1,single,False,
hotpotqa,5a7111a35542994082a3e554,3d0a1234f477697f,1,0,0,0,1,single,False,
hotpotqa,5a8a2bf555429930ff3c0cd5,f1652e1452365aa3,1,0,0,0,1,single,False,
hotpotqa,5a8b621c55429949d91db584,11b2c97c6699863a,2,1,0,1,2,chain,False,
hotpotqa,5ab31ac855429976abd1bc62,413f006dfc54615b,2,1,0,1,2,chain,False,
hotpotqa,5a8350f55542993344745ff8,254b5fca1656003f,1,0,0,0,1,single,False,
hotpotqa,5a85f9625542994775f606d3,b5c0b81267c4d386,1,0,0,0,1,single,False,
hotpotqa,5ae11a2d55429901ffe4ad8b,5eb74d12dea78fa7,2,1,0,1,2,chain,False,
hotpotqa,5ae806545542994a481bbe8c,e191a5205365ea3a,2,1,0,1,2,chain,False,
hotpotqa,5ae7cb525542994a481bbde1,36bd6fc7e9cc7ca3,1,0,0,0,1,single,False,
hotpotqa,5ae43aff55429970de88d925,c97806daf2dfe788,2,1,0,1,2,chain,False,
hotpotqa,5a86613a5542991e77181626,7e6aecf93bc907e8,1,0,0,0,1,single,False,
hotpotqa,5ac422be5542997ea680ca0e,b28eff354d5328ed,1,0,0,0,1,single,False,
hotpotqa,5a713fdd5542994082a3e6f5,,0,0,0,-1,0,compile_failed,False,request failed for http://10.200.37.71:8801/v1/chat/completions: ReadTimeout
hotpotqa,5ade65655542997c77adee19,bfafda29682abfd8,1,0,0,0,1,single,False,
hotpotqa,5add79515542990dbb2f7e58,736d5e7989664dd4,2,1,0,1,2,chain,False,
hotpotqa,5a8133945542995ce29dcbdc,186f6b3275485cd3,1,0,0,0,1,single,False,
hotpotqa,5a90801a5542990a98493664,cb4670e6a3bd694a,1,0,0,0,1,single,False,
hotpotqa,5a81c7f65542995ce29dcc64,f262baec427cd2a3,1,0,0,0,1,single,False,
hotpotqa,5ac4fd3a5542995c82c4ad95,42eeeeae0423ece2,1,0,0,0,1,single,False,
hotpotqa,5ab94c69554299743d22ead7,,0,0,0,-1,0,compile_failed,False,request failed for http://10.200.37.71:8801/v1/chat/completions: ReadTimeout
hotpotqa,5ae72256554299572ea5471c,86e0e0346d475b3a,2,1,0,1,2,chain,False,
hotpotqa,5adbfc9355429947ff173897,e73136b2e9d23cdb,1,0,0,0,1,single,False,
hotpotqa,5ade1a9f55429975fa854e4c,5b52351190246c1f,1,0,0,0,1,single,False,
hotpotqa,5ae691f75542991bbc976133,75b22548ea487c0f,2,1,0,1,2,chain,False,
hotpotqa,5a8244865542990a1d231f7f,0638e1a9a11de2f5,1,0,0,0,1,single,False,
hotpotqa,5a848e5f5542997b5ce3feb6,73d3a35ab338535a,1,0,0,0,1,single,False,
hotpotqa,5ae3b51d5542990afbd1e1ab,a7e07e00c124e6d4,1,0,0,0,1,single,False,
hotpotqa,5a835c3b554299123d8c2103,,0,0,0,-1,0,compile_failed,False,request failed for http://10.200.37.71:8801/v1/chat/completions: ReadTimeout
hotpotqa,5ab7418a55429928e1fe3845,4c3ca979f66026e4,1,0,0,0,1,single,False,
hotpotqa,5a7c5b7255429935c91b5170,bc6b17acec122c38,1,0,0,0,1,single,False,
hotpotqa,5ae5c601554299546bf82f54,8a6e12c95fdf29b0,1,0,0,0,1,single,False,
hotpotqa,5a7b3a255542992d025e67a5,e868f6c8e17e181f,1,0,0,0,1,single,False,
hotpotqa,5ac2995955429921a00aafdc,353d75543a0e51ee,1,0,0,0,1,single,False,
hotpotqa,5ae7484d5542997b22f6a673,3b12524fa3f7fad8,1,0,0,0,1,single,False,
hotpotqa,5ae4704055429970de88d95e,641ad166621af1ff,1,0,0,0,1,single,False,
hotpotqa,5ae22f18554299492dc91bcf,3ddafd410bc7ebc0,1,0,0,0,1,single,False,
hotpotqa,5ab971145542996be20204f2,ef056a4037897975,1,0,0,0,1,single,False,
hotpotqa,5ab4636d5542991751b4d757,10b06b1bb9184e20,1,0,0,0,1,single,False,
hotpotqa,5add19cf5542994ed6169c86,628ea69e880a26db,1,0,0,0,1,single,False,
hotpotqa,5ae21b68554299495565da05,,0,0,0,-1,0,compile_failed,False,request failed for http://10.200.37.71:8801/v1/chat/completions: ReadTimeout
hotpotqa,5ac25c625542992f1f2b3877,fd38dbe9816ae4ff,1,0,0,0,1,single,False,
hotpotqa,5a8f84c5554299458435d66c,508b5c46ef9f66f9,1,0,0,0,1,single,False,
hotpotqa,5abb8e385542993f40c73b2a,fc3f24ed28574f2c,1,0,0,0,1,single,False,
hotpotqa,5ac3e0305542991943173885,c2071c7440e1bff8,1,0,0,0,1,single,False,
hotpotqa,5a860f5c5542996432c57181,d66c4378cd44cb49,1,0,0,0,1,single,False,
hotpotqa,5ae666995542992ae0d1632a,b93f1cc4d05f253b,1,0,0,0,1,single,False,
hotpotqa,5add7db15542992200553b3e,934c94eac305c184,1,0,0,0,1,single,False,
hotpotqa,5a7dc0ed5542997cc2c47497,9a85bc5245cc8d73,2,1,0,1,2,chain,False,
hotpotqa,5abbd2b755429931dba14582,b93d8c54305a10f5,1,0,0,0,1,single,False,
hotpotqa,5ab935fe554299131ca422c1,65279fff8ac4ef92,1,0,0,0,1,single,False,
hotpotqa,5ae3e0945542992e3233c498,fa1aefcfdd084839,1,0,0,0,1,single,False,
hotpotqa,5a8b3b1a55429971feec467c,341a80fc93f54f8d,1,0,0,0,1,single,False,
hotpotqa,5ab2d3b2554299545a2cfab2,bcb0b9352d25f629,1,0,0,0,1,single,False,
hotpotqa,5ae27d425542992decbdcd28,a5a1a13876cc9681,1,0,0,0,1,single,False,
hotpotqa,5ab59f0c5542997d4ad1f191,3b5d63e1dc41a3a8,1,0,0,0,1,single,False,
hotpotqa,5a7771545542993735360284,670a897228c4461f,1,0,0,0,1,single,False,
hotpotqa,5abc4b795542996583600437,9226f0630f79b035,2,1,0,1,2,chain,False,
hotpotqa,5a8113cb5542995ce29dcbb5,2444fe963cb52c97,1,0,0,0,1,single,False,
hotpotqa,5adf72825542992d7e9f9365,6e9ac4ad2adfb18a,1,0,0,0,1,single,False,
hotpotqa,5ab2bc73554299545a2cfa41,ef249e46b1302bcf,2,1,0,1,2,chain,False,
hotpotqa,5adca60d5542994734353761,5957cfaef69aa4d1,2,1,0,1,2,chain,False,
hotpotqa,5ae31d8c55429928c423960d,8de7ff09177e7e79,1,0,0,0,1,single,False,
hotpotqa,5ac45be8554299204fd21f33,de1a88f19bf9927c,1,0,0,0,1,single,False,
hotpotqa,5a81913755429926c1cdad3a,888de08c609767a2,1,0,0,0,1,single,False,
hotpotqa,5ab77d545542995dae37e93a,a1b2315c419ab9e7,2,1,0,1,2,chain,False,
hotpotqa,5a8bc35f5542995e66a47500,e7c14c0019d39a1f,1,0,0,0,1,single,False,
hotpotqa,5ac3b6f2554299741d48a2fc,94711e44d08e1d65,1,0,0,0,1,single,False,
hotpotqa,5a9050925542995651fb512f,826bde420772c1b5,1,0,0,0,1,single,False,
hotpotqa,5a8b2a3a5542997f31a41c90,eacf4e2b8f61174f,1,0,0,0,1,single,False,
hotpotqa,5a78a7dc5542990784727714,9dd82b059bf23f86,1,0,0,0,1,single,False,
hotpotqa,5a78c936554299029c4b5e92,6a4060a6e646e219,1,0,0,0,1,single,False,
hotpotqa,5a8d6edd554299441c6b9fdd,7c16469a551a7c70,1,0,0,0,1,single,False,
hotpotqa,5ae1df5f5542997f29b3c154,1c292cd8ffc5d672,1,0,0,0,1,single,False,
hotpotqa,5a7e27635542995ed0d166b4,9056e928f9283077,2,1,0,1,2,chain,False,
hotpotqa,5a87d2db5542994775f607f9,8acc162027004c9f,1,0,0,0,1,single,False,
hotpotqa,5a7a986055429941d65f26e1,aef25bd70f157d2f,1,0,0,0,1,single,False,
hotpotqa,5addb3b35542995b365fab66,831b073393ab9003,1,0,0,0,1,single,False,
hotpotqa,5ade500655429975fa854ea2,92824ec364be7271,1,0,0,0,1,single,False,
hotpotqa,5abd984955429933744ab804,bdf48add53c79f6e,1,0,0,0,1,single,False,
hotpotqa,5a8e596d5542995085b3740f,246325aac0c25138,1,0,0,0,1,single,False,
hotpotqa,5a73b4c255429978a71e9084,93040c02bcc6c9a1,1,0,0,0,1,single,False,
hotpotqa,5ab3b93455429969a97a8192,c4ffe2ecd9ddc13d,3,3,0,2,3,complex,True,
hotpotqa,5ae1d8155542997283cd228e,ec8b191223ad936f,2,1,0,1,2,chain,False,
hotpotqa,5a72a5c655429901807daf23,303b24cc62b47c1d,1,0,0,0,1,single,False,
hotpotqa,5ab727c35542992aa3b8c7b3,47693a53e742015d,1,0,0,0,1,single,False,
hotpotqa,5ae5502655429908b63265d6,5827eb92b63601ef,1,0,0,0,1,single,False,
hotpotqa,5abe67125542991f66106167,2af000f28facb227,1,0,0,0,1,single,False,
hotpotqa,5ac378de554299218029dbd7,93d2411ea775101c,1,0,0,0,1,single,False,
hotpotqa,5ae848f85542997ec2727794,bdabbba778dd7c17,1,0,0,0,1,single,False,
hotpotqa,5a89e3445542992e4fca8449,d8e5853fe1f112fe,1,0,0,0,1,single,False,
hotpotqa,5a8a4cda5542992d82986f11,04f408acf9e385e6,1,0,0,0,1,single,False,
hotpotqa,5adcb5c95542994ed6169bc8,faae2364fceb5636,1,0,0,0,1,single,False,
hotpotqa,5a7a38505542994f819ef165,,0,0,0,-1,0,compile_failed,False,request failed for http://10.200.37.71:8801/v1/chat/completions: ReadTimeout
hotpotqa,5abc19fd5542993a06baf874,e22abbd35fbad0cd,3,3,0,2,3,complex,True,
hotpotqa,5ae4c15b55429913cc2044f6,ae9bb18ea795f432,1,0,0,0,1,single,False,
hotpotqa,5ae6455755429908198fa56d,79a4f3f193d05ff7,1,0,0,0,1,single,False,
hotpotqa,5a7312895542992359bc3229,27d69520075e2ee3,1,0,0,0,1,single,False,
hotpotqa,5ae04a7455429924de1b7092,467ee86a96d12005,1,0,0,0,1,single,False,
hotpotqa,5ab7610955429928e1fe3855,6fb1bfa79c50d12d,1,0,0,0,1,single,False,
hotpotqa,5a7a24b35542990783324e8d,b08d2281151385d9,1,0,0,0,1,single,False,
hotpotqa,5a8c57f75542996e8ac88a62,66f8b881eeedf7b5,1,0,0,0,1,single,False,
hotpotqa,5a7a3fb35542996a35c17161,1c94e8920344776c,1,0,0,0,1,single,False,
hotpotqa,5a713d8d5542994082a3e6d6,459b0d3a43d0bde7,1,0,0,0,1,single,False,
hotpotqa,5a85ddb95542994775f60669,ec2e861bf6888b9e,1,0,0,0,1,single,False,
hotpotqa,5a8bc9765542995d1e6f1447,281c1e0e0bfb68da,1,0,0,0,1,single,False,
hotpotqa,5a87160655429960ec39b732,b4c88582bc16c11f,1,0,0,0,1,single,False,
hotpotqa,5a74b58c55429929fddd84c6,,0,0,0,-1,0,compile_failed,False,request failed for http://10.200.37.71:8801/v1/chat/completions: ReadTimeout
hotpotqa,5ae3606f5542991a06ce99a9,51d7afcd4a0f2d61,1,0,0,0,1,single,False,
hotpotqa,5a7e48175542994959419979,ab3b527976ec367e,1,0,0,0,1,single,False,
hotpotqa,5ae394d35542991a06ce99ed,095e64706e1b0130,1,0,0,0,1,single,False,
hotpotqa,5addde5a5542990dbb2f7ed0,1531d46f51c2d778,1,0,0,0,1,single,False,
hotpotqa,5a80e5e555429938b614223f,5ca0b1dac47a43ce,1,0,0,0,1,single,False,
hotpotqa,5a88fae7554299515336121c,ea00441d2e74a847,1,0,0,0,1,single,False,
hotpotqa,5a7ca16e55429907fabeefd6,732e0d7fee7eaf59,1,0,0,0,1,single,False,
hotpotqa,5a8e09725542995085b3739b,b51135098c2277c3,2,1,0,1,2,chain,False,
hotpotqa,5abffd70554299012d1db55a,3e3699a40b49a514,1,0,0,0,1,single,False,
hotpotqa,5a8472625542992ef85e23ff,a661d41057bf576a,1,0,0,0,1,single,False,
hotpotqa,5ab7f77b5542993667794072,7358c3df04fcd15e,1,0,0,0,1,single,False,
hotpotqa,5ac23e9f55429951e9e684cd,401305630bfa8db3,1,0,0,0,1,single,False,
hotpotqa,5a7e0c0e5542997cc2c4750c,69bb53d3e872a859,1,0,0,0,1,single,False,
hotpotqa,5ab31d4e55429976abd1bc63,17717748354649b7,2,1,0,1,2,chain,False,
hotpotqa,5a7b61d0554299042af8f75a,377b3dcb7778d527,1,0,0,0,1,single,False,
hotpotqa,5ae1ddbd5542997283cd22ac,fda22aeea8af1fe6,2,1,0,1,2,chain,False,
hotpotqa,5a82957755429966c78a6a60,4830b301709a3812,1,0,0,0,1,single,False,
hotpotqa,5aba983455429955dce3ee97,b83f72e11ab57a2c,1,0,0,0,1,single,False,
hotpotqa,5ae5e31b55429929b08079ea,a32ec96035297e92,2,1,0,1,2,chain,False,
hotpotqa,5a77ca3d55429949eeb29f63,63de60021bc30164,1,0,0,0,1,single,False,
hotpotqa,5a7b1c455542992d025e6776,bc39772df7437072,1,0,0,0,1,single,False,
hotpotqa,5ac073a05542996f0d89cbd7,389b507cadd20b38,1,0,0,0,1,single,False,
hotpotqa,5a8b060155429949d91db46b,fa10dc03ed3a06ee,1,0,0,0,1,single,False,
hotpotqa,5a8b38465542995d1e6f1311,3e89017867c1b0b9,1,0,0,0,1,single,False,
hotpotqa,5abbf53f55429931dba145e0,79731237edf0c83a,2,1,0,1,2,chain,False,
hotpotqa,5a8488ed5542997175ce1eef,f70c5c1e7dca3aa2,2,1,0,1,2,chain,False,
hotpotqa,5ab4fd7e5542990594ba9cc2,3ca6b8505fe568fd,1,0,0,0,1,single,False,
hotpotqa,5a8b1f5d55429971feec4642,ce14c88ffc1da68a,2,1,0,1,2,chain,False,
hotpotqa,5abdcdb05542993062266cfc,,0,0,0,-1,0,compile_failed,False,request failed for http://10.200.37.71:8801/v1/chat/completions: ReadTimeout
hotpotqa,5a7b44245542995eb53be8db,2b28190e419b3eac,1,0,0,0,1,single,False,
hotpotqa,5adf92245542992d7e9f939f,f12b29baa6de9faf,2,1,0,1,2,chain,False,
hotpotqa,5a8ce564554299585d9e375b,d0b73a082aab9f98,1,0,0,0,1,single,False,
hotpotqa,5a80a6425542995d8a8ddfbb,a836a5b27538fdc8,1,0,0,0,1,single,False,
hotpotqa,5ae3519b5542994393b9e681,547ed4693ff9209f,1,0,0,0,1,single,False,
hotpotqa,5a7dadf35542990b8f503a2a,f1d0dbe019e24207,1,0,0,0,1,single,False,
hotpotqa,5ae353665542992f92d8227a,3ecf055dc5bba9ea,2,1,0,1,2,chain,False,
hotpotqa,5ab68eef554299710c8d1ec7,98f3d9b7fdf6242a,2,1,0,1,2,chain,False,
hotpotqa,5a74b82b55429974ef308c46,db1163616bb6ef1c,1,0,0,0,1,single,False,
hotpotqa,5ab51cb35542991779162d81,a9db8868d615ec75,1,0,0,0,1,single,False,
hotpotqa,5ade5613554299728e26c6d3,fc1c5d37975560a8,1,0,0,0,1,single,False,
hotpotqa,5ae5a7fd5542992663a4f207,cfdffaf5da61ec3e,1,0,0,0,1,single,False,
hotpotqa,5a82454b554299676cceb240,bd02c14ea2e747f8,1,0,0,0,1,single,False,
hotpotqa,5a8232c055429926c1cdae4d,e75b3649487e422e,2,1,0,1,2,chain,False,
hotpotqa,5abaaac255429901930fa884,515f00c33d8e3ee8,1,0,0,0,1,single,False,
hotpotqa,5a8b82f75542995d1e6f13d2,d4afaae8585dfe1a,2,1,0,1,2,chain,False,
hotpotqa,5a7ba9b5554299294a54aa76,66087c0c1356a835,3,3,0,2,3,complex,True,
hotpotqa,5ac46db3554299204fd21f48,58d7f5d10eda3356,1,0,0,0,1,single,False,
hotpotqa,5abd1c1f5542992ac4f381de,8ce11a362961dfb2,1,0,0,0,1,single,False,
hotpotqa,5a8316a155429954d2e2ec12,462cc50ee0f0ba15,1,0,0,0,1,single,False,
hotpotqa,5add6eb65542992ae4cec563,a426ee460145becb,1,0,0,0,1,single,False,
hotpotqa,5adeb8fb5542995534e8c6e8,8bcdcc97e7ab008c,1,0,0,0,1,single,False,
hotpotqa,5ae0ccd855429924de1b7179,ba6efc1a157ab056,2,1,0,1,2,chain,False,
hotpotqa,5a87a3645542994846c1cdba,f20f7c7607e4eb23,1,0,0,0,1,single,False,
hotpotqa,5ade93125542997c77adee5e,3cb8e7452f9c000f,1,0,0,0,1,single,False,
hotpotqa,5ab61557554299488d4d9aa0,524885eb0f97f5d3,1,0,0,0,1,single,False,
hotpotqa,5ac073135542996f0d89cbd4,fe692169028792cc,1,0,0,0,1,single,False,
hotpotqa,5a8c52e25542995e66a475bc,b0c60312ffa32968,1,0,0,0,1,single,False,
hotpotqa,5a8c4da9554299653c1aa031,b08d3aa270d753d4,1,0,0,0,1,single,False,
hotpotqa,5a8d572d55429941ae14dfab,2dffe281a48d6c6c,1,0,0,0,1,single,False,
hotpotqa,5ae682ab5542996d980e7bba,17aaa266fb0c46dc,1,0,0,0,1,single,False,
hotpotqa,5abdc18755429933744ab81e,c93c15ef88aec6d9,1,0,0,0,1,single,False,
hotpotqa,5a88ee5155429938390d3ff8,dba72fae2fb8d8c1,1,0,0,0,1,single,False,
hotpotqa,5a87e4735542993e715abff9,60a506e8ea5714cd,1,0,0,0,1,single,False,
hotpotqa,5ab990255542996be2020552,534f57483a6792d4,1,0,0,0,1,single,False,
hotpotqa,5a7c8b825542990527d554c9,1bca4386b2af04cd,1,0,0,0,1,single,False,
hotpotqa,5a7f669555429969796c1a31,86d7d21725163391,3,3,0,2,3,complex,True,
hotpotqa,5a8db03b554299068b959da5,8b84dc1a0fb53736,1,0,0,0,1,single,False,
hotpotqa,5ab26b23554299449642c897,d29eea30a8272e5e,1,0,0,0,1,single,False,
hotpotqa,5a7f7f315542992097ad2f8a,1a63abbd4eef7f70,1,0,0,0,1,single,False,
hotpotqa,5ae0362e55429924de1b7063,8a95f08c96a99475,1,0,0,0,1,single,False,
hotpotqa,5ac3c341554299204fd21e3a,d44cc1f85ea05853,1,0,0,0,1,single,False,
hotpotqa,5a7626b35542994ccc9186fa,7a1c456e7168cffa,2,1,0,1,2,chain,False,
hotpotqa,5abc71b655429959677d6abd,ff80649fdaf2882c,1,0,0,0,1,single,False,
hotpotqa,5a7a04d05542990198eaf04a,b06d9da81b8d8a53,2,1,0,1,2,chain,False,
hotpotqa,5a7a39315542994f819ef16c,cee7a459161ff515,2,1,0,1,2,chain,False,
hotpotqa,5abef38e5542993fe9a41db5,28ebc1007f5f30cb,1,0,0,0,1,single,False,
hotpotqa,5ae6a4a35542991bbc976159,10a930be802b3744,2,1,0,1,2,chain,False,
hotpotqa,5ac55b425542993e66e82339,a43575699abbb70f,1,0,0,0,1,single,False,
hotpotqa,5aba2c5a5542994dbf0198bd,7e778cfb1dee5d3a,1,0,0,0,1,single,False,
hotpotqa,5a80747e5542996402f6a52e,c00489df8ba707ea,1,0,0,0,1,single,False,
hotpotqa,5a7ab916554299042af8f69f,4cb5e1ab88aa9223,1,0,0,0,1,single,False,
hotpotqa,5a77065755429972597f1417,db2b0c13c370c72e,1,0,0,0,1,single,False,
hotpotqa,5ab29c11554299706120966d,de7cacb9d2ae26a2,1,0,0,0,1,single,False,
hotpotqa,5abd5e3055429933744ab796,5b4c992231942b43,2,1,0,1,2,chain,False,
hotpotqa,5a8758b45542994846c1cd6f,df9e461ffe84d874,2,1,0,1,2,chain,False,
hotpotqa,5a84b0295542991dd0999d84,ead17ea830744be3,1,0,0,0,1,single,False,
hotpotqa,5a76de0755429972597f13ee,9fb5c46408daa1fe,1,0,0,0,1,single,False,
hotpotqa,5ae13a2b55429920d5234330,258ec2dc68ff0027,1,0,0,0,1,single,False,
hotpotqa,5a78b2bb554299078472773b,ba64694ff7d005ae,2,1,0,1,2,chain,False,
hotpotqa,5ae770c45542997ec2727654,de745dc907993304,1,0,0,0,1,single,False,
hotpotqa,5a7a56725542996c55b2dd5c,a60b0290427d6b8b,2,1,0,1,2,chain,False,
hotpotqa,5ac496b55542996feb3fe8f5,c58e14f581b2d6e2,6,7,0,5,6,complex,True,
hotpotqa,5ae4ac7455429913cc2044c9,7af5bdbf987a8459,1,0,0,0,1,single,False,
hotpotqa,5a76cefb5542994aec3b717f,f6c430342cfd9776,3,3,0,2,3,complex,True,
hotpotqa,5a790644554299078472778e,c3d885c6db2d5507,1,0,0,0,1,single,False,
hotpotqa,5a72d98f5542992359bc31ac,874f9a7baaa2ddf6,1,0,0,0,1,single,False,
hotpotqa,5ac0a50c5542992a796ded4a,97dc224518126eac,1,0,0,0,1,single,False,
hotpotqa,5ab2b89d554299166977406e,9d6b361c166ade44,1,0,0,0,1,single,False,
hotpotqa,5aba8d925542994dbf01993d,c574932804cff4a0,1,0,0,0,1,single,False,
hotpotqa,5ae2bfbb5542992decbdcd92,0bb28aaadd439bd6,1,0,0,0,1,single,False,
hotpotqa,5ae781785542994a481bbd1a,0aab1b8d7d68d49b,1,0,0,0,1,single,False,
hotpotqa,5ab4345255429942dd415edf,ff5730cee52e5e50,1,0,0,0,1,single,False,
hotpotqa,5a7c6a535542996dd594b923,47d49a04c51dc515,1,0,0,0,1,single,False,
hotpotqa,5ae14beb55429920d52343b1,c4e59d7ea5868dfa,1,0,0,0,1,single,False,
hotpotqa,5a7a3adb5542994f819ef176,9b4e7cde2fa70f43,1,0,0,0,1,single,False,
hotpotqa,5ac46ee5554299194317398e,61755212c6b68931,1,0,0,0,1,single,False,
hotpotqa,5ade7ff75542992fa25da79a,a8970fa178f2d21e,1,0,0,0,1,single,False,
hotpotqa,5a7b4f2c55429931da12ca66,5d16c3b2aa8de683,1,0,0,0,1,single,False,
hotpotqa,5a8ce433554299585d9e3757,92ce45cea0680bf2,1,0,0,0,1,single,False,
hotpotqa,5ae260725542996483e64994,1dd5255d015a9068,1,0,0,0,1,single,False,
hotpotqa,5ac3119d554299741d48a1a6,d0f6717cb0d86ee8,1,0,0,0,1,single,False,
hotpotqa,5abb3cd35542992ccd8e7f35,2b717be45e90f1f3,1,0,0,0,1,single,False,
hotpotqa,5a74502c55429979e28828ea,,0,0,0,-1,0,compile_failed,False,request failed for http://10.200.37.71:8801/v1/chat/completions: ReadTimeout
hotpotqa,5a7182465542994082a3e859,4c14b7355508d22a,1,0,0,0,1,single,False,
hotpotqa,5a8c9052554299585d9e36e2,82ee2428765e2a55,1,0,0,0,1,single,False,
hotpotqa,5ae74c245542991bbc9761dd,97b74834947c3e88,1,0,0,0,1,single,False,
hotpotqa,5ae1eba75542997283cd22ee,202b9659674afb52,1,0,0,0,1,single,False,
hotpotqa,5a89f1c855429970aeb701a0,15426982683e88ff,1,0,0,0,1,single,False,
hotpotqa,5ae2afcd5542992decbdcd6f,3110f3a74a2bdc16,1,0,0,0,1,single,False,
hotpotqa,5a763b1055429976ec32bd81,a4caef5d480c4db7,2,1,0,1,2,chain,False,
hotpotqa,5a8669295542991e77181649,b8261c81958cd062,4,3,0,3,4,chain,True,
hotpotqa,5ac2a92c55429967731025e3,c5c7ea4e7d9a3934,1,0,0,0,1,single,False,
hotpotqa,5a7cb7f15542996dd594b9b8,ab81946ca5dec4b9,1,0,0,0,1,single,False,
hotpotqa,5ac50d0755429924173fb588,2c36e2701b7e2584,1,0,0,0,1,single,False,
hotpotqa,5ab940d3554299743d22ea7e,5563bc235ebb7747,1,0,0,0,1,single,False,
hotpotqa,5a8e692f5542990e94052afa,2eacc44166cc0b28,1,0,0,0,1,single,False,
hotpotqa,5ab2412f55429970612095cb,18a2c4984acbe5fe,1,0,0,0,1,single,False,
hotpotqa,5ae771315542997ec2727656,943a4f485fb68ffb,2,1,0,1,2,chain,False,
hotpotqa,5ac2fa5c554299657fa290cb,1c0c7e4485172918,1,0,0,0,1,single,False,
hotpotqa,5a80cb2c55429938b61421e8,9873b77cdeef2c7b,1,0,0,0,1,single,False,
hotpotqa,5a7b032f5542992d025e6736,5318fb3ceb221b34,1,0,0,0,1,single,False,
hotpotqa,5ab72be15542993667793f67,4b7618a0e4ace3af,1,0,0,0,1,single,False,
hotpotqa,5a8afe7c55429971feec45d7,3070d5c64dc32a01,1,0,0,0,1,single,False,
hotpotqa,5ab29858554299194fa93421,e40748d3b61895dc,1,0,0,0,1,single,False,
hotpotqa,5ade86e25542997c77adee44,2a6d673b9ac2eea0,1,0,0,0,1,single,False,
hotpotqa,5a7a3d0c5542990198eaf0f7,f7f50942b7bbce4d,1,0,0,0,1,single,False,
hotpotqa,5abf16075542997ec76fd3b2,c62ad3f6cab239fa,2,1,0,1,2,chain,False,
hotpotqa,5ae1ead75542997f29b3c1a4,ee013c9877c06395,1,0,0,0,1,single,False,
hotpotqa,5a906b4d5542990a98493637,a89df659a5811df0,1,0,0,0,1,single,False,
hotpotqa,5a83541d5542996488c2e411,4b8b88db90f4d66f,1,0,0,0,1,single,False,
hotpotqa,5a77cb9055429949eeb29f66,da5557772ae9c16f,1,0,0,0,1,single,False,
hotpotqa,5a8506305542997175ce1f75,6b94e9e4bd40ca31,1,0,0,0,1,single,False,
hotpotqa,5ab85f9a55429919ba4e22d0,b95fc4fc29846264,1,0,0,0,1,single,False,
hotpotqa,5ade120955429939a52fe7e9,0ea91b87a353230e,1,0,0,0,1,single,False,
hotpotqa,5abff79a5542997d64295975,22e4e905e1d35716,1,0,0,0,1,single,False,
hotpotqa,5a7cf9fd55429907fabef07d,158fd2c2b0a08a09,1,0,0,0,1,single,False,
hotpotqa,5a8c5d795542995e66a475d4,2114d0404de585f3,1,0,0,0,1,single,False,
hotpotqa,5a85c80c5542991dd0999e95,564ed96d53c36806,1,0,0,0,1,single,False,
hotpotqa,5a88a2575542997e5c09a655,bad70370a6133f6e,2,1,0,1,2,chain,False,
hotpotqa,5abeae7d5542994516f453ec,ff926f181861e6e5,1,0,0,0,1,single,False,
hotpotqa,5a87ed9d5542993e715ac011,,0,0,0,-1,0,compile_failed,False,request failed for http://10.200.37.71:8801/v1/chat/completions: ReadTimeout
hotpotqa,5ac049a65542997d642959f0,b554457046d768cc,2,1,0,1,2,chain,False,
hotpotqa,5a7328d65542991f9a20c65d,33a99d720f341b63,1,0,0,0,1,single,False,
hotpotqa,5a751ea755429916b016426e,2f462f974b970d11,1,0,0,0,1,single,False,
hotpotqa,5ab87f2e55429916710eb071,846e339dd9803ab1,2,1,0,1,2,chain,False,
hotpotqa,5ae1f0a95542994d89d5b2d6,a234265c087d6969,1,0,0,0,1,single,False,
hotpotqa,5ab740aa5542992aa3b8c7fe,cc9fcd37b60b7957,2,1,0,1,2,chain,False,
hotpotqa,5ab418635542991751b4d653,b78eed8a6304abe4,1,0,0,0,1,single,False,
hotpotqa,5abeba7a5542994516f45406,367ed043bfdbaee8,1,0,0,0,1,single,False,
hotpotqa,5ae7d76c5542993210983f83,e62b0fe847d652ac,1,0,0,0,1,single,False,
hotpotqa,5add52965542990dbb2f7e2b,21fb4c1e1ee56047,1,0,0,0,1,single,False,
hotpotqa,5ae20c865542997283cd236f,5729cfd977978084,1,0,0,0,1,single,False,
hotpotqa,5ac21cd05542992f1f2b3803,79f1fba22495efd8,2,1,0,1,2,chain,False,
hotpotqa,5add29535542992c1e3a2547,76b1b8396622bd9c,1,0,0,0,1,single,False,
hotpotqa,5a76149c5542992d0ec06027,16a5af8923c01b3e,1,0,0,0,1,single,False,
hotpotqa,5ab8f0cd5542991b5579f069,61aeae2c044d6573,1,0,0,0,1,single,False,
hotpotqa,5abf98995542994516f454cd,23ae8c0566d76531,1,0,0,0,1,single,False,
hotpotqa,5ab3405355429969a97a8111,215834950d141a75,1,0,0,0,1,single,False,
hotpotqa,5adf90165542995ec70e903c,7aff123d09799b1c,1,0,0,0,1,single,False,
hotpotqa,5ae80912554299540e5a56f5,9159ed4bbdf36a64,1,0,0,0,1,single,False,
hotpotqa,5abed6e55542990832d3a0f0,e459383117240c50,1,0,0,0,1,single,False,
hotpotqa,5ae229ff5542996483e64918,ec9ca45afa22142f,1,0,0,0,1,single,False,
hotpotqa,5adce23c5542992c1e3a245d,b9e97c6582ba7056,1,0,0,0,1,single,False,
hotpotqa,5a722bf155429971e9dc932a,0848ac6e27b710cf,1,0,0,0,1,single,False,
hotpotqa,5a74632755429979e2882934,72b99e3140ea78a4,1,0,0,0,1,single,False,
hotpotqa,5a89e7b75542992e4fca846b,,0,0,0,-1,0,compile_failed,False,request failed for http://10.200.37.71:8801/v1/chat/completions: ReadTimeout
hotpotqa,5ac02619554299012d1db5be,ef4f41208509686d,2,1,0,1,2,chain,False,
hotpotqa,5ab273be554299722f9b4d30,1fa5e94f5d14f8ce,1,0,0,0,1,single,False,
hotpotqa,5a8cdaba554299585d9e3745,3b0eb0f403b07f7c,1,0,0,0,1,single,False,
hotpotqa,5ae0c4bb55429945ae959447,33a6e28aaeddcb63,1,0,0,0,1,single,False,
hotpotqa,5a883a2f5542994846c1ce43,,0,0,0,-1,0,compile_failed,False,request failed for http://10.200.37.71:8801/v1/chat/completions: ReadTimeout
hotpotqa,5aba0d185542994dbf01989e,217a37e1366724f0,1,0,0,0,1,single,False,
hotpotqa,5ade802f5542992fa25da79c,ac589d04a3a2997e,1,0,0,0,1,single,False,
hotpotqa,5a79c2c95542994bb9457070,63f6463f9d8f506d,1,0,0,0,1,single,False,
hotpotqa,5a83c8d2554299123d8c21b7,a589ae8a799cbbd1,2,1,0,1,2,chain,False,
hotpotqa,5ae36ce25542991a06ce99c1,8b1c3c5fe67a6b14,1,0,0,0,1,single,False,
hotpotqa,5ac024c45542992a796deca3,bf919c2c00fb24c9,1,0,0,0,1,single,False,
hotpotqa,5a72a5c15542991f9a20c551,810a6b19248120a6,2,1,0,1,2,chain,False,
hotpotqa,5a81e49e55429926c1cdadb2,cbe5c9c46732732e,1,0,0,0,1,single,False,
hotpotqa,5a7f5a2155429969796c1a0a,6194d5217b37b37d,1,0,0,0,1,single,False,
hotpotqa,5a7791ae5542992a6e59df00,2943efefdec8b233,1,0,0,0,1,single,False,
hotpotqa,5ac48006554299204fd21f66,4058705a343badcd,2,1,0,1,2,chain,False,
hotpotqa,5a90b63255429916514e7529,a2d913b378d8269a,1,0,0,0,1,single,False,
hotpotqa,5a89dd6d554299669944a5e4,56754fc5e62d9e5d,1,0,0,0,1,single,False,
hotpotqa,5ae7e912554299540e5a568d,235b601dfbe9f73d,1,0,0,0,1,single,False,
hotpotqa,5a834d1655429954d2e2ec87,fc4ba62eb3dfa569,1,0,0,0,1,single,False,
hotpotqa,5a7cb0605542996dd594b988,,0,0,0,-1,0,compile_failed,False,request failed for http://10.200.37.71:8801/v1/chat/completions: ReadTimeout
hotpotqa,5ab3b93e554299233954ff96,56cdc38946b4d414,1,0,0,0,1,single,False,
hotpotqa,5ac1161f554299012d1db693,42fb7c4db34e6b64,2,1,0,1,2,chain,False,
hotpotqa,5ac194255542991316484b3f,42828faa0061e5af,1,0,0,0,1,single,False,
hotpotqa,5a78e1e2554299029c4b5ec4,401e10b7286ff3eb,1,0,0,0,1,single,False,
hotpotqa,5ac39b2f5542993915413811,8c953ba072570be3,2,1,0,1,2,chain,False,
hotpotqa,5ab5f5ef554299110f219997,4621dd6145a4549b,1,0,0,0,1,single,False,
hotpotqa,5ae30bfb55429928c42395c7,751dfac673e7a710,1,0,0,0,1,single,False,
hotpotqa,5ae5e40d5542993aec5ec1f1,,0,0,0,-1,0,compile_failed,False,request failed for http://10.200.37.71:8801/v1/chat/completions: ReadTimeout
hotpotqa,5ae086545542993d6555eb92,487622b9da70d0fe,1,0,0,0,1,single,False,
hotpotqa,5adceb2b5542994d58a2f715,c5dc76bf2f98109e,1,0,0,0,1,single,False,
hotpotqa,5a8b1e2355429971feec4641,1342a60f8df4a97d,1,0,0,0,1,single,False,
hotpotqa,5adf9abd5542992d7e9f93b4,0d336beda9b189f1,2,1,0,1,2,chain,False,
hotpotqa,5add4d0c5542997545bbbd24,e6e04034864810be,1,0,0,0,1,single,False,
hotpotqa,5ab53a4f554299637185c51b,9c81f85112c54933,1,0,0,0,1,single,False,
hotpotqa,5ae18b7a554299234fd0428a,16bb09a42e214bab,1,0,0,0,1,single,False,
hotpotqa,5abb333155429939ce03dda4,af98d67f11309759,1,0,0,0,1,single,False,
hotpotqa,5ae4cfd75542990ba0bbb153,b289e9daa368264f,1,0,0,0,1,single,False,
hotpotqa,5a8e03f05542995085b3737a,b373f20ab6b42e36,1,0,0,0,1,single,False,
hotpotqa,5a84a1975542997b5ce3fef2,5303f2ee109b6576,1,0,0,0,1,single,False,
hotpotqa,5a735b845542991f29ee2dae,fb58aaf2b6810913,1,0,0,0,1,single,False,
hotpotqa,5a83042d55429966c78a6ae9,5af689447d54f4df,1,0,0,0,1,single,False,
hotpotqa,5a7c2754554299683c1c62d9,d66c145fe50a4916,1,0,0,0,1,single,False,
hotpotqa,5a72d0ba55429901807daf47,5bdef71cd0c12fd9,2,1,0,1,2,chain,False,
hotpotqa,5a8b6c0855429950cd6afcee,c0f25c9c1c3c4b0f,3,2,0,2,3,chain,True,
hotpotqa,5abf0ba45542997719eab638,48303257d9cf6110,1,0,0,0,1,single,False,
hotpotqa,5a77083d5542994aec3b71c7,f04c75f2f3ab69f1,2,1,0,1,2,chain,False,
hotpotqa,5a778e5755429967ab1051fb,bb1cab45fb8a5ee6,1,0,0,0,1,single,False,
hotpotqa,5ae7c14d5542993210983f38,f6eddcc9970cdacf,1,0,0,0,1,single,False,
hotpotqa,5add4e8e5542990dbb2f7e22,8de839bbc333d363,1,0,0,0,1,single,False,
hotpotqa,5ab7c3715542991d322237b1,342babbe5b70c8b6,1,0,0,0,1,single,False,
hotpotqa,5add82fc5542997545bbbd57,bd8ca441291991a1,1,0,0,0,1,single,False,
hotpotqa,5abc85af554299700f9d78e0,1d29a34d178c3e40,1,0,0,0,1,single,False,
hotpotqa,5add3efd5542990dbb2f7df6,c257d6970594dea7,2,1,0,1,2,chain,False,
hotpotqa,5ae44fc25542995dadf24313,3d4a2c75202aa610,2,1,0,1,2,chain,False,
hotpotqa,5ae05dc355429924de1b70bc,357976b619ec2c7b,1,0,0,0,1,single,False,
hotpotqa,5ae4c1f45542995dadf243e6,944ca1ec7292ca83,1,0,0,0,1,single,False,
hotpotqa,5ae27a62554299495565da85,1635ae4298794963,1,0,0,0,1,single,False,
hotpotqa,5ac0f9a9554299294b219062,583c2073b550558d,1,0,0,0,1,single,False,
hotpotqa,5a7e19ee55429965cec5ea59,b2298e935c7ca569,2,1,0,1,2,chain,False,
hotpotqa,5ac4f74955429924173fb520,db20e387ed5f0130,1,0,0,0,1,single,False,
hotpotqa,5ae362a45542992e3233c3ce,af6b1821f77345e0,2,1,0,1,2,chain,False,
hotpotqa,5a8a41885542996c9b8d5e76,69e5095738ae498b,1,0,0,0,1,single,False,
hotpotqa,5a78baa3554299029c4b5e62,5b85d0620f4e601f,1,0,0,0,1,single,False,
hotpotqa,5ab87beb55429934fafe6df6,710f737b24f09136,1,0,0,0,1,single,False,
hotpotqa,5a7c493e5542990527d55484,112d8bb2d371902a,1,0,0,0,1,single,False,
hotpotqa,5a778ab95542995d831811ad,57dfed95d7b992c7,2,1,0,1,2,chain,False,
hotpotqa,5a8f1b5a554299458435d57b,af4889f5e0f376af,1,0,0,0,1,single,False,
hotpotqa,5ab33e9555429969a97a810c,0f543a1336efd275,1,0,0,0,1,single,False,
hotpotqa,5ae3d8d05542992f92d8239b,16a9b560ab73cb77,1,0,0,0,1,single,False,
hotpotqa,5a80f5db554299260e20a1dc,1c9b6463d0288e59,1,0,0,0,1,single,False,
hotpotqa,5ae4784955429913cc204477,b22821d1374c6bae,1,0,0,0,1,single,False,
hotpotqa,5a7277a45542994cef4bc2b7,5f26cafdeb0f3561,1,0,0,0,1,single,False,
hotpotqa,5a8e71a85542990e94052b11,501f0282ef2f1666,1,0,0,0,1,single,False,
hotpotqa,5ae2d1a35542996483e64a7b,dae4f4ee71dc908c,1,0,0,0,1,single,False,
hotpotqa,5ac0d623554299294b219028,00753bc038fe3646,2,1,0,1,2,chain,False,
hotpotqa,5a77775255429967ab1051a5,76c5dd1bcdb7b5c9,1,0,0,0,1,single,False,
hotpotqa,5aba819255429901930fa7ef,6f6ac52e89e7101c,1,0,0,0,1,single,False,
hotpotqa,5ae5d0185542996de7b71a23,e0fa1f47a9a1fa19,2,1,0,1,2,chain,False,
hotpotqa,5ab1e71b554299340b525421,9c2a124d4e2f1a63,1,0,0,0,1,single,False,
hotpotqa,5a8c7511554299653c1aa075,2585bd99177e367a,1,0,0,0,1,single,False,
hotpotqa,5a7340f75542992359bc32ba,4fa35c3cbe269546,2,1,0,1,2,chain,False,
hotpotqa,5a88683c554299206df2b256,e48c29bec29d99ad,1,0,0,0,1,single,False,
hotpotqa,5a76d09c55429966f1a36bf9,f5425d35b17dc84f,2,1,0,1,2,chain,False,
hotpotqa,5a8256f255429940e5e1a85d,7b881dca616bef47,1,0,0,0,1,single,False,
hotpotqa,5a731e375542991f9a20c612,587e41c66d62e6df,1,0,0,0,1,single,False,
hotpotqa,5a908b5855429933b8a20549,d79610f1baf58b5a,1,0,0,0,1,single,False,
hotpotqa,5a8b30695542995d1e6f1301,b9f85ca4d0a9a2a1,1,0,0,0,1,single,False,
hotpotqa,5ab8536755429919ba4e22ab,4bb4856caf93c0d6,1,0,0,0,1,single,False,
hotpotqa,5adf874e5542995ec70e902a,f59d00461de83991,1,0,0,0,1,single,False,
hotpotqa,5a824bd655429940e5e1a838,e550467f82e5397c,1,0,0,0,1,single,False,
hotpotqa,5ae1142f5542990adbacf713,1e5c931a6e6a8e1b,1,0,0,0,1,single,False,
hotpotqa,5aba616f55429955dce3edf6,a083da9c937f5417,1,0,0,0,1,single,False,
hotpotqa,5adead255542992fa25da7fe,6bf8e184c08fd147,1,0,0,0,1,single,False,
hotpotqa,5ab89cbe55429919ba4e2336,db2668d719ee3872,1,0,0,0,1,single,False,
hotpotqa,5ac4f8f655429924173fb52c,2ad7589b62e679d3,2,1,0,1,2,chain,False,
hotpotqa,5ae4bb0b5542996836b02d0e,caddfa8532629a24,1,0,0,0,1,single,False,
hotpotqa,5ae00d62554299025d62a3ca,8ee905b583bd3130,1,0,0,0,1,single,False,
hotpotqa,5ae5e869554299546bf82fb9,553f47bf56b06af0,2,1,0,1,2,chain,False,
hotpotqa,5abdd2405542991f66106050,dc7fb9a14f9cb9c8,1,0,0,0,1,single,False,
hotpotqa,5ab42efe55429942dd415eba,,0,0,0,-1,0,compile_failed,False,request failed for http://10.200.37.71:8801/v1/chat/completions: ReadTimeout
hotpotqa,5a86ee265542994775f60786,819585164c3fd15f,2,1,0,1,2,chain,False,
hotpotqa,5ae206d7554299234fd043b4,cf0ebf8ebef36aa6,1,0,0,0,1,single,False,
hotpotqa,5ab6c1ec554299110f219a61,9681b05b73a8e1ff,1,0,0,0,1,single,False,
hotpotqa,5ae74adc5542991bbc9761da,9287e006945604b0,2,1,0,1,2,chain,False,
hotpotqa,5ac3a6c45542993915413887,c0ae663a20e5640f,1,0,0,0,1,single,False,
hotpotqa,5a7b8c2c55429927d897bfe9,997718596c1d7a36,1,0,0,0,1,single,False,
hotpotqa,5ae7dc49554299540e5a566f,82fb330548db8e21,1,0,0,0,1,single,False,
hotpotqa,5abc10e9554299700f9d77cb,fbdb5cf95c0aacf2,1,0,0,0,1,single,False,
hotpotqa,5a8adabf55429950cd6afbb5,dff02b962e25ccdc,2,1,0,1,2,chain,False,
hotpotqa,5a7cfcbf55429907fabef08e,2409c3920fcd5747,1,0,0,0,1,single,False,
hotpotqa,5ae2bf29554299495565db22,fbeaf1a001c0c8ac,1,0,0,0,1,single,False,
hotpotqa,5a892681554299669944a4ca,05cfd410f989d215,2,1,0,1,2,chain,False,
hotpotqa,5a8173a055429903bc27b970,dc6343ff4b83760f,1,0,0,0,1,single,False,
hotpotqa,5add326f5542994ed6169ccd,faf97ccf401d1c1d,1,0,0,0,1,single,False,
hotpotqa,5ade109a5542997545bbbe3c,10e189348c36109f,1,0,0,0,1,single,False,
hotpotqa,5a7caeb75542990527d554fb,68b5c425d4ef856b,1,0,0,0,1,single,False,
hotpotqa,5ab6d9cd55429953192ad393,26b0f1698ffc8729,1,0,0,0,1,single,False,
hotpotqa,5a7d2b955542995ed0d1661e,79cdafeecd2080cb,1,0,0,0,1,single,False,
hotpotqa,5ae149ce5542990adbacf73b,a8df26e2135f205d,1,0,0,0,1,single,False,
hotpotqa,5a83a4905542990548d0b207,af9b8b677c502105,1,0,0,0,1,single,False,
hotpotqa,5a8671bb554299211dda2b33,40b3060359292581,1,0,0,0,1,single,False,
hotpotqa,5ae750725542991e8301cc5a,,0,0,0,-1,0,compile_failed,False,request failed for http://10.200.37.71:8801/v1/chat/completions: ReadTimeout
hotpotqa,5a7cefe2554299683c1c63e5,4990d1391806af70,1,0,0,0,1,single,False,
hotpotqa,5ae50e0255429908b63264fb,349ef863ff395a9a,1,0,0,0,1,single,False,
hotpotqa,5a8d8f4e554299441c6b9ffe,8c1e4da23a9cfd85,1,0,0,0,1,single,False,
hotpotqa,5a8db4755542994ba4e3dd13,936fbbd5db4f3107,1,0,0,0,1,single,False,
hotpotqa,5a7a3d725542996a35c17155,6580e9ab70d1cf15,1,0,0,0,1,single,False,
hotpotqa,5ae371655542990afbd1e14c,2e6db0d11ced72da,1,0,0,0,1,single,False,
hotpotqa,5adc1353554299438c868d41,7269904856e1594e,1,0,0,0,1,single,False,
hotpotqa,5ae1f52b554299234fd04371,14895dcc1be5c650,1,0,0,0,1,single,False,
hotpotqa,5adcdf6b55429947343537ba,7982118bd2bf50ce,3,2,0,2,3,chain,True,
hotpotqa,5a7778935542997042120a76,f8eec877719730f6,1,0,0,0,1,single,False,
hotpotqa,5abff8355542990832d3a1dd,3aba68ff2958e990,1,0,0,0,1,single,False,
hotpotqa,5ab29382554299545a2cf999,8c36cd660af8126e,2,1,0,1,2,chain,False,
hotpotqa,5a85d2085542997175ce2045,b1c511fd16fad143,1,0,0,0,1,single,False,
hotpotqa,5ae22ad3554299492dc91bcb,3a1d6f8e7a28bb45,2,1,0,1,2,chain,False,
hotpotqa,5a7f86a055429969796c1a90,3ce7631193d7fc01,1,0,0,0,1,single,False,
hotpotqa,5ab7af445542992aa3b8c834,80019e526a850fd8,1,0,0,0,1,single,False,
hotpotqa,5ae2be445542992decbdcd8f,1e1d66bcb51a38e4,1,0,0,0,1,single,False,
hotpotqa,5ac0015c554299012d1db568,58dcd8febd6b72bc,1,0,0,0,1,single,False,
hotpotqa,5ae7918855429952e35ea975,ece54b8d92313b39,2,1,0,1,2,chain,False,
hotpotqa,5ae5117855429908b632650a,b40e05f2a467ebe7,1,0,0,0,1,single,False,
hotpotqa,5a81ab0a5542990a1d231e5d,3c984986c0b6ee69,1,0,0,0,1,single,False,
hotpotqa,5abdb04955429965af743dc1,f2a31753ac537d07,1,0,0,0,1,single,False,
hotpotqa,5a80653f5542996402f6a4ff,41516614a3b80a15,1,0,0,0,1,single,False,
hotpotqa,5ab661af55429954757d3271,a12dc90ae4e934f9,1,0,0,0,1,single,False,
hotpotqa,5a76059155429976ec32bce6,6c34a3dba7b8e548,2,1,0,1,2,chain,False,
hotpotqa,5a8f222d55429924144829e1,eb7c59373cac1bf9,1,0,0,0,1,single,False,
hotpotqa,5adcc848554299473435379a,2a92f95d74867a8e,1,0,0,0,1,single,False,
hotpotqa,5a77526b5542993735360230,2ca862d2b971d098,1,0,0,0,1,single,False,
hotpotqa,5ab9975c55429970cfb8eb54,a909778ca38dfa0a,1,0,0,0,1,single,False,
hotpotqa,5a89e3f3554299669944a5f8,eb1292941ae38a0a,1,0,0,0,1,single,False,
hotpotqa,5ae3586a5542992e3233c391,4cd1f66555372a25,1,0,0,0,1,single,False,
hotpotqa,5ae7d5f75542993210983f76,99e41635709185dd,1,0,0,0,1,single,False,
hotpotqa,5abbd04755429931dba1456e,e00bb510069ade51,1,0,0,0,1,single,False,
hotpotqa,5a78fe86554299078472777a,23eca343ab8ac8c5,1,0,0,0,1,single,False,
hotpotqa,5a888132554299206df2b2c6,c0d79f41ee2afbec,2,1,0,1,2,chain,False,
hotpotqa,5a818f6f5542995ce29dcbff,23f312597e4f36f3,1,0,0,0,1,single,False,
hotpotqa,5a85a05a5542991dd0999e6d,63fc9a784acf8dc2,1,0,0,0,1,single,False,
hotpotqa,5a7291aa5542991f9a20c4f3,a99846c6e64300a1,1,0,0,0,1,single,False,
hotpotqa,5a88de7e5542993b751ca89d,8c139785a887509d,2,1,0,1,2,chain,False,
hotpotqa,5abff23e5542997d6429595e,d996988fbbbf2479,1,0,0,0,1,single,False,
hotpotqa,5a7e063c5542991319bc9420,f768b19c284bede9,1,0,0,0,1,single,False,
hotpotqa,5a8350d55542990548d0b1cc,2d0ff3d0d71323a2,1,0,0,0,1,single,False,
hotpotqa,5a77b0e95542997042120ae4,22741996a05424c8,1,0,0,0,1,single,False,
hotpotqa,5add59265542992200553ac8,c0ff8dd8dc3539e4,1,0,0,0,1,single,False,
hotpotqa,5a77c2635542997042120b1f,51cacf7e9ca81396,1,0,0,0,1,single,False,
hotpotqa,5ae20aad5542997283cd2351,518f1773534f3b74,1,0,0,0,1,single,False,
hotpotqa,5ae80a8b554299540e5a56fe,6f0e1cc50073e005,1,0,0,0,1,single,False,
hotpotqa,5adde12e5542992200553b86,0fe52493a8009d12,1,0,0,0,1,single,False,
hotpotqa,5adde5005542990dbb2f7eee,4be8ac2bc3cec7b2,3,2,0,2,3,chain,True,
hotpotqa,5adc95655542994ed6169b9f,357e38b9fc5903d9,2,1,0,1,2,chain,False,
hotpotqa,5ac0aa66554299012d1db616,5ff517f9f1f43f49,1,0,0,0,1,single,False,
hotpotqa,5ae6c2615542995703ce8b9b,22e2417017063b26,1,0,0,0,1,single,False,
hotpotqa,5abf9fba5542990832d3a16f,1d4ea91f5c08d072,1,0,0,0,1,single,False,
hotpotqa,5ac2bc76554299218029db0a,,0,0,0,-1,0,compile_failed,False,request failed for http://10.200.37.71:8801/v1/chat/completions: ReadTimeout
hotpotqa,5ac22e4b55429951e9e68490,4c154de98dd5ba51,1,0,0,0,1,single,False,
hotpotqa,5ab932d3554299131ca422b8,5b5fb7f5b0e1ee98,1,0,0,0,1,single,False,
hotpotqa,5a86c77a55429960ec39b6c5,334f528141a673ca,1,0,0,0,1,single,False,
hotpotqa,5a758bed5542992d0ec05fb3,fe58865d8d2fcbae,1,0,0,0,1,single,False,
hotpotqa,5ac5622f5542993e66e823c1,caf830e2da116aa5,1,0,0,0,1,single,False,
hotpotqa,5a7bc8c4554299294a54aad2,a57ba11da6358ad9,1,0,0,0,1,single,False,
hotpotqa,5a7ce06655429909bec76862,c84eafb832fbbe91,1,0,0,0,1,single,False,
hotpotqa,5ac0e531554299294b219043,621ac2743b867fc7,1,0,0,0,1,single,False,
hotpotqa,5a7e4b0d554299495941998d,4664043b933b7235,1,0,0,0,1,single,False,
hotpotqa,5add31415542992ae4cec4e3,3ee3094171a2e949,1,0,0,0,1,single,False,
hotpotqa,5a870cdd554299211dda2bba,7707a2d2c459473f,1,0,0,0,1,single,False,
hotpotqa,5adcc5d25542994ed6169bf9,2634bc19300f4fd3,2,1,0,1,2,chain,False,
hotpotqa,5a8d6766554299441c6b9fd3,ce052d0a429223d6,1,0,0,0,1,single,False,
hotpotqa,5a8799285542996e4f308872,910d020598dc0b1a,3,2,0,2,3,chain,True,
hotpotqa,5ae0a89e5542993d6555ebfa,caa909da098d919d,1,0,0,0,1,single,False,
hotpotqa,5abc15d3554299114383a0e1,b0d5994e911e2a89,1,0,0,0,1,single,False,
hotpotqa,5a82fedb55429966c78a6ad6,ddf666df82814854,1,0,0,0,1,single,False,
hotpotqa,5ab810045542990e739ec80e,965fbb9e7e26e7d6,1,0,0,0,1,single,False,
hotpotqa,5a71847d5542994082a3e865,50b6a846efc65277,1,0,0,0,1,single,False,
hotpotqa,5a8450c55542990548d0b276,3ebde85f765c66da,1,0,0,0,1,single,False,
hotpotqa,5a8e64e15542995085b37424,c84ecce22065b395,1,0,0,0,1,single,False,
hotpotqa,5ae3a15e5542992e3233c43e,382e8ca828ce7ba9,1,0,0,0,1,single,False,
hotpotqa,5a8af2dc5542996c9b8d5f7b,50ac6aaf1756d92c,4,4,0,3,4,complex,True,
hotpotqa,5a74e33255429916b0164234,22fe5da201efee70,2,1,0,1,2,chain,False,
hotpotqa,5a773d7055429972597f14c2,efcc813496a69c4c,1,0,0,0,1,single,False,
hotpotqa,5a8991ec5542993b751ca948,3162f989b18ed3d9,1,0,0,0,1,single,False,
hotpotqa,5a7602ed554299109176e5fd,d29a2a7e98189b8e,1,0,0,0,1,single,False,
hotpotqa,5ab206c35542993be8fa98b4,9cda500a885511fc,1,0,0,0,1,single,False,
hotpotqa,5adf6a115542995ec70e8ff8,8296788a07311b2f,1,0,0,0,1,single,False,
hotpotqa,5abb15755542996cc5e49f94,3413919358c31322,1,0,0,0,1,single,False,
hotpotqa,5ab6d5765542995eadef00b4,66f0ef36cbe43cbd,1,0,0,0,1,single,False,
hotpotqa,5a7bdd745542997c3ec97299,2e1b72d8b48c4b6d,2,1,0,1,2,chain,False,
hotpotqa,5add1c5b5542994ed6169c93,499793f4bdae127d,1,0,0,0,1,single,False,
hotpotqa,5a84808b5542997175ce1ecc,f759c069ee9ced12,2,1,0,1,2,chain,False,
hotpotqa,5ae3bbd15542992e3233c465,2f62ce408828c5a8,1,0,0,0,1,single,False,
hotpotqa,5aba903555429901930fa835,b076ef2bc42c8845,1,0,0,0,1,single,False,
hotpotqa,5a7d2ced554299452d57bb46,0ff9552ba0c8cc7a,1,0,0,0,1,single,False,
hotpotqa,5ae764ef5542997b22f6a723,5a430da3f74029f2,1,0,0,0,1,single,False,
hotpotqa,5ae216fe5542997283cd23d1,e27774dc79a31540,1,0,0,0,1,single,False,
hotpotqa,5a900a5a5542995b44242098,9b7700c79d90c263,1,0,0,0,1,single,False,
hotpotqa,5ab50d105542991779162d6b,6f6c59381b997209,1,0,0,0,1,single,False,
hotpotqa,5aba7d4a554299232ef4a301,4910d2a384e6bfc8,1,0,0,0,1,single,False,
hotpotqa,5ab7f0195542995dae37e9fa,760a7d75c79c599a,1,0,0,0,1,single,False,
hotpotqa,5a8263fe55429940e5e1a8a1,9508378630752975,1,0,0,0,1,single,False,
hotpotqa,5a876c1f5542996e4f3087e7,1c6f1c6ba9ae5845,1,0,0,0,1,single,False,
hotpotqa,5a7ca94f5542996dd594b969,7d356a1872bc2649,1,0,0,0,1,single,False,
hotpotqa,5ae780df5542997b22f6a7a0,c70cff8036c90b3d,1,0,0,0,1,single,False,
hotpotqa,5ae5c18a5542990ba0bbb2d0,c8d4a03b51fbce96,1,0,0,0,1,single,False,
hotpotqa,5abbcb8a55429931dba14549,515bb15847054e77,1,0,0,0,1,single,False,
hotpotqa,5a8e42bf5542990e94052a9e,2d4233eea7cb708b,1,0,0,0,1,single,False,
hotpotqa,5ab33ebc554299753aec595f,6c737e56d19a0e77,1,0,0,0,1,single,False,
hotpotqa,5a88e3ea5542993b751ca8b3,d8f74334dfa0408f,2,1,0,1,2,chain,False,
hotpotqa,5a72fbcc5542994cef4bc415,4c297c576a11a73e,2,1,0,1,2,chain,False,
hotpotqa,5addef245542997dc79070c5,a69dcaeee034d919,2,1,0,1,2,chain,False,
hotpotqa,5adee6e15542995ec70e8f40,727a44cd58a55004,2,1,0,1,2,chain,False,
hotpotqa,5adffeac55429942ec259bc6,20412bc83e11d7f5,2,1,0,1,2,chain,False,
hotpotqa,5a7661cf5542992db9473780,,0,0,0,-1,0,compile_failed,False,request failed for http://10.200.37.71:8801/v1/chat/completions: ReadTimeout
hotpotqa,5a7dc96c5542990b8f503aa4,c46f30198dee559e,1,0,0,0,1,single,False,
hotpotqa,5ae7a7565542993210983ed6,c5214e220b622a57,2,1,0,1,2,chain,False,
hotpotqa,5ac50efd55429924173fb58e,df4dc162ee6dd5ed,2,1,0,1,2,chain,False,
hotpotqa,5a800f695542992bc0c4a697,82cfa7f198d2de62,1,0,0,0,1,single,False,
hotpotqa,5ab84dae55429916710eb029,b67c17d13cf4c47f,1,0,0,0,1,single,False,
hotpotqa,5a810f6d55429926c1cdacde,0768528f2d3355d9,1,0,0,0,1,single,False,
hotpotqa,5ab2c033554299545a2cfa53,72de27d9197ba146,2,1,0,1,2,chain,False,
hotpotqa,5a8effd95542997ba9cb3180,45b4b6ea4a337e70,1,0,0,0,1,single,False,
hotpotqa,5ab6c6c655429954757d3370,eac7ced45cd76572,1,0,0,0,1,single,False,
hotpotqa,5addea7e5542995b365fab86,e70fc44b42a5bb5d,1,0,0,0,1,single,False,
hotpotqa,5a7338a25542991f9a20c698,7b67bfb0e73dd183,2,1,0,1,2,chain,False,
hotpotqa,5a8fa8495542992414482b25,ee4f1c4d7f76679b,1,0,0,0,1,single,False,
hotpotqa,5ab778d75542992aa3b8c81c,801866537ce545f6,2,1,0,1,2,chain,False,
hotpotqa,5abcf0f355429959677d6b5a,b46f79fa458a878d,4,4,0,3,4,complex,True,
hotpotqa,5a8a76795542996c9b8d5ef4,256bb45f07628099,1,0,0,0,1,single,False,
hotpotqa,5ac0082a5542997719eab6fd,2f0b09b250e831ad,1,0,0,0,1,single,False,
hotpotqa,5ae56add55429960a22e02f6,dee48606afa028cf,1,0,0,0,1,single,False,
hotpotqa,5a774f7555429972597f14f5,38afcd5c2e45343a,4,4,0,3,4,complex,True,
hotpotqa,5ab92f195542991b5579f122,d26e9dc9c8e68246,1,0,0,0,1,single,False,
hotpotqa,5ab57b68554299488d4d99ad,3fc3fb065112ce19,1,0,0,0,1,single,False,
hotpotqa,5a70f2ce5542994082a3e422,c3789e06a66eb2a8,1,0,0,0,1,single,False,
hotpotqa,5a863c4b55429960ec39b656,45c58cbbf3a29889,1,0,0,0,1,single,False,
hotpotqa,5abd431955429924427fcf55,7d37a00bd1c0b247,1,0,0,0,1,single,False,
hotpotqa,5abee6025542993fe9a41d86,134ea2bc56537c60,2,1,0,1,2,chain,False,
hotpotqa,5ae7b6255542993210983f01,1d44e04f9d7d43c9,1,0,0,0,1,single,False,
hotpotqa,5a8f6728554299458435d60f,b87b304dda1c56da,1,0,0,0,1,single,False,
hotpotqa,5a81e45c5542995ce29dcc68,d02aa4d41bc74735,1,0,0,0,1,single,False,
hotpotqa,5adc90f05542994734353745,530360f9a744c8ee,1,0,0,0,1,single,False,
hotpotqa,5ab272f2554299340b5254cf,2578c3d5f35014d7,1,0,0,0,1,single,False,
hotpotqa,5a7cf37655429909bec768bd,fd4dd4382fcb1111,1,0,0,0,1,single,False,
hotpotqa,5a763e8b5542994ccc918736,65cead9db31009de,1,0,0,0,1,single,False,
hotpotqa,5a891095554299669944a496,6a846b07472b07b0,1,0,0,0,1,single,False,
hotpotqa,5a8ecf6b5542995085b3749b,94b240ec4b65cf79,1,0,0,0,1,single,False,
hotpotqa,5ab5c5f45542992aa134a39d,baf15c9ac687d1a7,2,1,0,1,2,chain,False,
hotpotqa,5ac308ed5542990b17b154fa,a636454215349828,4,3,0,3,4,chain,True,
hotpotqa,5ae4a81c5542995ad6573dff,0d1a6d269cd67f6c,1,0,0,0,1,single,False,
hotpotqa,5adc02545542994650320c4f,8b85b70338d62f92,2,1,0,1,2,chain,False,
hotpotqa,5a906d7b5542990a9849364b,f115c1bc88e66666,2,1,0,1,2,chain,False,
hotpotqa,5ae0e14d5542990adbacf6a7,70c95aee5d332f54,1,0,0,0,1,single,False,
hotpotqa,5ae0e0535542990adbacf69e,039edeea64068c8a,1,0,0,0,1,single,False,
hotpotqa,5ac4e73555429919431739f3,aa967d10c8105da4,2,1,0,1,2,chain,False,
hotpotqa,5adcdd665542994d58a2f707,01c17ab57c8cb806,1,0,0,0,1,single,False,
hotpotqa,5a81a0155542990a1d231e23,2699baad435b5857,1,0,0,0,1,single,False,
hotpotqa,5adcedcd5542992c1e3a24bb,4151fd90552d9945,1,0,0,0,1,single,False,
hotpotqa,5adf89e65542995ec70e9033,6a89456490f9eced,1,0,0,0,1,single,False,
hotpotqa,5a80a2b05542992bc0c4a790,d28321c107105924,1,0,0,0,1,single,False,
hotpotqa,5a8b02a955429971feec45f9,e7b850641f9fadfb,1,0,0,0,1,single,False,
hotpotqa,5adc5c135542996e6852532a,82e478f441f62133,1,0,0,0,1,single,False,
hotpotqa,5ab77e6655429928e1fe385d,9ab790b0e3a86f3f,1,0,0,0,1,single,False,
hotpotqa,5ac55c855542993e66e8234c,4c2c69cdb6620e74,1,0,0,0,1,single,False,
hotpotqa,5a88a3865542997e5c09a662,4536c51a5eb3723c,1,0,0,0,1,single,False,
hotpotqa,5ab7989d5542995dae37e96d,daf3743578c23dbf,1,0,0,0,1,single,False,
hotpotqa,5a7da3405542990b8f5039e1,c1ea361e7df7f98b,2,1,0,1,2,chain,False,
hotpotqa,5a757c215542992d0ec05fa8,fb2f3934ef3e7a17,1,0,0,0,1,single,False,
hotpotqa,5ae7a7515542993210983ed5,ff8eb66653fbdd1a,2,1,0,1,2,chain,False,
hotpotqa,5a7389ff55429978a71e9021,50fffd2f4d2fa78c,1,0,0,0,1,single,False,
hotpotqa,5a7f5f625542994857a7670a,daba2cfe4d0207f3,1,0,0,0,1,single,False,
hotpotqa,5ac2ca46554299657fa29063,9c6fde8454136b05,2,1,0,1,2,chain,False,
hotpotqa,5ae674e45542992ae0d16353,dcd2c11bcb7deac1,1,0,0,0,1,single,False,
hotpotqa,5a7f47375542992e7d278ce0,475718484a04f90d,1,0,0,0,1,single,False,
hotpotqa,5ae11b7f55429901ffe4ad93,b2af518dce54000b,1,0,0,0,1,single,False,
hotpotqa,5abbe37d554299642a094bb7,768f61f1053401fc,1,0,0,0,1,single,False,
hotpotqa,5abfd9525542997719eab6e9,5dcae122a28b0458,1,0,0,0,1,single,False,
hotpotqa,5adc792d55429944faac24e0,317798518bc93589,1,0,0,0,1,single,False,
hotpotqa,5a7f644155429969796c1a27,,0,0,0,-1,0,compile_failed,False,request failed for http://10.200.37.71:8801/v1/chat/completions: ReadTimeout
hotpotqa,5ae0c1d155429906c02dab2e,77b0c1109708e9fe,1,0,0,0,1,single,False,
hotpotqa,5a8c7b71554299240d9c2186,c7c5e471a5394465,1,0,0,0,1,single,False,
hotpotqa,5a876a915542993e715abf31,16405ca6b296dfbe,1,0,0,0,1,single,False,
hotpotqa,5ac13b415542991316484a8a,fdcbe9f6e8e0d1f0,1,0,0,0,1,single,False,
hotpotqa,5a738034554299623ed4abba,1e8de305e9c4359a,2,1,0,1,2,chain,False,
hotpotqa,5ae2d93b55429928c42394fc,9a091f58b5675ab6,1,0,0,0,1,single,False,
hotpotqa,5abd948d55429933744ab7ff,7f77b0c2153a3c9f,1,0,0,0,1,single,False,
hotpotqa,5ac03528554299012d1db5d3,2430c96178529680,2,1,0,1,2,chain,False,
hotpotqa,5ab82bc455429916710eb00b,a5ba6e8c57a5d5af,2,1,0,1,2,chain,False,
hotpotqa,5a84dddb5542991dd0999e04,c1923709a125600f,1,0,0,0,1,single,False,
hotpotqa,5ac11988554299012d1db699,9b8a702e99cc9edb,1,0,0,0,1,single,False,
hotpotqa,5ac527e95542996feb3fea03,8acaa9c8e869c553,1,0,0,0,1,single,False,
hotpotqa,5ae7f4765542993210983fcf,a69307edabab753b,1,0,0,0,1,single,False,
hotpotqa,5ae7cc065542994a481bbde3,b478439a6d296943,1,0,0,0,1,single,False,
hotpotqa,5a908b305542995651fb5185,2efc1ca8b1186743,1,0,0,0,1,single,False,
hotpotqa,5a8f63b85542992414482aa6,90f501bb675354ed,1,0,0,0,1,single,False,
hotpotqa,5ae6205c5542992ae0d16231,5054d0eba96f54d2,1,0,0,0,1,single,False,
hotpotqa,5a821b59554299676cceb217,4c6904ecc209a0f4,1,0,0,0,1,single,False,
hotpotqa,5ae0e1a6554299422ee99540,2f3fcf83995dbd04,1,0,0,0,1,single,False,
hotpotqa,5ac03b61554299012d1db5de,95ac7e00773a5d0c,1,0,0,0,1,single,False,
hotpotqa,5adeb51555429939a52fe968,2a0b13a5aa7384d1,1,0,0,0,1,single,False,
hotpotqa,5a81d9b0554299676cceb0fe,8fc028aca11d822d,1,0,0,0,1,single,False,
hotpotqa,5ac1284b5542996f0d89cc6f,d64bb9cba49f8955,1,0,0,0,1,single,False,
hotpotqa,5ae3ab9e5542992f92d82331,c95e07f9b7ccde76,1,0,0,0,1,single,False,
hotpotqa,5a88436d55429938390d3f0b,ea721f39aeedccf4,2,1,0,1,2,chain,False,
hotpotqa,5ab932fd554299753720f791,cdc28c2cbe05168b,1,0,0,0,1,single,False,
hotpotqa,5ade135b5542990dbb2f7f45,a18d92f1fc2bc5c9,1,0,0,0,1,single,False,
hotpotqa,5abed46d5542994516f45445,aaf8aa91f8a0f261,1,0,0,0,1,single,False,
hotpotqa,5adc766255429947ff17397f,91914b2a03694786,1,0,0,0,1,single,False,
hotpotqa,5ae0fc3e5542990adbacf6fe,8afffb54d1a14073,1,0,0,0,1,single,False,
hotpotqa,5aba70e155429955dce3ee28,3152e6ff99310d7c,2,1,0,1,2,chain,False,
hotpotqa,5a77745d55429967ab10518a,a4a45fbe5d1778f5,1,0,0,0,1,single,False,
hotpotqa,5abe9f935542997ec76fd332,a567782ddd30dfa6,1,0,0,0,1,single,False,
hotpotqa,5ae77a85554299540e5a55c8,1c37664589422a48,1,0,0,0,1,single,False,
hotpotqa,5abbf92455429931dba145f9,e5bbe5f1d68570b9,1,0,0,0,1,single,False,
hotpotqa,5ac1a94455429964131be262,871c6fb2a1418dfd,1,0,0,0,1,single,False,
hotpotqa,5a8b552f55429950cd6afcb5,22651835fa99d381,1,0,0,0,1,single,False,
hotpotqa,5ae3f2fe5542995ad6573ccf,621fbb40d4590ef7,1,0,0,0,1,single,False,
hotpotqa,5a85e02a5542994775f60675,308128016cfb6dc6,1,0,0,0,1,single,False,
hotpotqa,5ae275625542992decbdcd0c,7b75842ec24147f9,1,0,0,0,1,single,False,
hotpotqa,5ab506e25542990594ba9cd8,02154bddd8d6ecea,1,0,0,0,1,single,False,
hotpotqa,5ab885a955429934fafe6e0d,3fa396bb6b294f58,1,0,0,0,1,single,False,
hotpotqa,5ab29d19554299545a2cf9d5,e533e8ac3cf36527,1,0,0,0,1,single,False,
hotpotqa,5a904f705542995651fb5123,fc27f01e8eb62aa6,1,0,0,0,1,single,False,
hotpotqa,5a8c489f5542995e66a47595,6ca2008f73de0704,1,0,0,0,1,single,False,
hotpotqa,5a7620b055429976ec32bd25,7a874c5a99163907,2,1,0,1,2,chain,False,
hotpotqa,5ac131a155429964131be170,01b6e299db432671,1,0,0,0,1,single,False,
hotpotqa,5a8f416a5542992414482a17,6ee9849d92e1d814,1,0,0,0,1,single,False,
hotpotqa,5a7f193e554299306751362b,acca90617a90a6c4,1,0,0,0,1,single,False,
hotpotqa,5ac3ccbd554299204fd21e6a,71103e60cb2ffec3,1,0,0,0,1,single,False,
hotpotqa,5ac243095542994d76dccf01,cb6410773173be48,1,0,0,0,1,single,False,
hotpotqa,5a8765ef5542996e4f3087d2,b245cb311eb7002e,1,0,0,0,1,single,False,
hotpotqa,5a904eaf5542995651fb511b,23f9c421312ffe9b,2,1,0,1,2,chain,False,
hotpotqa,5a7febe95542994857a76851,fcf3ba0b2e001efd,2,1,0,1,2,chain,False,
hotpotqa,5a8863ff55429938390d3f3d,04deacdc84d7aef1,1,0,0,0,1,single,False,
hotpotqa,5a7a9a95554299042af8f678,45d57d62859db357,2,1,0,1,2,chain,False,
hotpotqa,5a7629175542992d0ec06034,4d91e3d9febc5e4b,1,0,0,0,1,single,False,
hotpotqa,5abaf6f95542992ccd8e7e7e,aea71254903e06d8,2,1,0,1,2,chain,False,
hotpotqa,5a89ecee554299669944a623,f9c04baec2d2ae48,1,0,0,0,1,single,False,
hotpotqa,5ab768fc5542995dae37e915,67a2b3e63623e538,1,0,0,0,1,single,False,
hotpotqa,5ab6397f55429953192ad2a9,ccf31aef702f3d9b,1,0,0,0,1,single,False,
hotpotqa,5a8b53cf55429949d91db549,1a020b711a5ed219,1,0,0,0,1,single,False,
hotpotqa,5ae4cc715542990ba0bbb142,4cc07fae16c8605f,1,0,0,0,1,single,False,
hotpotqa,5ac030f3554299294b218f49,30ea7892844906a2,2,1,0,1,2,chain,False,
hotpotqa,5a794c4255429970f5fffe90,8d329d1e931c9140,2,1,0,1,2,chain,False,
hotpotqa,5a904f425542995651fb5122,83ada1a329c7bb3c,1,0,0,0,1,single,False,
hotpotqa,5a7e864e55429949594199f1,c7dd4147de8b2355,1,0,0,0,1,single,False,
hotpotqa,5a8ebfc05542995a26add500,9928dcf962bdcda7,2,1,0,1,2,chain,False,
hotpotqa,5ae628945542992ae0d16254,10973e2f85d081ff,1,0,0,0,1,single,False,
hotpotqa,5a8caa48554299585d9e3710,794405c2c08be710,1,0,0,0,1,single,False,
hotpotqa,5ae0fb765542990adbacf6fc,ca705e93bcfee3ae,1,0,0,0,1,single,False,
hotpotqa,5a87f8be55429938390d3ec7,f41e29141f309466,1,0,0,0,1,single,False,
hotpotqa,5ae021bd554299025d62a422,c8c716aa4ecbfb01,1,0,0,0,1,single,False,
hotpotqa,5ae491275542996836b02cdb,82d9ca6a89761a52,1,0,0,0,1,single,False,
hotpotqa,5a8055bb5542995d8a8ddf69,ef77c19fed460be8,4,6,0,3,4,complex,True,
hotpotqa,5a72aaf35542992359bc315e,86bd6ea38f66620c,1,0,0,0,1,single,False,
hotpotqa,5add360a5542992ae4cec4f0,,0,0,0,-1,0,compile_failed,False,request failed for http://10.200.37.71:8801/v1/chat/completions: ReadTimeout
hotpotqa,5a753e1b55429916b01642b2,1f6ca43285734f4a,1,0,0,0,1,single,False,
hotpotqa,5a72ae1c5542994cef4bc3d4,b8c0fd3a88dd160f,1,0,0,0,1,single,False,
hotpotqa,5a7dc87e5542990b8f503a9b,aef20245245adb33,1,0,0,0,1,single,False,
hotpotqa,5a79ff06554299029c4b5f9b,eb37d8ecb53742b1,1,0,0,0,1,single,False,
hotpotqa,5adeb6b355429939a52fe96b,be92f28c90fd9e2b,1,0,0,0,1,single,False,
hotpotqa,5ae07b9655429945ae959363,8b34104baae38113,1,0,0,0,1,single,False,
hotpotqa,5abdcc6755429965af743e55,8d712012083827de,1,0,0,0,1,single,False,
hotpotqa,5ae59c0955429960a22e030a,cde428e66d25c1aa,1,0,0,0,1,single,False,
hotpotqa,5add2b3f5542992ae4cec4c9,08c54ec46e9fb5ac,1,0,0,0,1,single,False,
hotpotqa,5abc81a3554299700f9d78d9,add34e53697bc148,2,1,0,1,2,chain,False,
hotpotqa,5a8f651e554299458435d60d,f6e7000393c887db,2,1,0,1,2,chain,False,
hotpotqa,5a78ba96554299029c4b5e61,6d661be46e23ccc4,1,0,0,0,1,single,False,
hotpotqa,5a8902995542995153361260,dc07d839d78cf88d,1,0,0,0,1,single,False,
hotpotqa,5abafed75542992ccd8e7e9c,432b646a74d6716b,1,0,0,0,1,single,False,
hotpotqa,5ae782db55429952e35ea958,479dcf9ab9e120dd,1,0,0,0,1,single,False,
hotpotqa,5a74dc8a5542996c70cfae1e,de701fcfcf3e11b7,1,0,0,0,1,single,False,
hotpotqa,5ae8168d5542994a481bbeb7,0531fb1c0cea4df3,1,0,0,0,1,single,False,
hotpotqa,5ac299aa554299657fa28fcc,6f24c8ac838c11b1,2,1,0,1,2,chain,False,
hotpotqa,5ae766995542997b22f6a72b,b6d241c8e7fe3995,1,0,0,0,1,single,False,
hotpotqa,5abec5805542994516f45430,f2d147b31c2d08d0,1,0,0,0,1,single,False,
hotpotqa,5a7e1b4f5542997cc2c47521,37084db951dae49d,1,0,0,0,1,single,False,
hotpotqa,5a7148435542994082a3e75d,58df037eaa9979bd,1,0,0,0,1,single,False,
hotpotqa,5a7aa7e15542992d025e66e1,4226e18e2b4fb4dd,1,0,0,0,1,single,False,
hotpotqa,5ab4616555429942dd415f2d,a9467a946321adab,2,1,0,1,2,chain,False,
hotpotqa,5ae2b9915542994d89d5b43f,059224142a118c78,1,0,0,0,1,single,False,
hotpotqa,5ae29b975542996483e64a0b,e3830f30665c813c,1,0,0,0,1,single,False,
hotpotqa,5ac43cfe5542997ea680ca36,c9429c65b6deedd0,1,0,0,0,1,single,False,
hotpotqa,5abbb1385542992ccd8e7f73,5d7b6a6f83c6d8fe,1,0,0,0,1,single,False,
hotpotqa,5a8a2da855429930ff3c0cde,0ef8218e1caacdd6,1,0,0,0,1,single,False,
hotpotqa,5ab9d8f95542994dbf01985f,29ca070ad0404a88,2,1,0,1,2,chain,False,
hotpotqa,5a7660ce5542992d0ec060c7,86bedf92a0e0a10e,1,0,0,0,1,single,False,
hotpotqa,5a8b414f55429949d91db50f,adf30b1766f0629c,1,0,0,0,1,single,False,
hotpotqa,5a8215c655429926c1cdae38,92f612330c037b47,2,1,0,1,2,chain,False,
hotpotqa,5ae0eb415542993d6555ec9a,94e9fe6ac714b47e,2,1,0,1,2,chain,False,
hotpotqa,5a88334a5542997e5c09a5a2,8babd19792f0d404,1,0,0,0,1,single,False,
hotpotqa,5ac1ab5d55429963665198dc,3c88e9607ac33dd5,1,0,0,0,1,single,False,
hotpotqa,5ae58be55542993aec5ec1b9,43153c7230426c7a,1,0,0,0,1,single,False,
hotpotqa,5a8f6122554299458435d602,1c6400958b55c8b3,1,0,0,0,1,single,False,
hotpotqa,5ab5db555542992aa134a3af,64a138500073d98f,1,0,0,0,1,single,False,
hotpotqa,5add12c95542992ae4cec44f,bdb9fb82246f4573,2,1,0,1,2,chain,False,
hotpotqa,5a8392b15542990548d0b1e7,0e591597fc2a89b1,1,0,0,0,1,single,False,
hotpotqa,5ac34d63554299741d48a246,d68e3cae80cb2853,2,1,0,1,2,chain,False,
hotpotqa,5ab8a6c555429916710eb0a5,5836bd5589a51565,2,1,0,1,2,chain,False,
hotpotqa,5a7e933c5542994959419a0f,22f91ca244442c06,1,0,0,0,1,single,False,
hotpotqa,5a72abac5542992359bc3161,8dc388f2daaf3350,1,0,0,0,1,single,False,
hotpotqa,5a823f3055429940e5e1a80d,9bbf609755571548,1,0,0,0,1,single,False,
hotpotqa,5addd6ce5542990dbb2f7eab,a4529cf9579caf04,1,0,0,0,1,single,False,
hotpotqa,5adc6ae055429947ff173955,57cfc7651888b802,1,0,0,0,1,single,False,
hotpotqa,5a7ecf4155429930675135e3,ef4b218233ee19ac,1,0,0,0,1,single,False,
hotpotqa,5a7fba5f5542994857a767e0,6649558497f7e2da,1,0,0,0,1,single,False,
hotpotqa,5a8125d5554299260e20a25d,dd14d966437af097,1,0,0,0,1,single,False,
hotpotqa,5ab76fa15542992aa3b8c815,af55304ed84293d6,1,0,0,0,1,single,False,
hotpotqa,5a77cb295542995d831812dd,bd2232a77ea5c136,2,1,0,1,2,chain,False,
hotpotqa,5aba345c554299232ef4a271,63c46c94045f1e80,1,0,0,0,1,single,False,
hotpotqa,5adfda1455429925eb1afabb,96bd5a9e4c8a4f0c,1,0,0,0,1,single,False,
hotpotqa,5addf1975542997dc79070d6,3f51448d5dd27def,1,0,0,0,1,single,False,
hotpotqa,5a7315015542994cef4bc448,a558c29b9fda81bf,1,0,0,0,1,single,False,
hotpotqa,5ac2c0095542990b17b15477,3de6474548e82ea2,2,1,0,1,2,chain,False,
hotpotqa,5a87961e5542996e4f30885d,06a4daad76546617,1,0,0,0,1,single,False,
hotpotqa,5a8d4ec855429941ae14df9d,b73ffed56f82091a,1,0,0,0,1,single,False,
hotpotqa,5ae278f75542996483e649b4,dd81280c31e75430,1,0,0,0,1,single,False,
hotpotqa,5a79b4475542996c55b2dc3c,184ef30293ba4050,1,0,0,0,1,single,False,
hotpotqa,5ac2c4bd5542990b17b15490,440b98a723532424,1,0,0,0,1,single,False,
hotpotqa,5ae337605542994393b9e658,4a52abe584dfe4e4,1,0,0,0,1,single,False,
hotpotqa,5adce4d35542992c1e3a2473,ae83b5b36452d689,1,0,0,0,1,single,False,
hotpotqa,5ab9cf9455429939ce03dc2d,729646c067688b96,1,0,0,0,1,single,False,
hotpotqa,5addf25b5542997545bbbddc,72fec9b493372ea6,1,0,0,0,1,single,False,
hotpotqa,5a81b6785542995ce29dcc44,5b08e3f22e68f136,1,0,0,0,1,single,False,
hotpotqa,5a753a005542996c70cfaeb8,50bd08a3618dfb2d,1,0,0,0,1,single,False,
hotpotqa,5a7343255542992359bc32c6,612deec38bd06e0e,2,1,0,1,2,chain,False,
hotpotqa,5a793cfb5542994bb9456fc8,1147dba063f4bc20,1,0,0,0,1,single,False,
hotpotqa,5a8b2e8e5542995d1e6f12f7,6577e20bea0d768a,1,0,0,0,1,single,False,
hotpotqa,5a810ff7554299260e20a229,556b772aa2b59bc5,3,2,0,2,3,chain,True,
hotpotqa,5a7badd35542997c3ec9724c,ea971cce4a4d1cdb,1,0,0,0,1,single,False,
hotpotqa,5ae71b7e554299572ea546e6,48fa3233b2e791fa,1,0,0,0,1,single,False,
hotpotqa,5a7ddcdf5542995f4f4022dc,5b34cd3ef9f680e5,1,0,0,0,1,single,False,
hotpotqa,5ac3228b5542995ef918c114,d68deca7bf4b04bb,1,0,0,0,1,single,False,
hotpotqa,5a8121a1554299260e20a255,996539a7fc6dafee,2,1,0,1,2,chain,False,
hotpotqa,5a733fbb5542992359bc32b4,464801e79a58be24,1,0,0,0,1,single,False,
hotpotqa,5ae5382c5542992663a4f17d,69498d51f30d455f,3,2,0,2,3,chain,True,
hotpotqa,5adbdcd25542996e68525263,6802bc8c9aa9f7ee,1,0,0,0,1,single,False,
hotpotqa,5a7c32095542996dd594b8c2,89673daa7be7b477,1,0,0,0,1,single,False,
hotpotqa,5a8c8a17554299653c1aa0b4,69e4e37a09d38a61,1,0,0,0,1,single,False,
hotpotqa,5ae14c4955429920d52343b6,fed1b1b45625cec4,1,0,0,0,1,single,False,
hotpotqa,5a901b865542990a9849358b,4700419a3941cc88,1,0,0,0,1,single,False,
hotpotqa,5ae12041554299422ee99606,fdfaa91b9516c152,1,0,0,0,1,single,False,
hotpotqa,5ac2660155429963665199a2,d20ec3c51497928c,1,0,0,0,1,single,False,
hotpotqa,5a7aacb95542992d025e66ec,eb15ce7fdbb2a25f,1,0,0,0,1,single,False,
hotpotqa,5abe8a9455429976d4830b5f,04b7af5b180fe04d,1,0,0,0,1,single,False,
hotpotqa,5ae35fcd5542991a06ce99a6,1bd51d2b5742ba51,1,0,0,0,1,single,False,
hotpotqa,5a8c49a0554299653c1aa022,e3d5e113eae6e22d,1,0,0,0,1,single,False,
hotpotqa,5ac530d35542994611c8b40d,781a29a3e78f50f7,1,0,0,0,1,single,False,
hotpotqa,5ac563555542993e66e823dc,7a790ef8430f23f1,2,1,0,1,2,chain,False,
hotpotqa,5adc8d8b554299473435373f,9438d3176048cc22,1,0,0,0,1,single,False,
hotpotqa,5ab292305542993be8fa9958,0e4cc63702e69512,1,0,0,0,1,single,False,
hotpotqa,5a7a6f3e5542994f819ef1d9,be9b06f3985d26e7,1,0,0,0,1,single,False,
hotpotqa,5a810815554299260e20a20f,754226b0faf29c5c,1,0,0,0,1,single,False,
hotpotqa,5a8c5ec05542995e66a475d6,e1eaee35912436d0,2,1,0,1,2,chain,False,
hotpotqa,5a7fbb015542994857a767e2,58ed3f3e2caf61e3,1,0,0,0,1,single,False,
hotpotqa,5a7d0a5255429909bec76914,a5b996743552e32a,1,0,0,0,1,single,False,
hotpotqa,5ab91f6f554299753720f70c,3be5998efae7461c,2,1,0,1,2,chain,False,
hotpotqa,5adcf1585542994ed6169c23,a99c700607242c02,1,0,0,0,1,single,False,
hotpotqa,5adc10ab554299438c868d25,ec9e2a2e9b1b7633,2,1,0,1,2,chain,False,
hotpotqa,5ade63ff5542992fa25da76c,92198f841da9ab90,1,0,0,0,1,single,False,
hotpotqa,5adc92375542994d58a2f669,0466c74948ea334e,2,1,0,1,2,chain,False,
hotpotqa,5a77ade655429967ab105228,63d96cc18d60b165,1,0,0,0,1,single,False,
hotpotqa,5a7e89c355429949594199fa,c3b080dc4687f33f,1,0,0,0,1,single,False,
hotpotqa,5abd57e955429933744ab77f,a328ed49704dbf8c,2,1,0,1,2,chain,False,
hotpotqa,5ae4ba9255429913cc2044e6,6ad87ee1785f8359,1,0,0,0,1,single,False,
hotpotqa,5ae361425542994393b9e699,36c42d66c0b148f2,1,0,0,0,1,single,False,
hotpotqa,5a8f7e275542997ba9cb3280,0b73d3cb775ef690,1,0,0,0,1,single,False,
hotpotqa,5ac2f980554299657fa290c9,e550f6b7734db865,1,0,0,0,1,single,False,
hotpotqa,5a904a3b55429916514e7466,ebacbf2bc3d89870,1,0,0,0,1,single,False,
hotpotqa,5a75df605542994ccc918645,0914fbd5aa8e64b2,1,0,0,0,1,single,False,
hotpotqa,5a842fab5542996488c2e4fd,f3f089892d874aaf,1,0,0,0,1,single,False,
