question_id,dataset,census_hops,n_slots,eligible_census,in_v12_frozen,v12_hops,v12_hash_match,exposed,primary_candidate,exclusion_reason
00199e40098211ebbdb0ac1f6bf848b6,2wikimultihop,0,1,False,False,,,False,False,no_frozen_plan_snapshot
003f41f80bde11eba7f7acde48001122,2wikimultihop,0,1,False,False,,,False,False,no_frozen_plan_snapshot
004430780bde11eba7f7acde48001122,2wikimultihop,0,1,False,False,,,False,False,no_frozen_plan_snapshot
0069c0220bde11eba7f7acde48001122,2wikimultihop,0,1,False,False,,,False,False,no_frozen_plan_snapshot
008c393e088411ebbd6dac1f6bf848b6,2wikimultihop,0,1,False,False,,,False,False,no_frozen_plan_snapshot
009177c60bdd11eba7f7acde48001122,2wikimultihop,0,1,False,False,,,False,False,no_frozen_plan_snapshot
00a6129c085611ebbd59ac1f6bf848b6,2wikimultihop,0,1,False,False,,,False,False,no_frozen_plan_snapshot
00be0ca20bdb11eba7f7acde48001122,2wikimultihop,0,1,False,False,,,False,False,no_frozen_plan_snapshot
00d22fc208a511ebbd7dac1f6bf848b6,2wikimultihop,0,1,False,False,,,False,False,no_frozen_plan_snapshot
00dd3bd608ac11ebbd82ac1f6bf848b6,2wikimultihop,0,1,False,False,,,False,False,no_frozen_plan_snapshot
00f34c7e088311ebbd6dac1f6bf848b6,2wikimultihop,0,1,False,False,,,False,False,no_frozen_plan_snapshot
00f948500bde11eba7f7acde48001122,2wikimultihop,0,1,False,False,,,False,False,no_frozen_plan_snapshot
0105676c0bdd11eba7f7acde48001122,2wikimultihop,0,1,False,False,,,False,False,no_frozen_plan_snapshot
0105fd120bb011ebab90acde48001122,2wikimultihop,0,1,False,False,,,False,False,no_frozen_plan_snapshot
012077f40bde11eba7f7acde48001122,2wikimultihop,0,1,False,False,,,False,False,no_frozen_plan_snapshot
01293a720bdb11eba7f7acde48001122,2wikimultihop,0,1,False,False,,,False,False,no_frozen_plan_snapshot
0163c021087511ebbd67ac1f6bf848b6,2wikimultihop,3,4,True,True,3,True,True,False,deep_hops_not_shallow
016e5d36096011ebbdafac1f6bf848b6,2wikimultihop,0,1,False,False,,,False,False,no_frozen_plan_snapshot
01758bfb087c11ebbd69ac1f6bf848b6,2wikimultihop,0,1,False,False,,,False,False,no_frozen_plan_snapshot
0176afc7089511ebbd75ac1f6bf848b6,2wikimultihop,0,1,False,False,,,False,False,no_frozen_plan_snapshot
019842fc089111ebbd72ac1f6bf848b6,2wikimultihop,0,1,False,False,,,False,False,no_frozen_plan_snapshot
0198a00a0bdc11eba7f7acde48001122,2wikimultihop,0,1,False,False,,,False,False,no_frozen_plan_snapshot
019bed300bde11eba7f7acde48001122,2wikimultihop,0,1,False,False,,,False,False,no_frozen_plan_snapshot
01a24f1408bd11ebbd89ac1f6bf848b6,2wikimultihop,0,1,False,False,,,False,False,no_frozen_plan_snapshot
01b7e8280bde11eba7f7acde48001122,2wikimultihop,0,1,False,False,,,False,False,no_frozen_plan_snapshot
01c988da08b911ebbd88ac1f6bf848b6,2wikimultihop,0,1,False,False,,,False,False,no_frozen_plan_snapshot
01c9f7960bdb11eba7f7acde48001122,2wikimultihop,0,1,False,False,,,False,False,no_frozen_plan_snapshot
01d02f0a0bde11eba7f7acde48001122,2wikimultihop,0,1,False,False,,,False,False,no_frozen_plan_snapshot
01de6863085b11ebbd5cac1f6bf848b6,2wikimultihop,0,1,False,False,,,False,False,no_frozen_plan_snapshot
01e265d20bdc11eba7f7acde48001122,2wikimultihop,0,1,False,False,,,False,False,no_frozen_plan_snapshot
02102208088011ebbd6cac1f6bf848b6,2wikimultihop,0,1,False,False,,,False,False,no_frozen_plan_snapshot
022a3dd40bdd11eba7f7acde48001122,2wikimultihop,0,1,False,False,,,False,False,no_frozen_plan_snapshot
02323884085611ebbd59ac1f6bf848b6,2wikimultihop,0,1,False,False,,,False,False,no_frozen_plan_snapshot
0234f1ec0bde11eba7f7acde48001122,2wikimultihop,0,1,False,False,,,False,False,no_frozen_plan_snapshot
02428f7e0bb011ebab90acde48001122,2wikimultihop,0,1,False,False,,,False,False,no_frozen_plan_snapshot
025e0636088c11ebbd6fac1f6bf848b6,2wikimultihop,1,2,False,False,,,False,False,no_frozen_plan_snapshot
0277d67808c411ebbd8eac1f6bf848b6,2wikimultihop,-1,0,False,False,,,False,False,no_frozen_plan_snapshot
0277d67a08c411ebbd8eac1f6bf848b6,2wikimultihop,0,1,False,False,,,False,False,no_frozen_plan_snapshot
0290cd840baf11ebab90acde48001122,2wikimultihop,0,1,False,False,,,False,False,no_frozen_plan_snapshot
0296498208f611ebbdaaac1f6bf848b6,2wikimultihop,0,1,False,False,,,False,False,no_frozen_plan_snapshot
02acaafe084e11ebbd56ac1f6bf848b6,2wikimultihop,0,1,False,False,,,False,False,no_frozen_plan_snapshot
02ae4663095611ebbdaeac1f6bf848b6,2wikimultihop,0,1,False,False,,,False,False,no_frozen_plan_snapshot
02b62fce087211ebbd64ac1f6bf848b6,2wikimultihop,0,1,False,False,,,False,False,no_frozen_plan_snapshot
02be5a57088011ebbd6cac1f6bf848b6,2wikimultihop,0,1,False,False,,,False,False,no_frozen_plan_snapshot
02e138da0bde11eba7f7acde48001122,2wikimultihop,0,1,False,False,,,False,False,no_frozen_plan_snapshot
02f574780baf11ebab90acde48001122,2wikimultihop,1,2,False,False,,,False,False,no_frozen_plan_snapshot
0304b53c085d11ebbd5cac1f6bf848b6,2wikimultihop,0,1,False,False,,,False,False,no_frozen_plan_snapshot
0306ad3308fe11ebbdadac1f6bf848b6,2wikimultihop,0,1,False,False,,,False,False,no_frozen_plan_snapshot
0359c18a0bdc11eba7f7acde48001122,2wikimultihop,0,1,False,False,,,False,False,no_frozen_plan_snapshot
037da85d08c611ebbd90ac1f6bf848b6,2wikimultihop,0,1,False,False,,,False,False,no_frozen_plan_snapshot
0388710c095811ebbdaeac1f6bf848b6,2wikimultihop,0,1,False,False,,,False,False,no_frozen_plan_snapshot
038fb14a0bb011ebab90acde48001122,2wikimultihop,0,1,False,False,,,False,False,no_frozen_plan_snapshot
03c63bd8085011ebbd56ac1f6bf848b6,2wikimultihop,0,1,False,False,,,False,False,no_frozen_plan_snapshot
03d651ba0bdb11eba7f7acde48001122,2wikimultihop,0,1,False,False,,,False,False,no_frozen_plan_snapshot
03d7dadb087f11ebbd6bac1f6bf848b6,2wikimultihop,0,1,False,False,,,False,False,no_frozen_plan_snapshot
03e822b00bda11eba7f7acde48001122,2wikimultihop,0,1,False,False,,,False,False,no_frozen_plan_snapshot
0404d0e40bdb11eba7f7acde48001122,2wikimultihop,0,1,False,False,,,False,False,no_frozen_plan_snapshot
04059478085911ebbd5bac1f6bf848b6,2wikimultihop,-1,0,False,False,,,False,False,no_frozen_plan_snapshot
040e79da08b311ebbd85ac1f6bf848b6,2wikimultihop,0,1,False,False,,,False,False,no_frozen_plan_snapshot
0429e4da0bde11eba7f7acde48001122,2wikimultihop,0,1,False,False,,,False,False,no_frozen_plan_snapshot
042bf0e00bde11eba7f7acde48001122,2wikimultihop,0,1,False,False,,,False,False,no_frozen_plan_snapshot
042bf49e0bdb11eba7f7acde48001122,2wikimultihop,0,1,False,False,,,False,False,no_frozen_plan_snapshot
044a6058086d11ebbd61ac1f6bf848b6,2wikimultihop,0,1,False,False,,,False,False,no_frozen_plan_snapshot
0458640a0bdd11eba7f7acde48001122,2wikimultihop,0,1,False,False,,,False,False,no_frozen_plan_snapshot
048f56a80bde11eba7f7acde48001122,2wikimultihop,0,1,False,False,,,False,False,no_frozen_plan_snapshot
048fa24c089711ebbd76ac1f6bf848b6,2wikimultihop,0,1,False,False,,,False,False,no_frozen_plan_snapshot
0495b7fc086411ebbd5eac1f6bf848b6,2wikimultihop,1,2,False,False,,,False,False,no_frozen_plan_snapshot
049f6dbe0bb011ebab90acde48001122,2wikimultihop,0,1,False,False,,,False,False,no_frozen_plan_snapshot
04bde62e085c11ebbd5cac1f6bf848b6,2wikimultihop,0,1,False,False,,,False,False,no_frozen_plan_snapshot
04e1b6760bdb11eba7f7acde48001122,2wikimultihop,2,3,True,True,2,True,True,False,deep_hops_not_shallow
04ef013c086611ebbd5eac1f6bf848b6,2wikimultihop,1,2,False,False,,,False,False,no_frozen_plan_snapshot
0507b29d088c11ebbd6fac1f6bf848b6,2wikimultihop,0,1,False,False,,,False,False,no_frozen_plan_snapshot
050b59380bde11eba7f7acde48001122,2wikimultihop,0,1,False,False,,,False,False,no_frozen_plan_snapshot
050e95bc0bde11eba7f7acde48001122,2wikimultihop,0,1,False,False,,,False,False,no_frozen_plan_snapshot
051f62de0bde11eba7f7acde48001122,2wikimultihop,0,1,False,False,,,False,False,no_frozen_plan_snapshot
0535ede408b211ebbd85ac1f6bf848b6,2wikimultihop,0,1,False,False,,,False,False,no_frozen_plan_snapshot
055a59ba0bda11eba7f7acde48001122,2wikimultihop,0,1,False,False,,,False,False,no_frozen_plan_snapshot
057366eb087311ebbd66ac1f6bf848b6,2wikimultihop,0,1,False,False,,,False,False,no_frozen_plan_snapshot
057eb1db08f711ebbdaaac1f6bf848b6,2wikimultihop,2,3,True,True,2,True,True,False,deep_hops_not_shallow
0585c9aa087f11ebbd6bac1f6bf848b6,2wikimultihop,0,1,False,False,,,False,False,no_frozen_plan_snapshot
05be3f1e0baf11ebab90acde48001122,2wikimultihop,0,1,False,False,,,False,False,no_frozen_plan_snapshot
05befb340baf11ebab90acde48001122,2wikimultihop,0,1,False,False,,,False,False,no_frozen_plan_snapshot
05c006780baf11ebab90acde48001122,2wikimultihop,0,1,False,False,,,False,False,no_frozen_plan_snapshot
05c81d7a0bde11eba7f7acde48001122,2wikimultihop,0,1,False,False,,,False,False,no_frozen_plan_snapshot
05dac2220bde11eba7f7acde48001122,2wikimultihop,0,1,False,False,,,False,False,no_frozen_plan_snapshot
05f3da6d088e11ebbd70ac1f6bf848b6,2wikimultihop,0,1,False,False,,,False,False,no_frozen_plan_snapshot
05f5e11808c211ebbd8bac1f6bf848b6,2wikimultihop,0,1,False,False,,,False,False,no_frozen_plan_snapshot
05f8a691087b11ebbd67ac1f6bf848b6,2wikimultihop,0,1,False,False,,,False,False,no_frozen_plan_snapshot
0625a9900bde11eba7f7acde48001122,2wikimultihop,0,1,False,False,,,False,False,no_frozen_plan_snapshot
062cc2760bb011ebab90acde48001122,2wikimultihop,1,2,False,False,,,False,False,no_frozen_plan_snapshot
064edb0908cd11ebbd93ac1f6bf848b6,2wikimultihop,0,1,False,False,,,False,False,no_frozen_plan_snapshot
067dd55a0bdb11eba7f7acde48001122,2wikimultihop,0,1,False,False,,,False,False,no_frozen_plan_snapshot
06992de80bde11eba7f7acde48001122,2wikimultihop,0,1,False,False,,,False,False,no_frozen_plan_snapshot
06af462b08f011ebbda8ac1f6bf848b6,2wikimultihop,0,1,False,False,,,False,False,no_frozen_plan_snapshot
06bd09480bde11eba7f7acde48001122,2wikimultihop,0,1,False,False,,,False,False,no_frozen_plan_snapshot
06c1bf16087211ebbd64ac1f6bf848b6,2wikimultihop,0,1,False,False,,,False,False,no_frozen_plan_snapshot
06c6e94a0bde11eba7f7acde48001122,2wikimultihop,0,1,False,False,,,False,False,no_frozen_plan_snapshot
06d117e00bb011ebab90acde48001122,2wikimultihop,0,1,False,False,,,False,False,no_frozen_plan_snapshot
06d9b7aa0bde11eba7f7acde48001122,2wikimultihop,0,1,False,False,,,False,False,no_frozen_plan_snapshot
06f3e17d08da11ebbd9cac1f6bf848b6,2wikimultihop,0,1,False,False,,,False,False,no_frozen_plan_snapshot
0701c97c0bdc11eba7f7acde48001122,2wikimultihop,0,1,False,False,,,False,False,no_frozen_plan_snapshot
0704c1220baf11ebab90acde48001122,2wikimultihop,0,1,False,False,,,False,False,no_frozen_plan_snapshot
071266c20bde11eba7f7acde48001122,2wikimultihop,0,1,False,False,,,False,False,no_frozen_plan_snapshot
072f19a00bdb11eba7f7acde48001122,2wikimultihop,0,1,False,False,,,False,False,no_frozen_plan_snapshot
073a6f560bb011ebab90acde48001122,2wikimultihop,0,1,False,False,,,False,False,no_frozen_plan_snapshot
074763cc0bde11eba7f7acde48001122,2wikimultihop,0,1,False,False,,,False,False,no_frozen_plan_snapshot
076288460bde11eba7f7acde48001122,2wikimultihop,0,1,False,False,,,False,False,no_frozen_plan_snapshot
077b294e0bdb11eba7f7acde48001122,2wikimultihop,1,2,False,False,,,False,False,no_frozen_plan_snapshot
078a752a08c011ebbd8aac1f6bf848b6,2wikimultihop,0,1,False,False,,,False,False,no_frozen_plan_snapshot
07b1cc3c0baf11ebab90acde48001122,2wikimultihop,0,1,False,False,,,False,False,no_frozen_plan_snapshot
07bd9bbd08bb11ebbd88ac1f6bf848b6,2wikimultihop,1,2,False,False,,,False,False,no_frozen_plan_snapshot
07e44fbc0bb011ebab90acde48001122,2wikimultihop,0,1,False,False,,,False,False,no_frozen_plan_snapshot
07e50f880bb011ebab90acde48001122,2wikimultihop,1,2,False,False,,,False,False,no_frozen_plan_snapshot
07f908b20bdd11eba7f7acde48001122,2wikimultihop,0,1,False,False,,,False,False,no_frozen_plan_snapshot
0819ed1e086211ebbd5dac1f6bf848b6,2wikimultihop,0,1,False,False,,,False,False,no_frozen_plan_snapshot
081c7c960bda11eba7f7acde48001122,2wikimultihop,0,1,False,False,,,False,False,no_frozen_plan_snapshot
0821c5fd08f611ebbdaaac1f6bf848b6,2wikimultihop,1,2,False,False,,,False,False,no_frozen_plan_snapshot
08227b740bde11eba7f7acde48001122,2wikimultihop,0,1,False,False,,,False,False,no_frozen_plan_snapshot
0828fdc2086011ebbd5dac1f6bf848b6,2wikimultihop,0,1,False,False,,,False,False,no_frozen_plan_snapshot
083ac2cb08db11ebbd9cac1f6bf848b6,2wikimultihop,0,1,False,False,,,False,False,no_frozen_plan_snapshot
083c32760bde11eba7f7acde48001122,2wikimultihop,0,1,False,False,,,False,False,no_frozen_plan_snapshot
083d0aa808a411ebbd7cac1f6bf848b6,2wikimultihop,0,1,False,False,,,False,False,no_frozen_plan_snapshot
084810780bde11eba7f7acde48001122,2wikimultihop,0,1,False,False,,,False,False,no_frozen_plan_snapshot
084c53d20bdd11eba7f7acde48001122,2wikimultihop,0,1,False,False,,,False,False,no_frozen_plan_snapshot
084f3ebf095611ebbdaeac1f6bf848b6,2wikimultihop,0,1,False,False,,,False,False,no_frozen_plan_snapshot
0856e5d4085b11ebbd5cac1f6bf848b6,2wikimultihop,0,1,False,False,,,False,False,no_frozen_plan_snapshot
085e01bc0bde11eba7f7acde48001122,2wikimultihop,0,1,False,False,,,False,False,no_frozen_plan_snapshot
0861ce8a087a11ebbd67ac1f6bf848b6,2wikimultihop,0,1,False,False,,,False,False,no_frozen_plan_snapshot
0864c8b40baf11ebab90acde48001122,2wikimultihop,0,1,False,False,,,False,False,no_frozen_plan_snapshot
08790c94087511ebbd67ac1f6bf848b6,2wikimultihop,0,1,False,False,,,False,False,no_frozen_plan_snapshot
087b9501099511ebbdb0ac1f6bf848b6,2wikimultihop,0,1,False,False,,,False,False,no_frozen_plan_snapshot
0880c3740bb011ebab90acde48001122,2wikimultihop,1,2,False,False,,,False,False,no_frozen_plan_snapshot
089aff34086111ebbd5dac1f6bf848b6,2wikimultihop,0,1,False,False,,,False,False,no_frozen_plan_snapshot
08b1888a089811ebbd77ac1f6bf848b6,2wikimultihop,0,1,False,False,,,False,False,no_frozen_plan_snapshot
08b4d30e08d511ebbd98ac1f6bf848b6,2wikimultihop,0,1,False,False,,,False,False,no_frozen_plan_snapshot
08cd9d6408ba11ebbd88ac1f6bf848b6,2wikimultihop,0,1,False,False,,,False,False,no_frozen_plan_snapshot
08cfd9c4090111ebbdadac1f6bf848b6,2wikimultihop,0,1,False,False,,,False,False,no_frozen_plan_snapshot
08dc39f3088611ebbd6dac1f6bf848b6,2wikimultihop,0,1,False,False,,,False,False,no_frozen_plan_snapshot
08e7eb340bde11eba7f7acde48001122,2wikimultihop,0,1,False,False,,,False,False,no_frozen_plan_snapshot
08fe2b440bdc11eba7f7acde48001122,2wikimultihop,0,1,False,False,,,False,False,no_frozen_plan_snapshot
09028c0e0bda11eba7f7acde48001122,2wikimultihop,0,1,False,False,,,False,False,no_frozen_plan_snapshot
0923e15e0bdc11eba7f7acde48001122,2wikimultihop,0,1,False,False,,,False,False,no_frozen_plan_snapshot
0926667308d011ebbd95ac1f6bf848b6,2wikimultihop,0,1,False,False,,,False,False,no_frozen_plan_snapshot
0941e98b08b511ebbd88ac1f6bf848b6,2wikimultihop,0,1,False,False,,,False,False,no_frozen_plan_snapshot
094c02a40bde11eba7f7acde48001122,2wikimultihop,0,1,False,False,,,False,False,no_frozen_plan_snapshot
094dfa56086311ebbd5eac1f6bf848b6,2wikimultihop,0,1,False,False,,,False,False,no_frozen_plan_snapshot
096205a508f711ebbdaaac1f6bf848b6,2wikimultihop,0,1,False,False,,,False,False,no_frozen_plan_snapshot
0983b07c0bda11eba7f7acde48001122,2wikimultihop,0,1,False,False,,,False,False,no_frozen_plan_snapshot
0984e6aa0bde11eba7f7acde48001122,2wikimultihop,0,1,False,False,,,False,False,no_frozen_plan_snapshot
0988901808b211ebbd85ac1f6bf848b6,2wikimultihop,0,1,False,False,,,False,False,no_frozen_plan_snapshot
098d51b20bdb11eba7f7acde48001122,2wikimultihop,0,1,False,False,,,False,False,no_frozen_plan_snapshot
099c20b80bde11eba7f7acde48001122,2wikimultihop,0,1,False,False,,,False,False,no_frozen_plan_snapshot
09aa4e1a0bdc11eba7f7acde48001122,2wikimultihop,0,1,False,False,,,False,False,no_frozen_plan_snapshot
09b7d46a0bda11eba7f7acde48001122,2wikimultihop,0,1,False,False,,,False,False,no_frozen_plan_snapshot
09c1b6840bde11eba7f7acde48001122,2wikimultihop,0,1,False,False,,,False,False,no_frozen_plan_snapshot
09e3f8ac0bde11eba7f7acde48001122,2wikimultihop,0,1,False,False,,,False,False,no_frozen_plan_snapshot
0a12f704085e11ebbd5cac1f6bf848b6,2wikimultihop,0,1,False,False,,,False,False,no_frozen_plan_snapshot
0a2d55960bda11eba7f7acde48001122,2wikimultihop,0,1,False,False,,,False,False,no_frozen_plan_snapshot
0a576b1b08ab11ebbd81ac1f6bf848b6,2wikimultihop,0,1,False,False,,,False,False,no_frozen_plan_snapshot
0a59ce0a08b711ebbd88ac1f6bf848b6,2wikimultihop,0,1,False,False,,,False,False,no_frozen_plan_snapshot
0a630db408c211ebbd8bac1f6bf848b6,2wikimultihop,0,1,False,False,,,False,False,no_frozen_plan_snapshot
0a6484280bb011ebab90acde48001122,2wikimultihop,0,1,False,False,,,False,False,no_frozen_plan_snapshot
0a6f4b240bb011ebab90acde48001122,2wikimultihop,0,1,False,False,,,False,False,no_frozen_plan_snapshot
0aa2a62308e511ebbda4ac1f6bf848b6,2wikimultihop,3,4,True,True,3,True,True,False,deep_hops_not_shallow
0ac9f0ec08ec11ebbda7ac1f6bf848b6,2wikimultihop,0,1,False,False,,,False,False,no_frozen_plan_snapshot
0adc72c408b511ebbd88ac1f6bf848b6,2wikimultihop,0,1,False,False,,,False,False,no_frozen_plan_snapshot
0ade3c6a0baf11ebab90acde48001122,2wikimultihop,0,1,False,False,,,False,False,no_frozen_plan_snapshot
0ae33a4a0bdb11eba7f7acde48001122,2wikimultihop,0,1,False,False,,,False,False,no_frozen_plan_snapshot
0b1244de0bdb11eba7f7acde48001122,2wikimultihop,1,2,False,False,,,False,False,no_frozen_plan_snapshot
0b5b03c2089d11ebbd78ac1f6bf848b6,2wikimultihop,0,1,False,False,,,False,False,no_frozen_plan_snapshot
0b67e74308b411ebbd87ac1f6bf848b6,2wikimultihop,1,2,False,False,,,False,False,no_frozen_plan_snapshot
0b6d8d0c08da11ebbd9cac1f6bf848b6,2wikimultihop,0,1,False,False,,,False,False,no_frozen_plan_snapshot
0b86c27208c611ebbd90ac1f6bf848b6,2wikimultihop,4,5,True,True,4,True,True,False,deep_hops_not_shallow
0ba11cfd084a11ebbd55ac1f6bf848b6,2wikimultihop,0,1,False,False,,,False,False,no_frozen_plan_snapshot
0ba80d960bdd11eba7f7acde48001122,2wikimultihop,0,1,False,False,,,False,False,no_frozen_plan_snapshot
0bb1aa2e08a711ebbd7fac1f6bf848b6,2wikimultihop,0,1,False,False,,,False,False,no_frozen_plan_snapshot
0bcf24c0089b11ebbd78ac1f6bf848b6,2wikimultihop,0,1,False,False,,,False,False,no_frozen_plan_snapshot
0bcf6de3093911ebbdaeac1f6bf848b6,2wikimultihop,4,5,True,True,2,False,False,False,deep_hops_not_shallow
0beb61ca0bda11eba7f7acde48001122,2wikimultihop,0,1,False,False,,,False,False,no_frozen_plan_snapshot
0c13a2ca088811ebbd6eac1f6bf848b6,2wikimultihop,1,2,False,False,,,False,False,no_frozen_plan_snapshot
0c1dfa940bdb11eba7f7acde48001122,2wikimultihop,0,1,False,False,,,False,False,no_frozen_plan_snapshot
0c451a980bdb11eba7f7acde48001122,2wikimultihop,0,1,False,False,,,False,False,no_frozen_plan_snapshot
0c4fe84c08d911ebbd9cac1f6bf848b6,2wikimultihop,0,1,False,False,,,False,False,no_frozen_plan_snapshot
0c585dbc0bde11eba7f7acde48001122,2wikimultihop,0,1,False,False,,,False,False,no_frozen_plan_snapshot
0c5c1133089611ebbd75ac1f6bf848b6,2wikimultihop,0,1,False,False,,,False,False,no_frozen_plan_snapshot
0c99f25808b011ebbd84ac1f6bf848b6,2wikimultihop,0,1,False,False,,,False,False,no_frozen_plan_snapshot
0cba513608e411ebbda4ac1f6bf848b6,2wikimultihop,0,1,False,False,,,False,False,no_frozen_plan_snapshot
0cbe10860bb011ebab90acde48001122,2wikimultihop,0,1,False,False,,,False,False,no_frozen_plan_snapshot
0cc33f200bdd11eba7f7acde48001122,2wikimultihop,0,1,False,False,,,False,False,no_frozen_plan_snapshot
0cc593140bde11eba7f7acde48001122,2wikimultihop,0,1,False,False,,,False,False,no_frozen_plan_snapshot
0cc5c45c0bb011ebab90acde48001122,2wikimultihop,1,2,False,False,,,False,False,no_frozen_plan_snapshot
0ccfc77808c611ebbd90ac1f6bf848b6,2wikimultihop,0,1,False,False,,,False,False,no_frozen_plan_snapshot
0cdb8dfb086811ebbd5eac1f6bf848b6,2wikimultihop,0,1,False,False,,,False,False,no_frozen_plan_snapshot
0cde5033087011ebbd62ac1f6bf848b6,2wikimultihop,0,1,False,False,,,False,False,no_frozen_plan_snapshot
0ce627320bde11eba7f7acde48001122,2wikimultihop,0,1,False,False,,,False,False,no_frozen_plan_snapshot
0d086c4f089511ebbd75ac1f6bf848b6,2wikimultihop,0,1,False,False,,,False,False,no_frozen_plan_snapshot
0d485fb00bde11eba7f7acde48001122,2wikimultihop,0,1,False,False,,,False,False,no_frozen_plan_snapshot
0d6f9f400bb011ebab90acde48001122,2wikimultihop,0,1,False,False,,,False,False,no_frozen_plan_snapshot
0d72c2660baf11ebab90acde48001122,2wikimultihop,0,1,False,False,,,False,False,no_frozen_plan_snapshot
0d77cf5a0bdb11eba7f7acde48001122,2wikimultihop,0,1,False,False,,,False,False,no_frozen_plan_snapshot
0d836ca60baf11ebab90acde48001122,2wikimultihop,1,2,False,False,,,False,False,no_frozen_plan_snapshot
0db2574e0bde11eba7f7acde48001122,2wikimultihop,0,1,False,False,,,False,False,no_frozen_plan_snapshot
0db3321208d311ebbd96ac1f6bf848b6,2wikimultihop,0,1,False,False,,,False,False,no_frozen_plan_snapshot
0dbe9e70086c11ebbd60ac1f6bf848b6,2wikimultihop,0,1,False,False,,,False,False,no_frozen_plan_snapshot
0dd34927090011ebbdadac1f6bf848b6,2wikimultihop,0,1,False,False,,,False,False,no_frozen_plan_snapshot
0dfb58240bdc11eba7f7acde48001122,2wikimultihop,0,1,False,False,,,False,False,no_frozen_plan_snapshot
0dfb89600bdd11eba7f7acde48001122,2wikimultihop,0,1,False,False,,,False,False,no_frozen_plan_snapshot
0dfe41f60bdc11eba7f7acde48001122,2wikimultihop,0,1,False,False,,,False,False,no_frozen_plan_snapshot
0e0ce7c8084f11ebbd56ac1f6bf848b6,2wikimultihop,0,1,False,False,,,False,False,no_frozen_plan_snapshot
0e15d68608d511ebbd98ac1f6bf848b6,2wikimultihop,0,1,False,False,,,False,False,no_frozen_plan_snapshot
0e5e54c908c211ebbd8bac1f6bf848b6,2wikimultihop,0,1,False,False,,,False,False,no_frozen_plan_snapshot
0e792d34087c11ebbd69ac1f6bf848b6,2wikimultihop,0,1,False,False,,,False,False,no_frozen_plan_snapshot
0eb54158087b11ebbd67ac1f6bf848b6,2wikimultihop,0,1,False,False,,,False,False,no_frozen_plan_snapshot
0eb5ac600bdc11eba7f7acde48001122,2wikimultihop,0,1,False,False,,,False,False,no_frozen_plan_snapshot
0eb9e92e0bdc11eba7f7acde48001122,2wikimultihop,0,1,False,False,,,False,False,no_frozen_plan_snapshot
0ecb27fa0bde11eba7f7acde48001122,2wikimultihop,0,1,False,False,,,False,False,no_frozen_plan_snapshot
0ed5ae7108b711ebbd88ac1f6bf848b6,2wikimultihop,0,1,False,False,,,False,False,no_frozen_plan_snapshot
0edb7c860bde11eba7f7acde48001122,2wikimultihop,0,1,False,False,,,False,False,no_frozen_plan_snapshot
0ee18e960bde11eba7f7acde48001122,2wikimultihop,0,1,False,False,,,False,False,no_frozen_plan_snapshot
0f0c6f320bdc11eba7f7acde48001122,2wikimultihop,0,1,False,False,,,False,False,no_frozen_plan_snapshot
0f104449087311ebbd66ac1f6bf848b6,2wikimultihop,0,1,False,False,,,False,False,no_frozen_plan_snapshot
0f15e3e40bde11eba7f7acde48001122,2wikimultihop,2,3,True,True,2,True,True,False,deep_hops_not_shallow
0f1f491c088611ebbd6dac1f6bf848b6,2wikimultihop,0,1,False,False,,,False,False,no_frozen_plan_snapshot
0f64620c08dd11ebbd9dac1f6bf848b6,2wikimultihop,1,2,False,False,,,False,False,no_frozen_plan_snapshot
0f696858088111ebbd6dac1f6bf848b6,2wikimultihop,0,1,False,False,,,False,False,no_frozen_plan_snapshot
0f9457e80bdd11eba7f7acde48001122,2wikimultihop,0,1,False,False,,,False,False,no_frozen_plan_snapshot
0fa199960bdb11eba7f7acde48001122,2wikimultihop,0,1,False,False,,,False,False,no_frozen_plan_snapshot
0fb0c2d00baf11ebab90acde48001122,2wikimultihop,0,1,False,False,,,False,False,no_frozen_plan_snapshot
0fd1f4a608ac11ebbd82ac1f6bf848b6,2wikimultihop,0,1,False,False,,,False,False,no_frozen_plan_snapshot
0ff1508a0bdb11eba7f7acde48001122,2wikimultihop,0,1,False,False,,,False,False,no_frozen_plan_snapshot
0ffe5ca00bde11eba7f7acde48001122,2wikimultihop,0,1,False,False,,,False,False,no_frozen_plan_snapshot
1005aaa208b711ebbd88ac1f6bf848b6,2wikimultihop,0,1,False,False,,,False,False,no_frozen_plan_snapshot
100c512a0bde11eba7f7acde48001122,2wikimultihop,0,1,False,False,,,False,False,no_frozen_plan_snapshot
1011a79c0bde11eba7f7acde48001122,2wikimultihop,0,1,False,False,,,False,False,no_frozen_plan_snapshot
101255a80bdd11eba7f7acde48001122,2wikimultihop,0,1,False,False,,,False,False,no_frozen_plan_snapshot
1013849a0bde11eba7f7acde48001122,2wikimultihop,1,2,False,False,,,False,False,no_frozen_plan_snapshot
101a05820bdd11eba7f7acde48001122,2wikimultihop,0,1,False,False,,,False,False,no_frozen_plan_snapshot
101ad2d0085111ebbd58ac1f6bf848b6,2wikimultihop,0,1,False,False,,,False,False,no_frozen_plan_snapshot
10252b2608d411ebbd96ac1f6bf848b6,2wikimultihop,0,1,False,False,,,False,False,no_frozen_plan_snapshot
103f5afe08e411ebbda4ac1f6bf848b6,2wikimultihop,0,1,False,False,,,False,False,no_frozen_plan_snapshot
104c34700bde11eba7f7acde48001122,2wikimultihop,0,1,False,False,,,False,False,no_frozen_plan_snapshot
1050005608b311ebbd86ac1f6bf848b6,2wikimultihop,0,1,False,False,,,False,False,no_frozen_plan_snapshot
1071381b096311ebbdafac1f6bf848b6,2wikimultihop,0,1,False,False,,,False,False,no_frozen_plan_snapshot
10b8567808c311ebbd8dac1f6bf848b6,2wikimultihop,0,1,False,False,,,False,False,no_frozen_plan_snapshot
10b8d7940baf11ebab90acde48001122,2wikimultihop,0,1,False,False,,,False,False,no_frozen_plan_snapshot
10cd8d240baf11ebab90acde48001122,2wikimultihop,0,1,False,False,,,False,False,no_frozen_plan_snapshot
10d9966e0baf11ebab90acde48001122,2wikimultihop,0,1,False,False,,,False,False,no_frozen_plan_snapshot
10e63c10087211ebbd64ac1f6bf848b6,2wikimultihop,0,1,False,False,,,False,False,no_frozen_plan_snapshot
10f096f00bde11eba7f7acde48001122,2wikimultihop,0,1,False,False,,,False,False,no_frozen_plan_snapshot
10f93d880bdd11eba7f7acde48001122,2wikimultihop,0,1,False,False,,,False,False,no_frozen_plan_snapshot
11335e4808a711ebbd7fac1f6bf848b6,2wikimultihop,0,1,False,False,,,False,False,no_frozen_plan_snapshot
113cba620bde11eba7f7acde48001122,2wikimultihop,0,1,False,False,,,False,False,no_frozen_plan_snapshot
1160bc660baf11ebab90acde48001122,2wikimultihop,0,1,False,False,,,False,False,no_frozen_plan_snapshot
11854514087511ebbd67ac1f6bf848b6,2wikimultihop,0,1,False,False,,,False,False,no_frozen_plan_snapshot
11afd34e0bde11eba7f7acde48001122,2wikimultihop,0,1,False,False,,,False,False,no_frozen_plan_snapshot
11e2cf680bdb11eba7f7acde48001122,2wikimultihop,0,1,False,False,,,False,False,no_frozen_plan_snapshot
1222be100baf11ebab90acde48001122,2wikimultihop,0,1,False,False,,,False,False,no_frozen_plan_snapshot
12231fea0baf11ebab90acde48001122,2wikimultihop,0,1,False,False,,,False,False,no_frozen_plan_snapshot
12348dfe0bda11eba7f7acde48001122,2wikimultihop,0,1,False,False,,,False,False,no_frozen_plan_snapshot
129b312e0baf11ebab90acde48001122,2wikimultihop,0,1,False,False,,,False,False,no_frozen_plan_snapshot
12a3078c097f11ebbdb0ac1f6bf848b6,2wikimultihop,0,1,False,False,,,False,False,no_frozen_plan_snapshot
12a7133408af11ebbd83ac1f6bf848b6,2wikimultihop,0,1,False,False,,,False,False,no_frozen_plan_snapshot
12c908fe096c11ebbdafac1f6bf848b6,2wikimultihop,0,1,False,False,,,False,False,no_frozen_plan_snapshot
12d8772a0bda11eba7f7acde48001122,2wikimultihop,2,3,True,True,2,True,True,False,deep_hops_not_shallow
130cd6580bdc11eba7f7acde48001122,2wikimultihop,0,1,False,False,,,False,False,no_frozen_plan_snapshot
132d9b820bdb11eba7f7acde48001122,2wikimultihop,0,1,False,False,,,False,False,no_frozen_plan_snapshot
133b785c0bda11eba7f7acde48001122,2wikimultihop,0,1,False,False,,,False,False,no_frozen_plan_snapshot
135bc55a0bb011ebab90acde48001122,2wikimultihop,0,1,False,False,,,False,False,no_frozen_plan_snapshot
13666b4a085b11ebbd5cac1f6bf848b6,2wikimultihop,0,1,False,False,,,False,False,no_frozen_plan_snapshot
136c700c089611ebbd76ac1f6bf848b6,2wikimultihop,0,1,False,False,,,False,False,no_frozen_plan_snapshot
13710b520bda11eba7f7acde48001122,2wikimultihop,0,1,False,False,,,False,False,no_frozen_plan_snapshot
138cc7ac086f11ebbd62ac1f6bf848b6,2wikimultihop,0,1,False,False,,,False,False,no_frozen_plan_snapshot
13972c8a086311ebbd5eac1f6bf848b6,2wikimultihop,0,1,False,False,,,False,False,no_frozen_plan_snapshot
13b377680bde11eba7f7acde48001122,2wikimultihop,0,1,False,False,,,False,False,no_frozen_plan_snapshot
13c5b94c088d11ebbd70ac1f6bf848b6,2wikimultihop,0,1,False,False,,,False,False,no_frozen_plan_snapshot
13d3552e0bde11eba7f7acde48001122,2wikimultihop,0,1,False,False,,,False,False,no_frozen_plan_snapshot
13d510e40bde11eba7f7acde48001122,2wikimultihop,0,1,False,False,,,False,False,no_frozen_plan_snapshot
13f92f1e0bda11eba7f7acde48001122,2wikimultihop,0,1,False,False,,,False,False,no_frozen_plan_snapshot
140bbce00bdc11eba7f7acde48001122,2wikimultihop,0,1,False,False,,,False,False,no_frozen_plan_snapshot
14108dd60bde11eba7f7acde48001122,2wikimultihop,0,1,False,False,,,False,False,no_frozen_plan_snapshot
142afa360bde11eba7f7acde48001122,2wikimultihop,0,1,False,False,,,False,False,no_frozen_plan_snapshot
14378183087f11ebbd6bac1f6bf848b6,2wikimultihop,0,1,False,False,,,False,False,no_frozen_plan_snapshot
1442e9a20bde11eba7f7acde48001122,2wikimultihop,0,1,False,False,,,False,False,no_frozen_plan_snapshot
1453102a09b011ebbdb0ac1f6bf848b6,2wikimultihop,0,1,False,False,,,False,False,no_frozen_plan_snapshot
145752ee085e11ebbd5cac1f6bf848b6,2wikimultihop,1,2,False,False,,,False,False,no_frozen_plan_snapshot
14576a100bdb11eba7f7acde48001122,2wikimultihop,0,1,False,False,,,False,False,no_frozen_plan_snapshot
146c16520bdd11eba7f7acde48001122,2wikimultihop,0,1,False,False,,,False,False,no_frozen_plan_snapshot
146de4c7085611ebbd59ac1f6bf848b6,2wikimultihop,0,1,False,False,,,False,False,no_frozen_plan_snapshot
146f91740bdd11eba7f7acde48001122,2wikimultihop,0,1,False,False,,,False,False,no_frozen_plan_snapshot
147c6e160bde11eba7f7acde48001122,2wikimultihop,0,1,False,False,,,False,False,no_frozen_plan_snapshot
148ba80c0bdb11eba7f7acde48001122,2wikimultihop,0,1,False,False,,,False,False,no_frozen_plan_snapshot
1499c52e087d11ebbd6aac1f6bf848b6,2wikimultihop,0,1,False,False,,,False,False,no_frozen_plan_snapshot
149af27608ab11ebbd81ac1f6bf848b6,2wikimultihop,0,1,False,False,,,False,False,no_frozen_plan_snapshot
14a68691090311ebbdadac1f6bf848b6,2wikimultihop,0,1,False,False,,,False,False,no_frozen_plan_snapshot
14bdff820bdb11eba7f7acde48001122,2wikimultihop,0,1,False,False,,,False,False,no_frozen_plan_snapshot
14f3774f085611ebbd59ac1f6bf848b6,2wikimultihop,0,1,False,False,,,False,False,no_frozen_plan_snapshot
150df73c086411ebbd5eac1f6bf848b6,2wikimultihop,0,1,False,False,,,False,False,no_frozen_plan_snapshot
15244e85086311ebbd5eac1f6bf848b6,2wikimultihop,0,1,False,False,,,False,False,no_frozen_plan_snapshot
1543dc18088111ebbd6dac1f6bf848b6,2wikimultihop,0,1,False,False,,,False,False,no_frozen_plan_snapshot
156dcace08f811ebbdaaac1f6bf848b6,2wikimultihop,0,1,False,False,,,False,False,no_frozen_plan_snapshot
157c1041088811ebbd6eac1f6bf848b6,2wikimultihop,0,1,False,False,,,False,False,no_frozen_plan_snapshot
1581424008a111ebbd78ac1f6bf848b6,2wikimultihop,0,1,False,False,,,False,False,no_frozen_plan_snapshot
15850974094911ebbdaeac1f6bf848b6,2wikimultihop,0,1,False,False,,,False,False,no_frozen_plan_snapshot
158d265809b111ebbdb0ac1f6bf848b6,2wikimultihop,1,2,False,False,,,False,False,no_frozen_plan_snapshot
15aafe120baf11ebab90acde48001122,2wikimultihop,0,1,False,False,,,False,False,no_frozen_plan_snapshot
15b9210e0baf11ebab90acde48001122,2wikimultihop,0,1,False,False,,,False,False,no_frozen_plan_snapshot
15bb405608da11ebbd9cac1f6bf848b6,2wikimultihop,0,1,False,False,,,False,False,no_frozen_plan_snapshot
15d1f2ea0bde11eba7f7acde48001122,2wikimultihop,0,1,False,False,,,False,False,no_frozen_plan_snapshot
16036536088811ebbd6eac1f6bf848b6,2wikimultihop,0,1,False,False,,,False,False,no_frozen_plan_snapshot
1604c03a0bde11eba7f7acde48001122,2wikimultihop,0,1,False,False,,,False,False,no_frozen_plan_snapshot
160a7c3c0bde11eba7f7acde48001122,2wikimultihop,0,1,False,False,,,False,False,no_frozen_plan_snapshot
161093c40bde11eba7f7acde48001122,2wikimultihop,0,1,False,False,,,False,False,no_frozen_plan_snapshot
1649093b091e11ebbdaeac1f6bf848b6,2wikimultihop,0,1,False,False,,,False,False,no_frozen_plan_snapshot
166c71f00baf11ebab90acde48001122,2wikimultihop,0,1,False,False,,,False,False,no_frozen_plan_snapshot
168c484e0bb011ebab90acde48001122,2wikimultihop,0,1,False,False,,,False,False,no_frozen_plan_snapshot
16915f740bdc11eba7f7acde48001122,2wikimultihop,0,1,False,False,,,False,False,no_frozen_plan_snapshot
16a9526408a311ebbd7bac1f6bf848b6,2wikimultihop,0,1,False,False,,,False,False,no_frozen_plan_snapshot
16b5529e085d11ebbd5cac1f6bf848b6,2wikimultihop,0,1,False,False,,,False,False,no_frozen_plan_snapshot
16cbb9f40bdb11eba7f7acde48001122,2wikimultihop,0,1,False,False,,,False,False,no_frozen_plan_snapshot
16d7bb720bdc11eba7f7acde48001122,2wikimultihop,0,1,False,False,,,False,False,no_frozen_plan_snapshot
16e20a3a0bde11eba7f7acde48001122,2wikimultihop,0,1,False,False,,,False,False,no_frozen_plan_snapshot
16e632b80bde11eba7f7acde48001122,2wikimultihop,0,1,False,False,,,False,False,no_frozen_plan_snapshot
16e6d7e5097011ebbdb0ac1f6bf848b6,2wikimultihop,0,1,False,False,,,False,False,no_frozen_plan_snapshot
16ee4aa308be11ebbd8aac1f6bf848b6,2wikimultihop,0,1,False,False,,,False,False,no_frozen_plan_snapshot
16ef62f20bde11eba7f7acde48001122,2wikimultihop,0,1,False,False,,,False,False,no_frozen_plan_snapshot
170b21e60bb011ebab90acde48001122,2wikimultihop,0,1,False,False,,,False,False,no_frozen_plan_snapshot
171c1e8108b111ebbd85ac1f6bf848b6,2wikimultihop,0,1,False,False,,,False,False,no_frozen_plan_snapshot
171e51c60bdd11eba7f7acde48001122,2wikimultihop,3,4,True,True,3,True,True,False,deep_hops_not_shallow
172fd661094811ebbdaeac1f6bf848b6,2wikimultihop,0,1,False,False,,,False,False,no_frozen_plan_snapshot
1732aeb80bde11eba7f7acde48001122,2wikimultihop,0,1,False,False,,,False,False,no_frozen_plan_snapshot
1732d6ea0bde11eba7f7acde48001122,2wikimultihop,0,1,False,False,,,False,False,no_frozen_plan_snapshot
1736361e0bde11eba7f7acde48001122,2wikimultihop,0,1,False,False,,,False,False,no_frozen_plan_snapshot
173d1a86087a11ebbd67ac1f6bf848b6,2wikimultihop,0,1,False,False,,,False,False,no_frozen_plan_snapshot
1750e0c408dc11ebbd9cac1f6bf848b6,2wikimultihop,0,1,False,False,,,False,False,no_frozen_plan_snapshot
17850408089911ebbd77ac1f6bf848b6,2wikimultihop,0,1,False,False,,,False,False,no_frozen_plan_snapshot
179836cc0baf11ebab90acde48001122,2wikimultihop,0,1,False,False,,,False,False,no_frozen_plan_snapshot
17b15a100bde11eba7f7acde48001122,2wikimultihop,0,1,False,False,,,False,False,no_frozen_plan_snapshot
17ba791a0bde11eba7f7acde48001122,2wikimultihop,0,1,False,False,,,False,False,no_frozen_plan_snapshot
17d8beda089f11ebbd78ac1f6bf848b6,2wikimultihop,0,1,False,False,,,False,False,no_frozen_plan_snapshot
17e09010084f11ebbd56ac1f6bf848b6,2wikimultihop,0,1,False,False,,,False,False,no_frozen_plan_snapshot
17f38e8208cb11ebbd92ac1f6bf848b6,2wikimultihop,0,1,False,False,,,False,False,no_frozen_plan_snapshot
1800b6fc086911ebbd5eac1f6bf848b6,2wikimultihop,1,2,False,False,,,False,False,no_frozen_plan_snapshot
181e87c20baf11ebab90acde48001122,2wikimultihop,1,2,False,False,,,False,False,no_frozen_plan_snapshot
18223918088411ebbd6dac1f6bf848b6,2wikimultihop,0,1,False,False,,,False,False,no_frozen_plan_snapshot
183402b6086511ebbd5eac1f6bf848b6,2wikimultihop,0,1,False,False,,,False,False,no_frozen_plan_snapshot
1837ca440bdb11eba7f7acde48001122,2wikimultihop,0,1,False,False,,,False,False,no_frozen_plan_snapshot
183f6cc40bde11eba7f7acde48001122,2wikimultihop,0,1,False,False,,,False,False,no_frozen_plan_snapshot
184c54960bdb11eba7f7acde48001122,2wikimultihop,0,1,False,False,,,False,False,no_frozen_plan_snapshot
184f7ca00bb011ebab90acde48001122,2wikimultihop,0,1,False,False,,,False,False,no_frozen_plan_snapshot
18562d340bb011ebab90acde48001122,2wikimultihop,0,1,False,False,,,False,False,no_frozen_plan_snapshot
185a906e0bdc11eba7f7acde48001122,2wikimultihop,3,4,True,True,3,True,True,False,deep_hops_not_shallow
185f460708b411ebbd87ac1f6bf848b6,2wikimultihop,0,1,False,False,,,False,False,no_frozen_plan_snapshot
1865e1e40bdc11eba7f7acde48001122,2wikimultihop,0,1,False,False,,,False,False,no_frozen_plan_snapshot
186e24f20bb011ebab90acde48001122,2wikimultihop,0,1,False,False,,,False,False,no_frozen_plan_snapshot
1873dc3a0bb011ebab90acde48001122,2wikimultihop,0,1,False,False,,,False,False,no_frozen_plan_snapshot
1876fc160bde11eba7f7acde48001122,2wikimultihop,0,1,False,False,,,False,False,no_frozen_plan_snapshot
188ee61e0bde11eba7f7acde48001122,2wikimultihop,0,1,False,False,,,False,False,no_frozen_plan_snapshot
18b63dd208a911ebbd7fac1f6bf848b6,2wikimultihop,0,1,False,False,,,False,False,no_frozen_plan_snapshot
18be7d3d08b111ebbd85ac1f6bf848b6,2wikimultihop,0,1,False,False,,,False,False,no_frozen_plan_snapshot
18c3a6a40bdb11eba7f7acde48001122,2wikimultihop,0,1,False,False,,,False,False,no_frozen_plan_snapshot
18eaf3aa08b411ebbd87ac1f6bf848b6,2wikimultihop,0,1,False,False,,,False,False,no_frozen_plan_snapshot
18ebaf020bde11eba7f7acde48001122,2wikimultihop,0,1,False,False,,,False,False,no_frozen_plan_snapshot
18f0a0220baf11ebab90acde48001122,2wikimultihop,0,1,False,False,,,False,False,no_frozen_plan_snapshot
1900f7600baf11ebab90acde48001122,2wikimultihop,0,1,False,False,,,False,False,no_frozen_plan_snapshot
1912aaac0bda11eba7f7acde48001122,2wikimultihop,0,1,False,False,,,False,False,no_frozen_plan_snapshot
1916a599090811ebbdadac1f6bf848b6,2wikimultihop,0,1,False,False,,,False,False,no_frozen_plan_snapshot
193a12b0093a11ebbdaeac1f6bf848b6,2wikimultihop,0,1,False,False,,,False,False,no_frozen_plan_snapshot
1948b12e0bda11eba7f7acde48001122,2wikimultihop,0,1,False,False,,,False,False,no_frozen_plan_snapshot
196d76740bdc11eba7f7acde48001122,2wikimultihop,0,1,False,False,,,False,False,no_frozen_plan_snapshot
198c3e1e0bdd11eba7f7acde48001122,2wikimultihop,0,1,False,False,,,False,False,no_frozen_plan_snapshot
198dc91e0bdd11eba7f7acde48001122,2wikimultihop,0,1,False,False,,,False,False,no_frozen_plan_snapshot
1999f2020bdd11eba7f7acde48001122,2wikimultihop,1,2,False,False,,,False,False,no_frozen_plan_snapshot
19fe78b008d511ebbd98ac1f6bf848b6,2wikimultihop,0,1,False,False,,,False,False,no_frozen_plan_snapshot
1a19804009c511ebbdb0ac1f6bf848b6,2wikimultihop,0,1,False,False,,,False,False,no_frozen_plan_snapshot
1a24af500bdd11eba7f7acde48001122,2wikimultihop,0,1,False,False,,,False,False,no_frozen_plan_snapshot
1a25fd560bb011ebab90acde48001122,2wikimultihop,0,1,False,False,,,False,False,no_frozen_plan_snapshot
1a28335a0bdd11eba7f7acde48001122,2wikimultihop,0,1,False,False,,,False,False,no_frozen_plan_snapshot
1a344858086711ebbd5eac1f6bf848b6,2wikimultihop,3,4,True,True,3,True,True,False,deep_hops_not_shallow
1a3535d20bdd11eba7f7acde48001122,2wikimultihop,0,1,False,False,,,False,False,no_frozen_plan_snapshot
1a3bb74508dc11ebbd9cac1f6bf848b6,2wikimultihop,0,1,False,False,,,False,False,no_frozen_plan_snapshot
1a76997408a311ebbd7bac1f6bf848b6,2wikimultihop,0,1,False,False,,,False,False,no_frozen_plan_snapshot
1a89b60308f911ebbdaaac1f6bf848b6,2wikimultihop,0,1,False,False,,,False,False,no_frozen_plan_snapshot
1a9e0839084e11ebbd56ac1f6bf848b6,2wikimultihop,0,1,False,False,,,False,False,no_frozen_plan_snapshot
1aabf3040bdb11eba7f7acde48001122,2wikimultihop,0,1,False,False,,,False,False,no_frozen_plan_snapshot
1aafd230086b11ebbd5fac1f6bf848b6,2wikimultihop,3,4,True,True,3,True,True,False,deep_hops_not_shallow
1ad3605808cd11ebbd93ac1f6bf848b6,2wikimultihop,0,1,False,False,,,False,False,no_frozen_plan_snapshot
1afb1004087c11ebbd69ac1f6bf848b6,2wikimultihop,3,4,True,True,3,True,True,False,deep_hops_not_shallow
1b1b8ed6085111ebbd58ac1f6bf848b6,2wikimultihop,0,1,False,False,,,False,False,no_frozen_plan_snapshot
1b365e5e0bdb11eba7f7acde48001122,2wikimultihop,0,1,False,False,,,False,False,no_frozen_plan_snapshot
1b36941208a911ebbd7fac1f6bf848b6,2wikimultihop,3,4,True,True,3,True,True,False,deep_hops_not_shallow
1b4bb64608c511ebbd8eac1f6bf848b6,2wikimultihop,0,1,False,False,,,False,False,no_frozen_plan_snapshot
1b527f4808e411ebbda4ac1f6bf848b6,2wikimultihop,0,1,False,False,,,False,False,no_frozen_plan_snapshot
1b5d2b6e0baf11ebab90acde48001122,2wikimultihop,0,1,False,False,,,False,False,no_frozen_plan_snapshot
1b62189208a111ebbd78ac1f6bf848b6,2wikimultihop,0,1,False,False,,,False,False,no_frozen_plan_snapshot
1b8e171a087111ebbd63ac1f6bf848b6,2wikimultihop,0,1,False,False,,,False,False,no_frozen_plan_snapshot
1b9c91660bda11eba7f7acde48001122,2wikimultihop,0,1,False,False,,,False,False,no_frozen_plan_snapshot
1bae0cd6088111ebbd6dac1f6bf848b6,2wikimultihop,0,1,False,False,,,False,False,no_frozen_plan_snapshot
1baf4cae0bb011ebab90acde48001122,2wikimultihop,0,1,False,False,,,False,False,no_frozen_plan_snapshot
1bb1993c0bb011ebab90acde48001122,2wikimultihop,0,1,False,False,,,False,False,no_frozen_plan_snapshot
1bd00d260bde11eba7f7acde48001122,2wikimultihop,0,1,False,False,,,False,False,no_frozen_plan_snapshot
1bf41cb00bda11eba7f7acde48001122,2wikimultihop,0,1,False,False,,,False,False,no_frozen_plan_snapshot
1c0a564f08c711ebbd91ac1f6bf848b6,2wikimultihop,0,1,False,False,,,False,False,no_frozen_plan_snapshot
1c0a565008c711ebbd91ac1f6bf848b6,2wikimultihop,0,1,False,False,,,False,False,no_frozen_plan_snapshot
1c0dd3b00bdc11eba7f7acde48001122,2wikimultihop,1,2,False,False,,,False,False,no_frozen_plan_snapshot
1c0f99380bdd11eba7f7acde48001122,2wikimultihop,2,3,True,True,2,True,True,False,deep_hops_not_shallow
1c16807e08a211ebbd7aac1f6bf848b6,2wikimultihop,0,1,False,False,,,False,False,no_frozen_plan_snapshot
1c1acbe708d111ebbd95ac1f6bf848b6,2wikimultihop,3,4,True,True,3,True,True,False,deep_hops_not_shallow
1c4547f40bdd11eba7f7acde48001122,2wikimultihop,0,1,False,False,,,False,False,no_frozen_plan_snapshot
1c4cfe1808d611ebbd98ac1f6bf848b6,2wikimultihop,0,1,False,False,,,False,False,no_frozen_plan_snapshot
1c5eb1f80bdd11eba7f7acde48001122,2wikimultihop,0,1,False,False,,,False,False,no_frozen_plan_snapshot
1c6aa99808e911ebbda7ac1f6bf848b6,2wikimultihop,0,1,False,False,,,False,False,no_frozen_plan_snapshot
1c6b605a0bde11eba7f7acde48001122,2wikimultihop,0,1,False,False,,,False,False,no_frozen_plan_snapshot
1c7876600bb011ebab90acde48001122,2wikimultihop,0,1,False,False,,,False,False,no_frozen_plan_snapshot
1c9f9261087f11ebbd6bac1f6bf848b6,2wikimultihop,0,1,False,False,,,False,False,no_frozen_plan_snapshot
1cc76b380bda11eba7f7acde48001122,2wikimultihop,0,1,False,False,,,False,False,no_frozen_plan_snapshot
1ccce309086311ebbd5eac1f6bf848b6,2wikimultihop,0,1,False,False,,,False,False,no_frozen_plan_snapshot
1cdceb80089111ebbd72ac1f6bf848b6,2wikimultihop,0,1,False,False,,,False,False,no_frozen_plan_snapshot
1cdea03408c211ebbd8bac1f6bf848b6,2wikimultihop,3,4,True,True,3,True,True,False,deep_hops_not_shallow
1ce02038090011ebbdadac1f6bf848b6,2wikimultihop,0,1,False,False,,,False,False,no_frozen_plan_snapshot
1cf6b11808a111ebbd78ac1f6bf848b6,2wikimultihop,0,1,False,False,,,False,False,no_frozen_plan_snapshot
1d064287085b11ebbd5cac1f6bf848b6,2wikimultihop,0,1,False,False,,,False,False,no_frozen_plan_snapshot
1d096e16086c11ebbd60ac1f6bf848b6,2wikimultihop,0,1,False,False,,,False,False,no_frozen_plan_snapshot
1d13d0ba08a911ebbd7fac1f6bf848b6,2wikimultihop,0,1,False,False,,,False,False,no_frozen_plan_snapshot
1d13e94b093c11ebbdaeac1f6bf848b6,2wikimultihop,0,1,False,False,,,False,False,no_frozen_plan_snapshot
1d16ce32089011ebbd72ac1f6bf848b6,2wikimultihop,0,1,False,False,,,False,False,no_frozen_plan_snapshot
1d16ce33089011ebbd72ac1f6bf848b6,2wikimultihop,0,1,False,False,,,False,False,no_frozen_plan_snapshot
1d23f65e0bdb11eba7f7acde48001122,2wikimultihop,0,1,False,False,,,False,False,no_frozen_plan_snapshot
1d3a02a40bdc11eba7f7acde48001122,2wikimultihop,0,1,False,False,,,False,False,no_frozen_plan_snapshot
1d77753308bf11ebbd8aac1f6bf848b6,2wikimultihop,0,1,False,False,,,False,False,no_frozen_plan_snapshot
1d7adec40bdb11eba7f7acde48001122,2wikimultihop,0,1,False,False,,,False,False,no_frozen_plan_snapshot
1d8ff1d00bde11eba7f7acde48001122,2wikimultihop,0,1,False,False,,,False,False,no_frozen_plan_snapshot
1d94fad8084911ebbd55ac1f6bf848b6,2wikimultihop,0,1,False,False,,,False,False,no_frozen_plan_snapshot
1da3cd28089a11ebbd77ac1f6bf848b6,2wikimultihop,0,1,False,False,,,False,False,no_frozen_plan_snapshot
1dc6c4e60bdc11eba7f7acde48001122,2wikimultihop,0,1,False,False,,,False,False,no_frozen_plan_snapshot
1dd18a37086a11ebbd5fac1f6bf848b6,2wikimultihop,3,4,True,True,3,True,True,False,deep_hops_not_shallow
1dd33f080bde11eba7f7acde48001122,2wikimultihop,0,1,False,False,,,False,False,no_frozen_plan_snapshot
1dda782c0bde11eba7f7acde48001122,2wikimultihop,0,1,False,False,,,False,False,no_frozen_plan_snapshot
1ddc1eac0bde11eba7f7acde48001122,2wikimultihop,0,1,False,False,,,False,False,no_frozen_plan_snapshot
1e0c8ff5085c11ebbd5cac1f6bf848b6,2wikimultihop,0,1,False,False,,,False,False,no_frozen_plan_snapshot
1e1d8778088e11ebbd70ac1f6bf848b6,2wikimultihop,0,1,False,False,,,False,False,no_frozen_plan_snapshot
1e22e65308a011ebbd78ac1f6bf848b6,2wikimultihop,0,1,False,False,,,False,False,no_frozen_plan_snapshot
1e4d9f2008ff11ebbdadac1f6bf848b6,2wikimultihop,0,1,False,False,,,False,False,no_frozen_plan_snapshot
1e599f820baf11ebab90acde48001122,2wikimultihop,0,1,False,False,,,False,False,no_frozen_plan_snapshot
1e71fb080bdd11eba7f7acde48001122,2wikimultihop,0,1,False,False,,,False,False,no_frozen_plan_snapshot
1e9ace3508f911ebbdaaac1f6bf848b6,2wikimultihop,1,2,False,False,,,False,False,no_frozen_plan_snapshot
1e9c0bbb08a311ebbd7bac1f6bf848b6,2wikimultihop,0,1,False,False,,,False,False,no_frozen_plan_snapshot
1ea7fb6c0bde11eba7f7acde48001122,2wikimultihop,0,1,False,False,,,False,False,no_frozen_plan_snapshot
1eb321e00bde11eba7f7acde48001122,2wikimultihop,0,1,False,False,,,False,False,no_frozen_plan_snapshot
1ebbc9b20bde11eba7f7acde48001122,2wikimultihop,0,1,False,False,,,False,False,no_frozen_plan_snapshot
1ec21fed08a511ebbd7dac1f6bf848b6,2wikimultihop,0,1,False,False,,,False,False,no_frozen_plan_snapshot
1ed1039008af11ebbd83ac1f6bf848b6,2wikimultihop,1,2,False,False,,,False,False,no_frozen_plan_snapshot
1ee81a3c08c611ebbd90ac1f6bf848b6,2wikimultihop,1,2,False,False,,,False,False,no_frozen_plan_snapshot
1ef146ac087111ebbd63ac1f6bf848b6,2wikimultihop,0,1,False,False,,,False,False,no_frozen_plan_snapshot
1efc35f60bde11eba7f7acde48001122,2wikimultihop,0,1,False,False,,,False,False,no_frozen_plan_snapshot
1f0073f608b811ebbd88ac1f6bf848b6,2wikimultihop,0,1,False,False,,,False,False,no_frozen_plan_snapshot
1f382fb20bb011ebab90acde48001122,2wikimultihop,0,1,False,False,,,False,False,no_frozen_plan_snapshot
1f447f24096411ebbdafac1f6bf848b6,2wikimultihop,0,1,False,False,,,False,False,no_frozen_plan_snapshot
1f4ea96308d211ebbd95ac1f6bf848b6,2wikimultihop,-1,0,False,False,,,False,False,no_frozen_plan_snapshot
1f5901840bdc11eba7f7acde48001122,2wikimultihop,0,1,False,False,,,False,False,no_frozen_plan_snapshot
1f64613a0bde11eba7f7acde48001122,2wikimultihop,0,1,False,False,,,False,False,no_frozen_plan_snapshot
1f6b39480bdd11eba7f7acde48001122,2wikimultihop,2,3,True,True,2,True,True,False,deep_hops_not_shallow
1f8a07d20bde11eba7f7acde48001122,2wikimultihop,0,1,False,False,,,False,False,no_frozen_plan_snapshot
1f8a41b60bde11eba7f7acde48001122,2wikimultihop,0,1,False,False,,,False,False,no_frozen_plan_snapshot
1f94954908b011ebbd84ac1f6bf848b6,2wikimultihop,0,1,False,False,,,False,False,no_frozen_plan_snapshot
1f98da44088111ebbd6dac1f6bf848b6,2wikimultihop,0,1,False,False,,,False,False,no_frozen_plan_snapshot
1f9c3971096511ebbdafac1f6bf848b6,2wikimultihop,0,1,False,False,,,False,False,no_frozen_plan_snapshot
1f9cf98c0bde11eba7f7acde48001122,2wikimultihop,0,1,False,False,,,False,False,no_frozen_plan_snapshot
1fc14b400bdc11eba7f7acde48001122,2wikimultihop,0,1,False,False,,,False,False,no_frozen_plan_snapshot
1ff759ea0bde11eba7f7acde48001122,2wikimultihop,0,1,False,False,,,False,False,no_frozen_plan_snapshot
1ff8d8de0bb011ebab90acde48001122,2wikimultihop,0,1,False,False,,,False,False,no_frozen_plan_snapshot
1ffb1be40bb011ebab90acde48001122,2wikimultihop,1,2,False,False,,,False,False,no_frozen_plan_snapshot
2002bf0c0bb011ebab90acde48001122,2wikimultihop,0,1,False,False,,,False,False,no_frozen_plan_snapshot
20075a8a0bb011ebab90acde48001122,2wikimultihop,0,1,False,False,,,False,False,no_frozen_plan_snapshot
200e7a01087611ebbd67ac1f6bf848b6,2wikimultihop,3,4,True,True,3,True,True,False,deep_hops_not_shallow
20118ff00bdd11eba7f7acde48001122,2wikimultihop,0,1,False,False,,,False,False,no_frozen_plan_snapshot
2013abd5087a11ebbd67ac1f6bf848b6,2wikimultihop,0,1,False,False,,,False,False,no_frozen_plan_snapshot
2020864008c211ebbd8bac1f6bf848b6,2wikimultihop,0,1,False,False,,,False,False,no_frozen_plan_snapshot
2033984c09a611ebbdb0ac1f6bf848b6,2wikimultihop,1,2,False,False,,,False,False,no_frozen_plan_snapshot
20396bdc0bde11eba7f7acde48001122,2wikimultihop,0,1,False,False,,,False,False,no_frozen_plan_snapshot
205e0f460bde11eba7f7acde48001122,2wikimultihop,0,1,False,False,,,False,False,no_frozen_plan_snapshot
20681ae8085711ebbd59ac1f6bf848b6,2wikimultihop,3,4,True,True,3,True,True,False,deep_hops_not_shallow
207cff740bdd11eba7f7acde48001122,2wikimultihop,0,1,False,False,,,False,False,no_frozen_plan_snapshot
2084260e0bde11eba7f7acde48001122,2wikimultihop,0,1,False,False,,,False,False,no_frozen_plan_snapshot
20a118cc0bde11eba7f7acde48001122,2wikimultihop,0,1,False,False,,,False,False,no_frozen_plan_snapshot
20a713da0bde11eba7f7acde48001122,2wikimultihop,0,1,False,False,,,False,False,no_frozen_plan_snapshot
20ac1b16088511ebbd6dac1f6bf848b6,2wikimultihop,0,1,False,False,,,False,False,no_frozen_plan_snapshot
20c7b59608db11ebbd9cac1f6bf848b6,2wikimultihop,-1,0,False,False,,,False,False,no_frozen_plan_snapshot
20d840a20bdb11eba7f7acde48001122,2wikimultihop,0,1,False,False,,,False,False,no_frozen_plan_snapshot
20de80320bdd11eba7f7acde48001122,2wikimultihop,2,3,True,True,0,False,True,False,deep_hops_not_shallow
2102541508ac11ebbd82ac1f6bf848b6,2wikimultihop,0,1,False,False,,,False,False,no_frozen_plan_snapshot
210a08c0088511ebbd6dac1f6bf848b6,2wikimultihop,3,4,True,True,3,True,True,False,deep_hops_not_shallow
210aeed1087011ebbd62ac1f6bf848b6,2wikimultihop,2,3,True,True,0,False,True,False,deep_hops_not_shallow
21244d1308fc11ebbdadac1f6bf848b6,2wikimultihop,0,1,False,False,,,False,False,no_frozen_plan_snapshot
212f2f18091311ebbdadac1f6bf848b6,2wikimultihop,0,1,False,False,,,False,False,no_frozen_plan_snapshot
215d741f08e511ebbda4ac1f6bf848b6,2wikimultihop,0,1,False,False,,,False,False,no_frozen_plan_snapshot
2164ef1e0bdd11eba7f7acde48001122,2wikimultihop,0,1,False,False,,,False,False,no_frozen_plan_snapshot
216fb3240bdb11eba7f7acde48001122,2wikimultihop,0,1,False,False,,,False,False,no_frozen_plan_snapshot
217b3fca0bde11eba7f7acde48001122,2wikimultihop,0,1,False,False,,,False,False,no_frozen_plan_snapshot
21906d320bde11eba7f7acde48001122,2wikimultihop,0,1,False,False,,,False,False,no_frozen_plan_snapshot
21a3b9fa0bde11eba7f7acde48001122,2wikimultihop,0,1,False,False,,,False,False,no_frozen_plan_snapshot
21b5b155093c11ebbdaeac1f6bf848b6,2wikimultihop,0,1,False,False,,,False,False,no_frozen_plan_snapshot
21d77262096b11ebbdafac1f6bf848b6,2wikimultihop,0,1,False,False,,,False,False,no_frozen_plan_snapshot
21e561520bde11eba7f7acde48001122,2wikimultihop,2,3,True,True,0,False,True,False,deep_hops_not_shallow
21eecd840baf11ebab90acde48001122,2wikimultihop,0,1,False,False,,,False,False,no_frozen_plan_snapshot
2204f9ba0baf11ebab90acde48001122,2wikimultihop,0,1,False,False,,,False,False,no_frozen_plan_snapshot
222563e80bdd11eba7f7acde48001122,2wikimultihop,0,1,False,False,,,False,False,no_frozen_plan_snapshot
224c02680bde11eba7f7acde48001122,2wikimultihop,0,1,False,False,,,False,False,no_frozen_plan_snapshot
2252d6700bdd11eba7f7acde48001122,2wikimultihop,0,1,False,False,,,False,False,no_frozen_plan_snapshot
225601a60bdd11eba7f7acde48001122,2wikimultihop,0,1,False,False,,,False,False,no_frozen_plan_snapshot
22606f5a0bde11eba7f7acde48001122,2wikimultihop,0,1,False,False,,,False,False,no_frozen_plan_snapshot
227adf2c086c11ebbd60ac1f6bf848b6,2wikimultihop,0,1,False,False,,,False,False,no_frozen_plan_snapshot
227eaf4c0bde11eba7f7acde48001122,2wikimultihop,0,1,False,False,,,False,False,no_frozen_plan_snapshot
22be69d808b511ebbd88ac1f6bf848b6,2wikimultihop,0,1,False,False,,,False,False,no_frozen_plan_snapshot
22d296de0bde11eba7f7acde48001122,2wikimultihop,0,1,False,False,,,False,False,no_frozen_plan_snapshot
22d3599e08a111ebbd78ac1f6bf848b6,2wikimultihop,0,1,False,False,,,False,False,no_frozen_plan_snapshot
22dd11fe0bde11eba7f7acde48001122,2wikimultihop,0,1,False,False,,,False,False,no_frozen_plan_snapshot
22e130e00bde11eba7f7acde48001122,2wikimultihop,0,1,False,False,,,False,False,no_frozen_plan_snapshot
22ea14cd08ef11ebbda8ac1f6bf848b6,2wikimultihop,0,1,False,False,,,False,False,no_frozen_plan_snapshot
22fb901e0bdb11eba7f7acde48001122,2wikimultihop,0,1,False,False,,,False,False,no_frozen_plan_snapshot
230770d60bdc11eba7f7acde48001122,2wikimultihop,0,1,False,False,,,False,False,no_frozen_plan_snapshot
231a47860bde11eba7f7acde48001122,2wikimultihop,0,1,False,False,,,False,False,no_frozen_plan_snapshot
231d667c0bda11eba7f7acde48001122,2wikimultihop,0,1,False,False,,,False,False,no_frozen_plan_snapshot
23296ba808ea11ebbda7ac1f6bf848b6,2wikimultihop,3,4,True,True,3,True,True,False,deep_hops_not_shallow
2330faf1097511ebbdb0ac1f6bf848b6,2wikimultihop,0,1,False,False,,,False,False,no_frozen_plan_snapshot
233a58480baf11ebab90acde48001122,2wikimultihop,0,1,False,False,,,False,False,no_frozen_plan_snapshot
233e8a6108e611ebbda4ac1f6bf848b6,2wikimultihop,0,1,False,False,,,False,False,no_frozen_plan_snapshot
234c4f060bde11eba7f7acde48001122,2wikimultihop,0,1,False,False,,,False,False,no_frozen_plan_snapshot
234f8b0c08ee11ebbda8ac1f6bf848b6,2wikimultihop,0,1,False,False,,,False,False,no_frozen_plan_snapshot
2367baa20bde11eba7f7acde48001122,2wikimultihop,0,1,False,False,,,False,False,no_frozen_plan_snapshot
237d904a0bdc11eba7f7acde48001122,2wikimultihop,1,2,False,False,,,False,False,no_frozen_plan_snapshot
23ae34720bda11eba7f7acde48001122,2wikimultihop,0,1,False,False,,,False,False,no_frozen_plan_snapshot
23b46a400bda11eba7f7acde48001122,2wikimultihop,0,1,False,False,,,False,False,no_frozen_plan_snapshot
23bc36af088211ebbd6dac1f6bf848b6,2wikimultihop,3,4,True,True,3,True,True,False,deep_hops_not_shallow
23c786fe08d611ebbd98ac1f6bf848b6,2wikimultihop,0,1,False,False,,,False,False,no_frozen_plan_snapshot
23c80429088411ebbd6dac1f6bf848b6,2wikimultihop,0,1,False,False,,,False,False,no_frozen_plan_snapshot
23d9667a085011ebbd56ac1f6bf848b6,2wikimultihop,3,4,True,True,3,True,True,False,deep_hops_not_shallow
23f41cf20bdb11eba7f7acde48001122,2wikimultihop,0,1,False,False,,,False,False,no_frozen_plan_snapshot
240f079c0bdb11eba7f7acde48001122,2wikimultihop,0,1,False,False,,,False,False,no_frozen_plan_snapshot
2433c9080bde11eba7f7acde48001122,2wikimultihop,0,1,False,False,,,False,False,no_frozen_plan_snapshot
2436e85a0bdd11eba7f7acde48001122,2wikimultihop,0,1,False,False,,,False,False,no_frozen_plan_snapshot
2443d2d00bde11eba7f7acde48001122,2wikimultihop,0,1,False,False,,,False,False,no_frozen_plan_snapshot
24489eaa0bde11eba7f7acde48001122,2wikimultihop,0,1,False,False,,,False,False,no_frozen_plan_snapshot
24672c120bde11eba7f7acde48001122,2wikimultihop,0,1,False,False,,,False,False,no_frozen_plan_snapshot
24684274088b11ebbd6fac1f6bf848b6,2wikimultihop,3,4,True,True,3,True,True,False,deep_hops_not_shallow
246985c00bde11eba7f7acde48001122,2wikimultihop,0,1,False,False,,,False,False,no_frozen_plan_snapshot
249354360bde11eba7f7acde48001122,2wikimultihop,0,1,False,False,,,False,False,no_frozen_plan_snapshot
249b346e0bdc11eba7f7acde48001122,2wikimultihop,0,1,False,False,,,False,False,no_frozen_plan_snapshot
249f509c08e611ebbda4ac1f6bf848b6,2wikimultihop,0,1,False,False,,,False,False,no_frozen_plan_snapshot
24ba4db60bde11eba7f7acde48001122,2wikimultihop,0,1,False,False,,,False,False,no_frozen_plan_snapshot
24ce50da091111ebbdadac1f6bf848b6,2wikimultihop,1,2,False,False,,,False,False,no_frozen_plan_snapshot
24d943ce0bde11eba7f7acde48001122,2wikimultihop,0,1,False,False,,,False,False,no_frozen_plan_snapshot
24e2e9900bdb11eba7f7acde48001122,2wikimultihop,0,1,False,False,,,False,False,no_frozen_plan_snapshot
25115bbe085611ebbd59ac1f6bf848b6,2wikimultihop,0,1,False,False,,,False,False,no_frozen_plan_snapshot
2522afdc0bde11eba7f7acde48001122,2wikimultihop,0,1,False,False,,,False,False,no_frozen_plan_snapshot
252632880bde11eba7f7acde48001122,2wikimultihop,0,1,False,False,,,False,False,no_frozen_plan_snapshot
252694580bde11eba7f7acde48001122,2wikimultihop,0,1,False,False,,,False,False,no_frozen_plan_snapshot
2530e483089911ebbd77ac1f6bf848b6,2wikimultihop,1,2,False,False,,,False,False,no_frozen_plan_snapshot
253e36700bda11eba7f7acde48001122,2wikimultihop,0,1,False,False,,,False,False,no_frozen_plan_snapshot
25438161087f11ebbd6bac1f6bf848b6,2wikimultihop,0,1,False,False,,,False,False,no_frozen_plan_snapshot
254784f60bde11eba7f7acde48001122,2wikimultihop,0,1,False,False,,,False,False,no_frozen_plan_snapshot
254a1c4808c811ebbd91ac1f6bf848b6,2wikimultihop,0,1,False,False,,,False,False,no_frozen_plan_snapshot
2589790108b011ebbd84ac1f6bf848b6,2wikimultihop,0,1,False,False,,,False,False,no_frozen_plan_snapshot
25a2bd7e085211ebbd58ac1f6bf848b6,2wikimultihop,1,2,False,False,,,False,False,no_frozen_plan_snapshot
25ca7393088d11ebbd70ac1f6bf848b6,2wikimultihop,-1,0,False,False,,,False,False,no_frozen_plan_snapshot
25d5f7380bdc11eba7f7acde48001122,2wikimultihop,0,1,False,False,,,False,False,no_frozen_plan_snapshot
25e4cbcc086811ebbd5eac1f6bf848b6,2wikimultihop,0,1,False,False,,,False,False,no_frozen_plan_snapshot
2603291a08c111ebbd8bac1f6bf848b6,2wikimultihop,0,1,False,False,,,False,False,no_frozen_plan_snapshot
2614d9b5088311ebbd6dac1f6bf848b6,2wikimultihop,0,1,False,False,,,False,False,no_frozen_plan_snapshot
2622553e0bdb11eba7f7acde48001122,2wikimultihop,0,1,False,False,,,False,False,no_frozen_plan_snapshot
262f10c9095111ebbdaeac1f6bf848b6,2wikimultihop,0,1,False,False,,,False,False,no_frozen_plan_snapshot
2634864608cf11ebbd94ac1f6bf848b6,2wikimultihop,0,1,False,False,,,False,False,no_frozen_plan_snapshot
264fae5d089411ebbd75ac1f6bf848b6,2wikimultihop,0,1,False,False,,,False,False,no_frozen_plan_snapshot
267f88aa08d711ebbd99ac1f6bf848b6,2wikimultihop,3,4,True,True,3,True,True,False,deep_hops_not_shallow
268337a00bdb11eba7f7acde48001122,2wikimultihop,0,1,False,False,,,False,False,no_frozen_plan_snapshot
2684ee04099411ebbdb0ac1f6bf848b6,2wikimultihop,0,1,False,False,,,False,False,no_frozen_plan_snapshot
26bd74d3089411ebbd75ac1f6bf848b6,2wikimultihop,0,1,False,False,,,False,False,no_frozen_plan_snapshot
26d0b2f2085511ebbd59ac1f6bf848b6,2wikimultihop,0,1,False,False,,,False,False,no_frozen_plan_snapshot
26d641160bdb11eba7f7acde48001122,2wikimultihop,2,3,True,True,2,True,True,False,deep_hops_not_shallow
26eae5540bda11eba7f7acde48001122,2wikimultihop,0,1,False,False,,,False,False,no_frozen_plan_snapshot
26f1c43608ea11ebbda7ac1f6bf848b6,2wikimultihop,0,1,False,False,,,False,False,no_frozen_plan_snapshot
27144e7b08b111ebbd85ac1f6bf848b6,2wikimultihop,0,1,False,False,,,False,False,no_frozen_plan_snapshot
272ca17008be11ebbd8aac1f6bf848b6,2wikimultihop,0,1,False,False,,,False,False,no_frozen_plan_snapshot
272e7aa00bb011ebab90acde48001122,2wikimultihop,0,1,False,False,,,False,False,no_frozen_plan_snapshot
2741d8520bdd11eba7f7acde48001122,2wikimultihop,0,1,False,False,,,False,False,no_frozen_plan_snapshot
275e7286085f11ebbd5cac1f6bf848b6,2wikimultihop,0,1,False,False,,,False,False,no_frozen_plan_snapshot
277fd4180bdd11eba7f7acde48001122,2wikimultihop,0,1,False,False,,,False,False,no_frozen_plan_snapshot
27987581093611ebbdaeac1f6bf848b6,2wikimultihop,0,1,False,False,,,False,False,no_frozen_plan_snapshot
27b7759e0bdd11eba7f7acde48001122,2wikimultihop,0,1,False,False,,,False,False,no_frozen_plan_snapshot
27b9e85e0bda11eba7f7acde48001122,2wikimultihop,2,3,True,True,2,True,True,False,deep_hops_not_shallow
27ba3c4d094011ebbdaeac1f6bf848b6,2wikimultihop,0,1,False,False,,,False,False,no_frozen_plan_snapshot
27ded5940bb011ebab90acde48001122,2wikimultihop,0,1,False,False,,,False,False,no_frozen_plan_snapshot
27e788100bb011ebab90acde48001122,2wikimultihop,0,1,False,False,,,False,False,no_frozen_plan_snapshot
27e7dfa40bb011ebab90acde48001122,2wikimultihop,0,1,False,False,,,False,False,no_frozen_plan_snapshot
27e8da800bb011ebab90acde48001122,2wikimultihop,0,1,False,False,,,False,False,no_frozen_plan_snapshot
27e926ca0bb011ebab90acde48001122,2wikimultihop,0,1,False,False,,,False,False,no_frozen_plan_snapshot
27ee96820bb011ebab90acde48001122,2wikimultihop,0,1,False,False,,,False,False,no_frozen_plan_snapshot
27f076aa0bb011ebab90acde48001122,2wikimultihop,0,1,False,False,,,False,False,no_frozen_plan_snapshot
27f248f708c011ebbd8aac1f6bf848b6,2wikimultihop,0,1,False,False,,,False,False,no_frozen_plan_snapshot
280105100bdd11eba7f7acde48001122,2wikimultihop,0,1,False,False,,,False,False,no_frozen_plan_snapshot
28016c540bdc11eba7f7acde48001122,2wikimultihop,0,1,False,False,,,False,False,no_frozen_plan_snapshot
28164e580baf11ebab90acde48001122,2wikimultihop,0,1,False,False,,,False,False,no_frozen_plan_snapshot
281793980bdd11eba7f7acde48001122,2wikimultihop,0,1,False,False,,,False,False,no_frozen_plan_snapshot
28382e5b08d611ebbd98ac1f6bf848b6,2wikimultihop,0,1,False,False,,,False,False,no_frozen_plan_snapshot
283a0766086d11ebbd61ac1f6bf848b6,2wikimultihop,0,1,False,False,,,False,False,no_frozen_plan_snapshot
283b6782094e11ebbdaeac1f6bf848b6,2wikimultihop,0,1,False,False,,,False,False,no_frozen_plan_snapshot
28470e820bda11eba7f7acde48001122,2wikimultihop,0,1,False,False,,,False,False,no_frozen_plan_snapshot
284da54a08a511ebbd7dac1f6bf848b6,2wikimultihop,0,1,False,False,,,False,False,no_frozen_plan_snapshot
284e2815085811ebbd5aac1f6bf848b6,2wikimultihop,0,1,False,False,,,False,False,no_frozen_plan_snapshot
28626dd20bb011ebab90acde48001122,2wikimultihop,0,1,False,False,,,False,False,no_frozen_plan_snapshot
2863da140bb011ebab90acde48001122,2wikimultihop,0,1,False,False,,,False,False,no_frozen_plan_snapshot
286461f808ba11ebbd88ac1f6bf848b6,2wikimultihop,0,1,False,False,,,False,False,no_frozen_plan_snapshot
2866ecac08ce11ebbd94ac1f6bf848b6,2wikimultihop,3,4,True,True,3,True,True,False,deep_hops_not_shallow
287d2e98087111ebbd63ac1f6bf848b6,2wikimultihop,0,1,False,False,,,False,False,no_frozen_plan_snapshot
28888b78088311ebbd6dac1f6bf848b6,2wikimultihop,0,1,False,False,,,False,False,no_frozen_plan_snapshot
28946ecc089011ebbd72ac1f6bf848b6,2wikimultihop,3,4,True,True,3,True,True,False,deep_hops_not_shallow
28986e180bde11eba7f7acde48001122,2wikimultihop,0,1,False,False,,,False,False,no_frozen_plan_snapshot
28aacbc5087011ebbd62ac1f6bf848b6,2wikimultihop,0,1,False,False,,,False,False,no_frozen_plan_snapshot
28d052040bdb11eba7f7acde48001122,2wikimultihop,0,1,False,False,,,False,False,no_frozen_plan_snapshot
28f8ce4508e511ebbda4ac1f6bf848b6,2wikimultihop,0,1,False,False,,,False,False,no_frozen_plan_snapshot
28fb498a0bdd11eba7f7acde48001122,2wikimultihop,0,1,False,False,,,False,False,no_frozen_plan_snapshot
290458a20bda11eba7f7acde48001122,2wikimultihop,2,3,True,True,2,False,True,False,deep_hops_not_shallow
2909f2240bdc11eba7f7acde48001122,2wikimultihop,0,1,False,False,,,False,False,no_frozen_plan_snapshot
29105d7a08c211ebbd8bac1f6bf848b6,2wikimultihop,0,1,False,False,,,False,False,no_frozen_plan_snapshot
29306dfc0bda11eba7f7acde48001122,2wikimultihop,0,1,False,False,,,False,False,no_frozen_plan_snapshot
2935f1640bda11eba7f7acde48001122,2wikimultihop,0,1,False,False,,,False,False,no_frozen_plan_snapshot
294c0f8408b611ebbd88ac1f6bf848b6,2wikimultihop,2,3,True,True,0,False,True,False,deep_hops_not_shallow
29524701085711ebbd5aac1f6bf848b6,2wikimultihop,0,1,False,False,,,False,False,no_frozen_plan_snapshot
296820f00bdd11eba7f7acde48001122,2wikimultihop,2,3,True,True,0,False,True,False,deep_hops_not_shallow
296eeafa0bda11eba7f7acde48001122,2wikimultihop,0,1,False,False,,,False,False,no_frozen_plan_snapshot
2982f22c0bdd11eba7f7acde48001122,2wikimultihop,0,1,False,False,,,False,False,no_frozen_plan_snapshot
29a735160baf11ebab90acde48001122,2wikimultihop,0,1,False,False,,,False,False,no_frozen_plan_snapshot
29ad127608e211ebbda3ac1f6bf848b6,2wikimultihop,0,1,False,False,,,False,False,no_frozen_plan_snapshot
29c78fd20bdc11eba7f7acde48001122,2wikimultihop,1,2,False,False,,,False,False,no_frozen_plan_snapshot
2a13a676090111ebbdadac1f6bf848b6,2wikimultihop,0,1,False,False,,,False,False,no_frozen_plan_snapshot
2a1d94ce08b511ebbd88ac1f6bf848b6,2wikimultihop,0,1,False,False,,,False,False,no_frozen_plan_snapshot
2a234d2d089911ebbd77ac1f6bf848b6,2wikimultihop,0,1,False,False,,,False,False,no_frozen_plan_snapshot
2a667a5808c511ebbd8eac1f6bf848b6,2wikimultihop,3,4,True,True,3,True,True,False,deep_hops_not_shallow
2a7d95fc0bdc11eba7f7acde48001122,2wikimultihop,0,1,False,False,,,False,False,no_frozen_plan_snapshot
2a9808e20bdc11eba7f7acde48001122,2wikimultihop,0,1,False,False,,,False,False,no_frozen_plan_snapshot
2a98df6408d111ebbd95ac1f6bf848b6,2wikimultihop,0,1,False,False,,,False,False,no_frozen_plan_snapshot
2ab5d037087911ebbd67ac1f6bf848b6,2wikimultihop,0,1,False,False,,,False,False,no_frozen_plan_snapshot
2afa11e908d211ebbd95ac1f6bf848b6,2wikimultihop,0,1,False,False,,,False,False,no_frozen_plan_snapshot
2afaf71c0bdd11eba7f7acde48001122,2wikimultihop,0,1,False,False,,,False,False,no_frozen_plan_snapshot
2b0b2387087b11ebbd67ac1f6bf848b6,2wikimultihop,0,1,False,False,,,False,False,no_frozen_plan_snapshot
2b19f637092c11ebbdaeac1f6bf848b6,2wikimultihop,0,1,False,False,,,False,False,no_frozen_plan_snapshot
2b3c1d2e086711ebbd5eac1f6bf848b6,2wikimultihop,0,1,False,False,,,False,False,no_frozen_plan_snapshot
2b4eff380bdd11eba7f7acde48001122,2wikimultihop,0,1,False,False,,,False,False,no_frozen_plan_snapshot
2b75986e0bdd11eba7f7acde48001122,2wikimultihop,0,1,False,False,,,False,False,no_frozen_plan_snapshot
2b78865708b211ebbd85ac1f6bf848b6,2wikimultihop,-1,0,False,False,,,False,False,no_frozen_plan_snapshot
2b7db0200bde11eba7f7acde48001122,2wikimultihop,0,1,False,False,,,False,False,no_frozen_plan_snapshot
2b81511c0bde11eba7f7acde48001122,2wikimultihop,0,1,False,False,,,False,False,no_frozen_plan_snapshot
2b9528860bde11eba7f7acde48001122,2wikimultihop,0,1,False,False,,,False,False,no_frozen_plan_snapshot
2ba40fac0bdb11eba7f7acde48001122,2wikimultihop,0,1,False,False,,,False,False,no_frozen_plan_snapshot
2bb179a2086711ebbd5eac1f6bf848b6,2wikimultihop,0,1,False,False,,,False,False,no_frozen_plan_snapshot
2bb3448b086211ebbd5dac1f6bf848b6,2wikimultihop,0,1,False,False,,,False,False,no_frozen_plan_snapshot
2bb730d9087411ebbd67ac1f6bf848b6,2wikimultihop,0,1,False,False,,,False,False,no_frozen_plan_snapshot
2bc995140bdc11eba7f7acde48001122,2wikimultihop,0,1,False,False,,,False,False,no_frozen_plan_snapshot
2be4da480bde11eba7f7acde48001122,2wikimultihop,0,1,False,False,,,False,False,no_frozen_plan_snapshot
2bece30e088f11ebbd72ac1f6bf848b6,2wikimultihop,0,1,False,False,,,False,False,no_frozen_plan_snapshot
2bfbc2080bde11eba7f7acde48001122,2wikimultihop,0,1,False,False,,,False,False,no_frozen_plan_snapshot
2c0cb8a7085011ebbd56ac1f6bf848b6,2wikimultihop,0,1,False,False,,,False,False,no_frozen_plan_snapshot
2c0ce6960bde11eba7f7acde48001122,2wikimultihop,0,1,False,False,,,False,False,no_frozen_plan_snapshot
2c16e30e08e511ebbda4ac1f6bf848b6,2wikimultihop,0,1,False,False,,,False,False,no_frozen_plan_snapshot
2c525424086911ebbd5eac1f6bf848b6,2wikimultihop,0,1,False,False,,,False,False,no_frozen_plan_snapshot
2c5df69e0bde11eba7f7acde48001122,2wikimultihop,1,2,False,False,,,False,False,no_frozen_plan_snapshot
2c7d1dd00bde11eba7f7acde48001122,2wikimultihop,0,1,False,False,,,False,False,no_frozen_plan_snapshot
2c95284e0bde11eba7f7acde48001122,2wikimultihop,0,1,False,False,,,False,False,no_frozen_plan_snapshot
2ca10c360bde11eba7f7acde48001122,2wikimultihop,0,1,False,False,,,False,False,no_frozen_plan_snapshot
2ca366480bde11eba7f7acde48001122,2wikimultihop,0,1,False,False,,,False,False,no_frozen_plan_snapshot
2cdc97dc0bda11eba7f7acde48001122,2wikimultihop,0,1,False,False,,,False,False,no_frozen_plan_snapshot
2ce0057a085111ebbd58ac1f6bf848b6,2wikimultihop,0,1,False,False,,,False,False,no_frozen_plan_snapshot
2ce41efe0bde11eba7f7acde48001122,2wikimultihop,0,1,False,False,,,False,False,no_frozen_plan_snapshot
2cf578340bde11eba7f7acde48001122,2wikimultihop,0,1,False,False,,,False,False,no_frozen_plan_snapshot
2cf819720bde11eba7f7acde48001122,2wikimultihop,0,1,False,False,,,False,False,no_frozen_plan_snapshot
2cfcf5500bde11eba7f7acde48001122,2wikimultihop,0,1,False,False,,,False,False,no_frozen_plan_snapshot
2d06b81a0bde11eba7f7acde48001122,2wikimultihop,0,1,False,False,,,False,False,no_frozen_plan_snapshot
2d2fdefe085311ebbd59ac1f6bf848b6,2wikimultihop,0,1,False,False,,,False,False,no_frozen_plan_snapshot
2d5b9aaf097911ebbdb0ac1f6bf848b6,2wikimultihop,0,1,False,False,,,False,False,no_frozen_plan_snapshot
2d5d6a2208be11ebbd8aac1f6bf848b6,2wikimultihop,0,1,False,False,,,False,False,no_frozen_plan_snapshot
2d69078008d311ebbd96ac1f6bf848b6,2wikimultihop,3,4,True,True,3,True,True,False,deep_hops_not_shallow
2d6abcda0bb011ebab90acde48001122,2wikimultihop,3,4,True,True,0,False,True,False,deep_hops_not_shallow
2d6d46a1086311ebbd5eac1f6bf848b6,2wikimultihop,1,2,False,False,,,False,False,no_frozen_plan_snapshot
2d7263cc0bdd11eba7f7acde48001122,2wikimultihop,0,1,False,False,,,False,False,no_frozen_plan_snapshot
2d72c18c0bb011ebab90acde48001122,2wikimultihop,0,1,False,False,,,False,False,no_frozen_plan_snapshot
2d898eaa08f911ebbdaaac1f6bf848b6,2wikimultihop,0,1,False,False,,,False,False,no_frozen_plan_snapshot
2d94661c0bdc11eba7f7acde48001122,2wikimultihop,0,1,False,False,,,False,False,no_frozen_plan_snapshot
2d97d84f08bf11ebbd8aac1f6bf848b6,2wikimultihop,0,1,False,False,,,False,False,no_frozen_plan_snapshot
2d9bdba5088f11ebbd72ac1f6bf848b6,2wikimultihop,0,1,False,False,,,False,False,no_frozen_plan_snapshot
2da46a3f08f311ebbdaaac1f6bf848b6,2wikimultihop,0,1,False,False,,,False,False,no_frozen_plan_snapshot
2da644540bdc11eba7f7acde48001122,2wikimultihop,0,1,False,False,,,False,False,no_frozen_plan_snapshot
2dabcfee0bde11eba7f7acde48001122,2wikimultihop,0,1,False,False,,,False,False,no_frozen_plan_snapshot
2db20a2808b211ebbd85ac1f6bf848b6,2wikimultihop,3,4,True,True,3,True,True,False,deep_hops_not_shallow
2db20f4a089f11ebbd78ac1f6bf848b6,2wikimultihop,3,4,True,True,3,True,True,False,deep_hops_not_shallow
2dc690ba0bdc11eba7f7acde48001122,2wikimultihop,0,1,False,False,,,False,False,no_frozen_plan_snapshot
2dd3bff80bda11eba7f7acde48001122,2wikimultihop,0,1,False,False,,,False,False,no_frozen_plan_snapshot
2de71a8a0bda11eba7f7acde48001122,2wikimultihop,2,3,True,True,2,True,True,False,deep_hops_not_shallow
2de7f0e00bda11eba7f7acde48001122,2wikimultihop,0,1,False,False,,,False,False,no_frozen_plan_snapshot
2df228340bdb11eba7f7acde48001122,2wikimultihop,0,1,False,False,,,False,False,no_frozen_plan_snapshot
2df44ae80bda11eba7f7acde48001122,2wikimultihop,0,1,False,False,,,False,False,no_frozen_plan_snapshot
2e070cf60bde11eba7f7acde48001122,2wikimultihop,0,1,False,False,,,False,False,no_frozen_plan_snapshot
2e13ff240bde11eba7f7acde48001122,2wikimultihop,0,1,False,False,,,False,False,no_frozen_plan_snapshot
2e1a14d60bde11eba7f7acde48001122,2wikimultihop,0,1,False,False,,,False,False,no_frozen_plan_snapshot
2e4804e8086611ebbd5eac1f6bf848b6,2wikimultihop,0,1,False,False,,,False,False,no_frozen_plan_snapshot
2e50a8760bdd11eba7f7acde48001122,2wikimultihop,0,1,False,False,,,False,False,no_frozen_plan_snapshot
2e612b41089c11ebbd78ac1f6bf848b6,2wikimultihop,0,1,False,False,,,False,False,no_frozen_plan_snapshot
2e6807220bde11eba7f7acde48001122,2wikimultihop,0,1,False,False,,,False,False,no_frozen_plan_snapshot
2e6fa204086211ebbd5dac1f6bf848b6,2wikimultihop,0,1,False,False,,,False,False,no_frozen_plan_snapshot
2e75dcc60bde11eba7f7acde48001122,2wikimultihop,0,1,False,False,,,False,False,no_frozen_plan_snapshot
2ea4c393089611ebbd76ac1f6bf848b6,2wikimultihop,3,4,True,True,3,True,True,False,deep_hops_not_shallow
2ea72c0c084d11ebbd56ac1f6bf848b6,2wikimultihop,0,1,False,False,,,False,False,no_frozen_plan_snapshot
2eaa7d9c0bb011ebab90acde48001122,2wikimultihop,0,1,False,False,,,False,False,no_frozen_plan_snapshot
2eb4b1040bb011ebab90acde48001122,2wikimultihop,0,1,False,False,,,False,False,no_frozen_plan_snapshot
2eb8fc9c08b211ebbd85ac1f6bf848b6,2wikimultihop,0,1,False,False,,,False,False,no_frozen_plan_snapshot
2ec178a00bdb11eba7f7acde48001122,2wikimultihop,0,1,False,False,,,False,False,no_frozen_plan_snapshot
2ed1a68c0bde11eba7f7acde48001122,2wikimultihop,0,1,False,False,,,False,False,no_frozen_plan_snapshot
2ee7d71408cc11ebbd93ac1f6bf848b6,2wikimultihop,0,1,False,False,,,False,False,no_frozen_plan_snapshot
2ef233a40baf11ebab90acde48001122,2wikimultihop,1,2,False,False,,,False,False,no_frozen_plan_snapshot
2ef9a6e3088b11ebbd6fac1f6bf848b6,2wikimultihop,-1,0,False,False,,,False,False,no_frozen_plan_snapshot
2f09d429089e11ebbd78ac1f6bf848b6,2wikimultihop,3,4,True,True,3,True,True,False,deep_hops_not_shallow
2f10177608d911ebbd9cac1f6bf848b6,2wikimultihop,0,1,False,False,,,False,False,no_frozen_plan_snapshot
2f25d8720bdb11eba7f7acde48001122,2wikimultihop,0,1,False,False,,,False,False,no_frozen_plan_snapshot
2f6c336a0bb011ebab90acde48001122,2wikimultihop,0,1,False,False,,,False,False,no_frozen_plan_snapshot
2f6ed2640bb011ebab90acde48001122,2wikimultihop,0,1,False,False,,,False,False,no_frozen_plan_snapshot
2f74627b090c11ebbdadac1f6bf848b6,2wikimultihop,0,1,False,False,,,False,False,no_frozen_plan_snapshot
2f7507ba0bb011ebab90acde48001122,2wikimultihop,0,1,False,False,,,False,False,no_frozen_plan_snapshot
2f91212408cf11ebbd94ac1f6bf848b6,2wikimultihop,0,1,False,False,,,False,False,no_frozen_plan_snapshot
2fae835a0bdd11eba7f7acde48001122,2wikimultihop,0,1,False,False,,,False,False,no_frozen_plan_snapshot
2fcc3e3e0bda11eba7f7acde48001122,2wikimultihop,0,1,False,False,,,False,False,no_frozen_plan_snapshot
2fd031c00bde11eba7f7acde48001122,2wikimultihop,0,1,False,False,,,False,False,no_frozen_plan_snapshot
2fe5bdc20bdb11eba7f7acde48001122,2wikimultihop,2,3,True,True,2,False,True,False,deep_hops_not_shallow
30001f5c0bde11eba7f7acde48001122,2wikimultihop,0,1,False,False,,,False,False,no_frozen_plan_snapshot
3004bc240bde11eba7f7acde48001122,2wikimultihop,0,1,False,False,,,False,False,no_frozen_plan_snapshot
3007ec78085011ebbd56ac1f6bf848b6,2wikimultihop,0,1,False,False,,,False,False,no_frozen_plan_snapshot
3009165e0bdc11eba7f7acde48001122,2wikimultihop,0,1,False,False,,,False,False,no_frozen_plan_snapshot
30170c900bb011ebab90acde48001122,2wikimultihop,0,1,False,False,,,False,False,no_frozen_plan_snapshot
3039f2ae0bde11eba7f7acde48001122,2wikimultihop,0,1,False,False,,,False,False,no_frozen_plan_snapshot
3040e4fb085611ebbd59ac1f6bf848b6,2wikimultihop,0,1,False,False,,,False,False,no_frozen_plan_snapshot
3084cf1e0bb011ebab90acde48001122,2wikimultihop,0,1,False,False,,,False,False,no_frozen_plan_snapshot
30885e540bb011ebab90acde48001122,2wikimultihop,0,1,False,False,,,False,False,no_frozen_plan_snapshot
3089ea1808ad11ebbd83ac1f6bf848b6,2wikimultihop,0,1,False,False,,,False,False,no_frozen_plan_snapshot
3089ea1908ad11ebbd83ac1f6bf848b6,2wikimultihop,0,1,False,False,,,False,False,no_frozen_plan_snapshot
30a3f59308a411ebbd7cac1f6bf848b6,2wikimultihop,0,1,False,False,,,False,False,no_frozen_plan_snapshot
30abcf4e08de11ebbd9eac1f6bf848b6,2wikimultihop,0,1,False,False,,,False,False,no_frozen_plan_snapshot
30bb0cf40bde11eba7f7acde48001122,2wikimultihop,0,1,False,False,,,False,False,no_frozen_plan_snapshot
30be5d9e0bdb11eba7f7acde48001122,2wikimultihop,0,1,False,False,,,False,False,no_frozen_plan_snapshot
30ee74680bde11eba7f7acde48001122,2wikimultihop,0,1,False,False,,,False,False,no_frozen_plan_snapshot
311655360bda11eba7f7acde48001122,2wikimultihop,0,1,False,False,,,False,False,no_frozen_plan_snapshot
3124831a084a11ebbd56ac1f6bf848b6,2wikimultihop,0,1,False,False,,,False,False,no_frozen_plan_snapshot
3141b8ae086d11ebbd61ac1f6bf848b6,2wikimultihop,0,1,False,False,,,False,False,no_frozen_plan_snapshot
315a523c0bde11eba7f7acde48001122,2wikimultihop,0,1,False,False,,,False,False,no_frozen_plan_snapshot
318dc4b408dc11ebbd9cac1f6bf848b6,2wikimultihop,0,1,False,False,,,False,False,no_frozen_plan_snapshot
318ebd55087f11ebbd6bac1f6bf848b6,2wikimultihop,0,1,False,False,,,False,False,no_frozen_plan_snapshot
319d2cd00baf11ebab90acde48001122,2wikimultihop,0,1,False,False,,,False,False,no_frozen_plan_snapshot
31ab5c8008b511ebbd88ac1f6bf848b6,2wikimultihop,0,1,False,False,,,False,False,no_frozen_plan_snapshot
31d2f293088111ebbd6dac1f6bf848b6,2wikimultihop,0,1,False,False,,,False,False,no_frozen_plan_snapshot
31d4cbe80bde11eba7f7acde48001122,2wikimultihop,0,1,False,False,,,False,False,no_frozen_plan_snapshot
31d56a3a0bde11eba7f7acde48001122,2wikimultihop,0,1,False,False,,,False,False,no_frozen_plan_snapshot
31e741520bdd11eba7f7acde48001122,2wikimultihop,2,3,True,True,3,False,True,False,deep_hops_not_shallow
31ea1e94093111ebbdaeac1f6bf848b6,2wikimultihop,0,1,False,False,,,False,False,no_frozen_plan_snapshot
31ed51e00bde11eba7f7acde48001122,2wikimultihop,0,1,False,False,,,False,False,no_frozen_plan_snapshot
31f991ae084a11ebbd56ac1f6bf848b6,2wikimultihop,0,1,False,False,,,False,False,no_frozen_plan_snapshot
3209ff5e0baf11ebab90acde48001122,2wikimultihop,0,1,False,False,,,False,False,no_frozen_plan_snapshot
320bdd100baf11ebab90acde48001122,2wikimultihop,0,1,False,False,,,False,False,no_frozen_plan_snapshot
3215fe5608cf11ebbd94ac1f6bf848b6,2wikimultihop,0,1,False,False,,,False,False,no_frozen_plan_snapshot
3219416708c211ebbd8bac1f6bf848b6,2wikimultihop,0,1,False,False,,,False,False,no_frozen_plan_snapshot
322178260bde11eba7f7acde48001122,2wikimultihop,2,3,True,True,0,False,True,False,deep_hops_not_shallow
322dc9a2087b11ebbd67ac1f6bf848b6,2wikimultihop,0,1,False,False,,,False,False,no_frozen_plan_snapshot
32493228084911ebbd55ac1f6bf848b6,2wikimultihop,0,1,False,False,,,False,False,no_frozen_plan_snapshot
325466280bde11eba7f7acde48001122,2wikimultihop,0,1,False,False,,,False,False,no_frozen_plan_snapshot
327a14420baf11ebab90acde48001122,2wikimultihop,0,1,False,False,,,False,False,no_frozen_plan_snapshot
327d00420bde11eba7f7acde48001122,2wikimultihop,0,1,False,False,,,False,False,no_frozen_plan_snapshot
327d52320bdd11eba7f7acde48001122,2wikimultihop,0,1,False,False,,,False,False,no_frozen_plan_snapshot
3289a8ba0bde11eba7f7acde48001122,2wikimultihop,0,1,False,False,,,False,False,no_frozen_plan_snapshot
32c37ce40bdd11eba7f7acde48001122,2wikimultihop,0,1,False,False,,,False,False,no_frozen_plan_snapshot
32c684c3089d11ebbd78ac1f6bf848b6,2wikimultihop,3,4,True,True,3,True,True,False,deep_hops_not_shallow
32d6c99a086b11ebbd5fac1f6bf848b6,2wikimultihop,0,1,False,False,,,False,False,no_frozen_plan_snapshot
32d8b8ce0bde11eba7f7acde48001122,2wikimultihop,0,1,False,False,,,False,False,no_frozen_plan_snapshot
32d8eb320bde11eba7f7acde48001122,2wikimultihop,0,1,False,False,,,False,False,no_frozen_plan_snapshot
32e50df00bb011ebab90acde48001122,2wikimultihop,0,1,False,False,,,False,False,no_frozen_plan_snapshot
32eab70208fe11ebbdadac1f6bf848b6,2wikimultihop,1,2,False,False,,,False,False,no_frozen_plan_snapshot
32ecfc7c0bb011ebab90acde48001122,2wikimultihop,0,1,False,False,,,False,False,no_frozen_plan_snapshot
32ef13800bde11eba7f7acde48001122,2wikimultihop,0,1,False,False,,,False,False,no_frozen_plan_snapshot
32fb259e0bde11eba7f7acde48001122,2wikimultihop,0,1,False,False,,,False,False,no_frozen_plan_snapshot
32fe2e3c08c111ebbd8bac1f6bf848b6,2wikimultihop,0,1,False,False,,,False,False,no_frozen_plan_snapshot
332132e80bde11eba7f7acde48001122,2wikimultihop,0,1,False,False,,,False,False,no_frozen_plan_snapshot
33638c6e0bda11eba7f7acde48001122,2wikimultihop,0,1,False,False,,,False,False,no_frozen_plan_snapshot
33c7739b088311ebbd6dac1f6bf848b6,2wikimultihop,0,1,False,False,,,False,False,no_frozen_plan_snapshot
33e3ba200bde11eba7f7acde48001122,2wikimultihop,0,1,False,False,,,False,False,no_frozen_plan_snapshot
33e3d8420bda11eba7f7acde48001122,2wikimultihop,0,1,False,False,,,False,False,no_frozen_plan_snapshot
33ecec4e0bde11eba7f7acde48001122,2wikimultihop,0,1,False,False,,,False,False,no_frozen_plan_snapshot
3448700a088c11ebbd6fac1f6bf848b6,2wikimultihop,0,1,False,False,,,False,False,no_frozen_plan_snapshot
3458c05c0bdb11eba7f7acde48001122,2wikimultihop,0,1,False,False,,,False,False,no_frozen_plan_snapshot
346a41b4084e11ebbd56ac1f6bf848b6,2wikimultihop,0,1,False,False,,,False,False,no_frozen_plan_snapshot
3470afb20bb011ebab90acde48001122,2wikimultihop,0,1,False,False,,,False,False,no_frozen_plan_snapshot
34942170088311ebbd6dac1f6bf848b6,2wikimultihop,0,1,False,False,,,False,False,no_frozen_plan_snapshot
34ffaab408cc11ebbd93ac1f6bf848b6,2wikimultihop,0,1,False,False,,,False,False,no_frozen_plan_snapshot
350ec8b80bde11eba7f7acde48001122,2wikimultihop,0,1,False,False,,,False,False,no_frozen_plan_snapshot
3516966008af11ebbd83ac1f6bf848b6,2wikimultihop,0,1,False,False,,,False,False,no_frozen_plan_snapshot
351a24b40bda11eba7f7acde48001122,2wikimultihop,0,1,False,False,,,False,False,no_frozen_plan_snapshot
35341d040bdc11eba7f7acde48001122,2wikimultihop,0,1,False,False,,,False,False,no_frozen_plan_snapshot
35568cbc0bb011ebab90acde48001122,2wikimultihop,0,1,False,False,,,False,False,no_frozen_plan_snapshot
355ac9940bb011ebab90acde48001122,2wikimultihop,0,1,False,False,,,False,False,no_frozen_plan_snapshot
355b86a40bb011ebab90acde48001122,2wikimultihop,1,2,False,False,,,False,False,no_frozen_plan_snapshot
356ac558088e11ebbd70ac1f6bf848b6,2wikimultihop,0,1,False,False,,,False,False,no_frozen_plan_snapshot
357020f60baf11ebab90acde48001122,2wikimultihop,0,1,False,False,,,False,False,no_frozen_plan_snapshot
357ac462087211ebbd65ac1f6bf848b6,2wikimultihop,0,1,False,False,,,False,False,no_frozen_plan_snapshot
35d462f40bdd11eba7f7acde48001122,2wikimultihop,0,1,False,False,,,False,False,no_frozen_plan_snapshot
35d4aaf0087411ebbd67ac1f6bf848b6,2wikimultihop,0,1,False,False,,,False,False,no_frozen_plan_snapshot
35e09904086b11ebbd5fac1f6bf848b6,2wikimultihop,0,1,False,False,,,False,False,no_frozen_plan_snapshot
35ead3a20bda11eba7f7acde48001122,2wikimultihop,0,1,False,False,,,False,False,no_frozen_plan_snapshot
35fc19ce0bde11eba7f7acde48001122,2wikimultihop,0,1,False,False,,,False,False,no_frozen_plan_snapshot
3602458e0bb011ebab90acde48001122,2wikimultihop,0,1,False,False,,,False,False,no_frozen_plan_snapshot
3602ac9a0bb011ebab90acde48001122,2wikimultihop,0,1,False,False,,,False,False,no_frozen_plan_snapshot
36129bfa0bdd11eba7f7acde48001122,2wikimultihop,0,1,False,False,,,False,False,no_frozen_plan_snapshot
3612cd500bdd11eba7f7acde48001122,2wikimultihop,0,1,False,False,,,False,False,no_frozen_plan_snapshot
361644f00bdb11eba7f7acde48001122,2wikimultihop,3,4,True,True,3,True,True,False,deep_hops_not_shallow
36170fba0baf11ebab90acde48001122,2wikimultihop,0,1,False,False,,,False,False,no_frozen_plan_snapshot
3628f5ff094d11ebbdaeac1f6bf848b6,2wikimultihop,0,1,False,False,,,False,False,no_frozen_plan_snapshot
362fbfec0baf11ebab90acde48001122,2wikimultihop,1,2,False,False,,,False,False,no_frozen_plan_snapshot
3630015a0baf11ebab90acde48001122,2wikimultihop,0,1,False,False,,,False,False,no_frozen_plan_snapshot
3630fd780bda11eba7f7acde48001122,2wikimultihop,0,1,False,False,,,False,False,no_frozen_plan_snapshot
363bbec60bde11eba7f7acde48001122,2wikimultihop,0,1,False,False,,,False,False,no_frozen_plan_snapshot
363c76cc084b11ebbd56ac1f6bf848b6,2wikimultihop,0,1,False,False,,,False,False,no_frozen_plan_snapshot
3641d5c60bda11eba7f7acde48001122,2wikimultihop,3,4,True,True,3,False,True,False,deep_hops_not_shallow
365bd27e0bde11eba7f7acde48001122,2wikimultihop,0,1,False,False,,,False,False,no_frozen_plan_snapshot
3664c4fa08f811ebbdaaac1f6bf848b6,2wikimultihop,1,2,False,False,,,False,False,no_frozen_plan_snapshot
367ea308088211ebbd6dac1f6bf848b6,2wikimultihop,0,1,False,False,,,False,False,no_frozen_plan_snapshot
368e1a7c0bde11eba7f7acde48001122,2wikimultihop,0,1,False,False,,,False,False,no_frozen_plan_snapshot
36960bb00bde11eba7f7acde48001122,2wikimultihop,0,1,False,False,,,False,False,no_frozen_plan_snapshot
36a710500bb011ebab90acde48001122,2wikimultihop,0,1,False,False,,,False,False,no_frozen_plan_snapshot
36b8644508af11ebbd83ac1f6bf848b6,2wikimultihop,0,1,False,False,,,False,False,no_frozen_plan_snapshot
36ba1d880bda11eba7f7acde48001122,2wikimultihop,0,1,False,False,,,False,False,no_frozen_plan_snapshot
36c94a3808e211ebbda3ac1f6bf848b6,2wikimultihop,0,1,False,False,,,False,False,no_frozen_plan_snapshot
36e115d2088311ebbd6dac1f6bf848b6,2wikimultihop,0,1,False,False,,,False,False,no_frozen_plan_snapshot
36ec2b3a086411ebbd5eac1f6bf848b6,2wikimultihop,0,1,False,False,,,False,False,no_frozen_plan_snapshot
36ecf33a0bde11eba7f7acde48001122,2wikimultihop,0,1,False,False,,,False,False,no_frozen_plan_snapshot
36fc43f808dc11ebbd9cac1f6bf848b6,2wikimultihop,0,1,False,False,,,False,False,no_frozen_plan_snapshot
3704a63f08a411ebbd7cac1f6bf848b6,2wikimultihop,1,2,False,False,,,False,False,no_frozen_plan_snapshot
3712624a08dd11ebbd9dac1f6bf848b6,2wikimultihop,3,4,True,True,3,True,True,False,deep_hops_not_shallow
3717c0600bde11eba7f7acde48001122,2wikimultihop,0,1,False,False,,,False,False,no_frozen_plan_snapshot
372d95020bde11eba7f7acde48001122,2wikimultihop,0,1,False,False,,,False,False,no_frozen_plan_snapshot
37379b99085411ebbd59ac1f6bf848b6,2wikimultihop,0,1,False,False,,,False,False,no_frozen_plan_snapshot
3738760b085c11ebbd5cac1f6bf848b6,2wikimultihop,0,1,False,False,,,False,False,no_frozen_plan_snapshot
3741c4ae086011ebbd5dac1f6bf848b6,2wikimultihop,0,1,False,False,,,False,False,no_frozen_plan_snapshot
375e7e4408c611ebbd90ac1f6bf848b6,2wikimultihop,0,1,False,False,,,False,False,no_frozen_plan_snapshot
37a252ce08ab11ebbd81ac1f6bf848b6,2wikimultihop,0,1,False,False,,,False,False,no_frozen_plan_snapshot
37a485c308c311ebbd8dac1f6bf848b6,2wikimultihop,0,1,False,False,,,False,False,no_frozen_plan_snapshot
37a7af5a0bb011ebab90acde48001122,2wikimultihop,0,1,False,False,,,False,False,no_frozen_plan_snapshot
37d7e2e80bdc11eba7f7acde48001122,2wikimultihop,1,2,False,False,,,False,False,no_frozen_plan_snapshot
37dfb29109c511ebbdb0ac1f6bf848b6,2wikimultihop,0,1,False,False,,,False,False,no_frozen_plan_snapshot
37f3bd380baf11ebab90acde48001122,2wikimultihop,0,1,False,False,,,False,False,no_frozen_plan_snapshot
37ff2e860bda11eba7f7acde48001122,2wikimultihop,0,1,False,False,,,False,False,no_frozen_plan_snapshot
38050e100bde11eba7f7acde48001122,2wikimultihop,0,1,False,False,,,False,False,no_frozen_plan_snapshot
3805416e0bde11eba7f7acde48001122,2wikimultihop,2,3,True,True,2,True,True,False,deep_hops_not_shallow
383c7761087311ebbd66ac1f6bf848b6,2wikimultihop,0,1,False,False,,,False,False,no_frozen_plan_snapshot
383f1ba4084b11ebbd56ac1f6bf848b6,2wikimultihop,1,2,False,False,,,False,False,no_frozen_plan_snapshot
384a387e0bb011ebab90acde48001122,2wikimultihop,1,2,False,False,,,False,False,no_frozen_plan_snapshot
38573b3e0bdb11eba7f7acde48001122,2wikimultihop,0,1,False,False,,,False,False,no_frozen_plan_snapshot
385ee4280bdc11eba7f7acde48001122,2wikimultihop,0,1,False,False,,,False,False,no_frozen_plan_snapshot
387c056e0bda11eba7f7acde48001122,2wikimultihop,0,1,False,False,,,False,False,no_frozen_plan_snapshot
390da94e08a411ebbd7cac1f6bf848b6,2wikimultihop,0,1,False,False,,,False,False,no_frozen_plan_snapshot
390f026c0bdd11eba7f7acde48001122,2wikimultihop,0,1,False,False,,,False,False,no_frozen_plan_snapshot
391f3d3a0bb011ebab90acde48001122,2wikimultihop,0,1,False,False,,,False,False,no_frozen_plan_snapshot
3929c8c80bdc11eba7f7acde48001122,2wikimultihop,0,1,False,False,,,False,False,no_frozen_plan_snapshot
3936b1500bdc11eba7f7acde48001122,2wikimultihop,0,1,False,False,,,False,False,no_frozen_plan_snapshot
393b128a089f11ebbd78ac1f6bf848b6,2wikimultihop,0,1,False,False,,,False,False,no_frozen_plan_snapshot
3956e2ea0bdc11eba7f7acde48001122,2wikimultihop,0,1,False,False,,,False,False,no_frozen_plan_snapshot
396a3978086511ebbd5eac1f6bf848b6,2wikimultihop,3,4,True,True,3,True,True,False,deep_hops_not_shallow
3972d2b60baf11ebab90acde48001122,2wikimultihop,0,1,False,False,,,False,False,no_frozen_plan_snapshot
39a51bef085e11ebbd5cac1f6bf848b6,2wikimultihop,0,1,False,False,,,False,False,no_frozen_plan_snapshot
39bdb2980bde11eba7f7acde48001122,2wikimultihop,2,3,True,True,2,False,True,False,deep_hops_not_shallow
39befe640bde11eba7f7acde48001122,2wikimultihop,2,3,True,True,2,True,True,False,deep_hops_not_shallow
39c32aa2086411ebbd5eac1f6bf848b6,2wikimultihop,0,1,False,False,,,False,False,no_frozen_plan_snapshot
39d2924e08b411ebbd87ac1f6bf848b6,2wikimultihop,0,1,False,False,,,False,False,no_frozen_plan_snapshot
39e5fd3308ea11ebbda7ac1f6bf848b6,2wikimultihop,0,1,False,False,,,False,False,no_frozen_plan_snapshot
39eba8ce088711ebbd6dac1f6bf848b6,2wikimultihop,0,1,False,False,,,False,False,no_frozen_plan_snapshot
39fa366e0bd911eba7f7acde48001122,2wikimultihop,0,1,False,False,,,False,False,no_frozen_plan_snapshot
3a13d0620baf11ebab90acde48001122,2wikimultihop,0,1,False,False,,,False,False,no_frozen_plan_snapshot
3a160a400bdb11eba7f7acde48001122,2wikimultihop,0,1,False,False,,,False,False,no_frozen_plan_snapshot
3a18655008cb11ebbd92ac1f6bf848b6,2wikimultihop,0,1,False,False,,,False,False,no_frozen_plan_snapshot
3a22549a08dd11ebbd9dac1f6bf848b6,2wikimultihop,0,1,False,False,,,False,False,no_frozen_plan_snapshot
3a238506088611ebbd6dac1f6bf848b6,2wikimultihop,0,1,False,False,,,False,False,no_frozen_plan_snapshot
3a2dd2540bdd11eba7f7acde48001122,2wikimultihop,0,1,False,False,,,False,False,no_frozen_plan_snapshot
3a3100b00bdc11eba7f7acde48001122,2wikimultihop,2,3,True,True,2,False,True,False,deep_hops_not_shallow
3a3d60020bdd11eba7f7acde48001122,2wikimultihop,0,1,False,False,,,False,False,no_frozen_plan_snapshot
3a6e83be086b11ebbd5fac1f6bf848b6,2wikimultihop,0,1,False,False,,,False,False,no_frozen_plan_snapshot
3a98adc608fa11ebbdacac1f6bf848b6,2wikimultihop,0,1,False,False,,,False,False,no_frozen_plan_snapshot
3aa6289708c511ebbd8eac1f6bf848b6,2wikimultihop,0,1,False,False,,,False,False,no_frozen_plan_snapshot
3aa8382a08c011ebbd8aac1f6bf848b6,2wikimultihop,0,1,False,False,,,False,False,no_frozen_plan_snapshot
3adf4e5a091511ebbdadac1f6bf848b6,2wikimultihop,0,1,False,False,,,False,False,no_frozen_plan_snapshot
3ae04de80bde11eba7f7acde48001122,2wikimultihop,0,1,False,False,,,False,False,no_frozen_plan_snapshot
3ae1f320086211ebbd5dac1f6bf848b6,2wikimultihop,0,1,False,False,,,False,False,no_frozen_plan_snapshot
3aef61360bdc11eba7f7acde48001122,2wikimultihop,0,1,False,False,,,False,False,no_frozen_plan_snapshot
3afdad9c086f11ebbd62ac1f6bf848b6,2wikimultihop,0,1,False,False,,,False,False,no_frozen_plan_snapshot
3b079b7c0bda11eba7f7acde48001122,2wikimultihop,0,1,False,False,,,False,False,no_frozen_plan_snapshot
3b0b8f75086611ebbd5eac1f6bf848b6,2wikimultihop,0,1,False,False,,,False,False,no_frozen_plan_snapshot
3b2aa53e0bdc11eba7f7acde48001122,2wikimultihop,1,2,False,False,,,False,False,no_frozen_plan_snapshot
3b2db90a093011ebbdaeac1f6bf848b6,2wikimultihop,0,1,False,False,,,False,False,no_frozen_plan_snapshot
3b5a4070089711ebbd76ac1f6bf848b6,2wikimultihop,0,1,False,False,,,False,False,no_frozen_plan_snapshot
3b5e453a096611ebbdafac1f6bf848b6,2wikimultihop,0,1,False,False,,,False,False,no_frozen_plan_snapshot
3b744aa00bdb11eba7f7acde48001122,2wikimultihop,0,1,False,False,,,False,False,no_frozen_plan_snapshot
3b76b5c80bdc11eba7f7acde48001122,2wikimultihop,0,1,False,False,,,False,False,no_frozen_plan_snapshot
3bb9590e0bb011ebab90acde48001122,2wikimultihop,0,1,False,False,,,False,False,no_frozen_plan_snapshot
3bbc5b180bb011ebab90acde48001122,2wikimultihop,1,2,False,False,,,False,False,no_frozen_plan_snapshot
3bee1660089911ebbd77ac1f6bf848b6,2wikimultihop,3,4,True,True,3,True,True,False,deep_hops_not_shallow
3bf1539d08ed11ebbda7ac1f6bf848b6,2wikimultihop,1,2,False,False,,,False,False,no_frozen_plan_snapshot
3c23074c086211ebbd5dac1f6bf848b6,2wikimultihop,0,1,False,False,,,False,False,no_frozen_plan_snapshot
3c36eba2084b11ebbd56ac1f6bf848b6,2wikimultihop,0,1,False,False,,,False,False,no_frozen_plan_snapshot
3c44771e08b211ebbd85ac1f6bf848b6,2wikimultihop,3,4,True,True,0,False,True,False,deep_hops_not_shallow
3c56e1780bd911eba7f7acde48001122,2wikimultihop,0,1,False,False,,,False,False,no_frozen_plan_snapshot
3c62a4680bd911eba7f7acde48001122,2wikimultihop,0,1,False,False,,,False,False,no_frozen_plan_snapshot
3c66378808a711ebbd7fac1f6bf848b6,2wikimultihop,0,1,False,False,,,False,False,no_frozen_plan_snapshot
3c8b503d085711ebbd5aac1f6bf848b6,2wikimultihop,0,1,False,False,,,False,False,no_frozen_plan_snapshot
3c9020cd097811ebbdb0ac1f6bf848b6,2wikimultihop,0,1,False,False,,,False,False,no_frozen_plan_snapshot
3c9ec66a089011ebbd72ac1f6bf848b6,2wikimultihop,0,1,False,False,,,False,False,no_frozen_plan_snapshot
3ca2596e0bde11eba7f7acde48001122,2wikimultihop,0,1,False,False,,,False,False,no_frozen_plan_snapshot
3cc3895c08cf11ebbd94ac1f6bf848b6,2wikimultihop,0,1,False,False,,,False,False,no_frozen_plan_snapshot
3cc398b20bda11eba7f7acde48001122,2wikimultihop,0,1,False,False,,,False,False,no_frozen_plan_snapshot
3ccbcad20bda11eba7f7acde48001122,2wikimultihop,0,1,False,False,,,False,False,no_frozen_plan_snapshot
3cda3f500bd911eba7f7acde48001122,2wikimultihop,0,1,False,False,,,False,False,no_frozen_plan_snapshot
3cec35b4091011ebbdadac1f6bf848b6,2wikimultihop,0,1,False,False,,,False,False,no_frozen_plan_snapshot
3cf8c6e0084c11ebbd56ac1f6bf848b6,2wikimultihop,0,1,False,False,,,False,False,no_frozen_plan_snapshot
3d03e0260bde11eba7f7acde48001122,2wikimultihop,0,1,False,False,,,False,False,no_frozen_plan_snapshot
3d1200fc0bde11eba7f7acde48001122,2wikimultihop,0,1,False,False,,,False,False,no_frozen_plan_snapshot
3d14d8e508ec11ebbda7ac1f6bf848b6,2wikimultihop,0,1,False,False,,,False,False,no_frozen_plan_snapshot
3d1cae66089711ebbd76ac1f6bf848b6,2wikimultihop,0,1,False,False,,,False,False,no_frozen_plan_snapshot
3d1d9fe40bb011ebab90acde48001122,2wikimultihop,0,1,False,False,,,False,False,no_frozen_plan_snapshot
3d4662300bb011ebab90acde48001122,2wikimultihop,0,1,False,False,,,False,False,no_frozen_plan_snapshot
3d624700088311ebbd6dac1f6bf848b6,2wikimultihop,3,4,True,True,3,True,True,False,deep_hops_not_shallow
3d9e31a4089711ebbd76ac1f6bf848b6,2wikimultihop,0,1,False,False,,,False,False,no_frozen_plan_snapshot
3da318ea0bdd11eba7f7acde48001122,2wikimultihop,0,1,False,False,,,False,False,no_frozen_plan_snapshot
3da4a60e0bda11eba7f7acde48001122,2wikimultihop,0,1,False,False,,,False,False,no_frozen_plan_snapshot
3dc6f7b4086e11ebbd62ac1f6bf848b6,2wikimultihop,0,1,False,False,,,False,False,no_frozen_plan_snapshot
3dd39d820bdb11eba7f7acde48001122,2wikimultihop,0,1,False,False,,,False,False,no_frozen_plan_snapshot
3ddc20060bdb11eba7f7acde48001122,2wikimultihop,0,1,False,False,,,False,False,no_frozen_plan_snapshot
3def863e0bde11eba7f7acde48001122,2wikimultihop,0,1,False,False,,,False,False,no_frozen_plan_snapshot
3e15be5a0baf11ebab90acde48001122,2wikimultihop,0,1,False,False,,,False,False,no_frozen_plan_snapshot
3e1cba9e088911ebbd6eac1f6bf848b6,2wikimultihop,0,1,False,False,,,False,False,no_frozen_plan_snapshot
3e1f8f82084b11ebbd56ac1f6bf848b6,2wikimultihop,0,1,False,False,,,False,False,no_frozen_plan_snapshot
3e3cd62a086211ebbd5dac1f6bf848b6,2wikimultihop,0,1,False,False,,,False,False,no_frozen_plan_snapshot
3e44fbee086311ebbd5eac1f6bf848b6,2wikimultihop,0,1,False,False,,,False,False,no_frozen_plan_snapshot
3e483c3c096c11ebbdafac1f6bf848b6,2wikimultihop,0,1,False,False,,,False,False,no_frozen_plan_snapshot
3e5580c00bb011ebab90acde48001122,2wikimultihop,0,1,False,False,,,False,False,no_frozen_plan_snapshot
3e694d6408a211ebbd7aac1f6bf848b6,2wikimultihop,0,1,False,False,,,False,False,no_frozen_plan_snapshot
3e75a2b908bf11ebbd8aac1f6bf848b6,2wikimultihop,0,1,False,False,,,False,False,no_frozen_plan_snapshot
3eb2c1080bd911eba7f7acde48001122,2wikimultihop,0,1,False,False,,,False,False,no_frozen_plan_snapshot
3edbf4fc0bb011ebab90acde48001122,2wikimultihop,0,1,False,False,,,False,False,no_frozen_plan_snapshot
3f26e95608c911ebbd92ac1f6bf848b6,2wikimultihop,3,4,True,True,3,True,True,False,deep_hops_not_shallow
3f635554096511ebbdafac1f6bf848b6,2wikimultihop,0,1,False,False,,,False,False,no_frozen_plan_snapshot
3f78aa9408c811ebbd91ac1f6bf848b6,2wikimultihop,0,1,False,False,,,False,False,no_frozen_plan_snapshot
3f894264086411ebbd5eac1f6bf848b6,2wikimultihop,0,1,False,False,,,False,False,no_frozen_plan_snapshot
3f9d631c08bf11ebbd8aac1f6bf848b6,2wikimultihop,0,1,False,False,,,False,False,no_frozen_plan_snapshot
3fa67b7e0baf11ebab90acde48001122,2wikimultihop,0,1,False,False,,,False,False,no_frozen_plan_snapshot
400808b608b311ebbd86ac1f6bf848b6,2wikimultihop,3,4,True,True,3,True,True,False,deep_hops_not_shallow
4019023c0bde11eba7f7acde48001122,2wikimultihop,0,1,False,False,,,False,False,no_frozen_plan_snapshot
402881c8086711ebbd5eac1f6bf848b6,2wikimultihop,0,1,False,False,,,False,False,no_frozen_plan_snapshot
402d63d00bde11eba7f7acde48001122,2wikimultihop,0,1,False,False,,,False,False,no_frozen_plan_snapshot
403beab4089211ebbd73ac1f6bf848b6,2wikimultihop,0,1,False,False,,,False,False,no_frozen_plan_snapshot
406a4ee00bb011ebab90acde48001122,2wikimultihop,1,2,False,False,,,False,False,no_frozen_plan_snapshot
4075e978088911ebbd6eac1f6bf848b6,2wikimultihop,0,1,False,False,,,False,False,no_frozen_plan_snapshot
407810d40bdd11eba7f7acde48001122,2wikimultihop,0,1,False,False,,,False,False,no_frozen_plan_snapshot
40898b4e0bdc11eba7f7acde48001122,2wikimultihop,0,1,False,False,,,False,False,no_frozen_plan_snapshot
40960ba40bdb11eba7f7acde48001122,2wikimultihop,0,1,False,False,,,False,False,no_frozen_plan_snapshot
40d40bf40bde11eba7f7acde48001122,2wikimultihop,0,1,False,False,,,False,False,no_frozen_plan_snapshot
40da89160bde11eba7f7acde48001122,2wikimultihop,0,1,False,False,,,False,False,no_frozen_plan_snapshot
40f3b6b4093511ebbdaeac1f6bf848b6,2wikimultihop,0,1,False,False,,,False,False,no_frozen_plan_snapshot
410fbb40087f11ebbd6bac1f6bf848b6,2wikimultihop,0,1,False,False,,,False,False,no_frozen_plan_snapshot
411de60c0bde11eba7f7acde48001122,2wikimultihop,1,2,False,False,,,False,False,no_frozen_plan_snapshot
412dda320bdc11eba7f7acde48001122,2wikimultihop,0,1,False,False,,,False,False,no_frozen_plan_snapshot
4133bb67085b11ebbd5cac1f6bf848b6,2wikimultihop,0,1,False,False,,,False,False,no_frozen_plan_snapshot
415c96a2089311ebbd74ac1f6bf848b6,2wikimultihop,0,1,False,False,,,False,False,no_frozen_plan_snapshot
4165dd540bde11eba7f7acde48001122,2wikimultihop,2,3,True,True,0,False,True,False,deep_hops_not_shallow
416ee34a0bde11eba7f7acde48001122,2wikimultihop,0,1,False,False,,,False,False,no_frozen_plan_snapshot
4175aadc0bdd11eba7f7acde48001122,2wikimultihop,0,1,False,False,,,False,False,no_frozen_plan_snapshot
41a3ab40098111ebbdb0ac1f6bf848b6,2wikimultihop,1,2,False,False,,,False,False,no_frozen_plan_snapshot
41b35ada0bb011ebab90acde48001122,2wikimultihop,0,1,False,False,,,False,False,no_frozen_plan_snapshot
41c2d9300bdb11eba7f7acde48001122,2wikimultihop,0,1,False,False,,,False,False,no_frozen_plan_snapshot
41cc8a6208fb11ebbdacac1f6bf848b6,2wikimultihop,0,1,False,False,,,False,False,no_frozen_plan_snapshot
41edeed3085b11ebbd5cac1f6bf848b6,2wikimultihop,0,1,False,False,,,False,False,no_frozen_plan_snapshot
421512620bdc11eba7f7acde48001122,2wikimultihop,0,1,False,False,,,False,False,no_frozen_plan_snapshot
421d07aa0bb011ebab90acde48001122,2wikimultihop,1,2,False,False,,,False,False,no_frozen_plan_snapshot
421d66f00bb011ebab90acde48001122,2wikimultihop,0,1,False,False,,,False,False,no_frozen_plan_snapshot
4228d7300bdb11eba7f7acde48001122,2wikimultihop,1,2,False,False,,,False,False,no_frozen_plan_snapshot
422b014608ab11ebbd82ac1f6bf848b6,2wikimultihop,0,1,False,False,,,False,False,no_frozen_plan_snapshot
422bf7bc087011ebbd62ac1f6bf848b6,2wikimultihop,3,4,True,True,3,True,True,False,deep_hops_not_shallow
42349102085611ebbd59ac1f6bf848b6,2wikimultihop,-1,0,False,False,,,False,False,no_frozen_plan_snapshot
424a47e208c211ebbd8bac1f6bf848b6,2wikimultihop,1,2,False,False,,,False,False,no_frozen_plan_snapshot
424d56700bde11eba7f7acde48001122,2wikimultihop,0,1,False,False,,,False,False,no_frozen_plan_snapshot
42525ae2089311ebbd74ac1f6bf848b6,2wikimultihop,0,1,False,False,,,False,False,no_frozen_plan_snapshot
425f288c0bde11eba7f7acde48001122,2wikimultihop,0,1,False,False,,,False,False,no_frozen_plan_snapshot
42609ff00bde11eba7f7acde48001122,2wikimultihop,0,1,False,False,,,False,False,no_frozen_plan_snapshot
42661902085b11ebbd5cac1f6bf848b6,2wikimultihop,0,1,False,False,,,False,False,no_frozen_plan_snapshot
4269c2260bdc11eba7f7acde48001122,2wikimultihop,2,3,True,True,0,False,True,False,deep_hops_not_shallow
4294897e0bb011ebab90acde48001122,2wikimultihop,0,1,False,False,,,False,False,no_frozen_plan_snapshot
4294eaae0bb011ebab90acde48001122,2wikimultihop,0,1,False,False,,,False,False,no_frozen_plan_snapshot
429cb2db087611ebbd67ac1f6bf848b6,2wikimultihop,0,1,False,False,,,False,False,no_frozen_plan_snapshot
429d41f80bde11eba7f7acde48001122,2wikimultihop,0,1,False,False,,,False,False,no_frozen_plan_snapshot
42a0e6420bdd11eba7f7acde48001122,2wikimultihop,0,1,False,False,,,False,False,no_frozen_plan_snapshot
42b7677c0bde11eba7f7acde48001122,2wikimultihop,0,1,False,False,,,False,False,no_frozen_plan_snapshot
42cbc08c0bde11eba7f7acde48001122,2wikimultihop,0,1,False,False,,,False,False,no_frozen_plan_snapshot
42d74ba00bde11eba7f7acde48001122,2wikimultihop,0,1,False,False,,,False,False,no_frozen_plan_snapshot
42ea658c0bde11eba7f7acde48001122,2wikimultihop,2,3,True,True,2,True,True,False,deep_hops_not_shallow
42eb321a0bdd11eba7f7acde48001122,2wikimultihop,0,1,False,False,,,False,False,no_frozen_plan_snapshot
42ed1ab008dd11ebbd9dac1f6bf848b6,2wikimultihop,0,1,False,False,,,False,False,no_frozen_plan_snapshot
42f160760bde11eba7f7acde48001122,2wikimultihop,0,1,False,False,,,False,False,no_frozen_plan_snapshot
42f793240bde11eba7f7acde48001122,2wikimultihop,0,1,False,False,,,False,False,no_frozen_plan_snapshot
42fdf432084e11ebbd56ac1f6bf848b6,2wikimultihop,0,1,False,False,,,False,False,no_frozen_plan_snapshot
4306062a0bde11eba7f7acde48001122,2wikimultihop,0,1,False,False,,,False,False,no_frozen_plan_snapshot
430966620bde11eba7f7acde48001122,2wikimultihop,0,1,False,False,,,False,False,no_frozen_plan_snapshot
430d584d08e511ebbda4ac1f6bf848b6,2wikimultihop,0,1,False,False,,,False,False,no_frozen_plan_snapshot
431831d808af11ebbd83ac1f6bf848b6,2wikimultihop,0,1,False,False,,,False,False,no_frozen_plan_snapshot
43208df60bde11eba7f7acde48001122,2wikimultihop,0,1,False,False,,,False,False,no_frozen_plan_snapshot
432d5c5c08aa11ebbd80ac1f6bf848b6,2wikimultihop,1,2,False,False,,,False,False,no_frozen_plan_snapshot
433de6f40bdd11eba7f7acde48001122,2wikimultihop,0,1,False,False,,,False,False,no_frozen_plan_snapshot
435d00bc0baf11ebab90acde48001122,2wikimultihop,0,1,False,False,,,False,False,no_frozen_plan_snapshot
435fa4de0bdc11eba7f7acde48001122,2wikimultihop,0,1,False,False,,,False,False,no_frozen_plan_snapshot
4360713609b611ebbdb0ac1f6bf848b6,2wikimultihop,0,1,False,False,,,False,False,no_frozen_plan_snapshot
437933840bde11eba7f7acde48001122,2wikimultihop,0,1,False,False,,,False,False,no_frozen_plan_snapshot
437bed640bdd11eba7f7acde48001122,2wikimultihop,0,1,False,False,,,False,False,no_frozen_plan_snapshot
437f3b9a0bdd11eba7f7acde48001122,2wikimultihop,0,1,False,False,,,False,False,no_frozen_plan_snapshot
43828fba0bde11eba7f7acde48001122,2wikimultihop,0,1,False,False,,,False,False,no_frozen_plan_snapshot
4390ee9809bd11ebbdb0ac1f6bf848b6,2wikimultihop,0,1,False,False,,,False,False,no_frozen_plan_snapshot
4396b5b208e111ebbda2ac1f6bf848b6,2wikimultihop,0,1,False,False,,,False,False,no_frozen_plan_snapshot
43a0d7cd087d11ebbd6aac1f6bf848b6,2wikimultihop,0,1,False,False,,,False,False,no_frozen_plan_snapshot
43b3bf5208d911ebbd9cac1f6bf848b6,2wikimultihop,0,1,False,False,,,False,False,no_frozen_plan_snapshot
43bcac040bde11eba7f7acde48001122,2wikimultihop,0,1,False,False,,,False,False,no_frozen_plan_snapshot
43c8e38e0bde11eba7f7acde48001122,2wikimultihop,1,2,False,False,,,False,False,no_frozen_plan_snapshot
43c910980bde11eba7f7acde48001122,2wikimultihop,0,1,False,False,,,False,False,no_frozen_plan_snapshot
43d16a100baf11ebab90acde48001122,2wikimultihop,0,1,False,False,,,False,False,no_frozen_plan_snapshot
43d5682c0baf11ebab90acde48001122,2wikimultihop,0,1,False,False,,,False,False,no_frozen_plan_snapshot
43d5b92d08cf11ebbd94ac1f6bf848b6,2wikimultihop,1,2,False,False,,,False,False,no_frozen_plan_snapshot
43d7f2180baf11ebab90acde48001122,2wikimultihop,0,1,False,False,,,False,False,no_frozen_plan_snapshot
43d8b52c0baf11ebab90acde48001122,2wikimultihop,0,1,False,False,,,False,False,no_frozen_plan_snapshot
43e8cfdc0bd911eba7f7acde48001122,2wikimultihop,0,1,False,False,,,False,False,no_frozen_plan_snapshot
43fedada095511ebbdaeac1f6bf848b6,2wikimultihop,0,1,False,False,,,False,False,no_frozen_plan_snapshot
440317820bdb11eba7f7acde48001122,2wikimultihop,0,1,False,False,,,False,False,no_frozen_plan_snapshot
442430e20bdc11eba7f7acde48001122,2wikimultihop,0,1,False,False,,,False,False,no_frozen_plan_snapshot
442a82ac0bdd11eba7f7acde48001122,2wikimultihop,0,1,False,False,,,False,False,no_frozen_plan_snapshot
443917c40bdb11eba7f7acde48001122,2wikimultihop,0,1,False,False,,,False,False,no_frozen_plan_snapshot
44687d280bb011ebab90acde48001122,2wikimultihop,0,1,False,False,,,False,False,no_frozen_plan_snapshot
44e72de60bdb11eba7f7acde48001122,2wikimultihop,2,3,True,True,0,False,True,False,deep_hops_not_shallow
44eb6b0a0bda11eba7f7acde48001122,2wikimultihop,0,1,False,False,,,False,False,no_frozen_plan_snapshot
44fe8eae09c211ebbdb0ac1f6bf848b6,2wikimultihop,0,1,False,False,,,False,False,no_frozen_plan_snapshot
4525e4240bda11eba7f7acde48001122,2wikimultihop,0,1,False,False,,,False,False,no_frozen_plan_snapshot
45463c0f091611ebbdaeac1f6bf848b6,2wikimultihop,0,1,False,False,,,False,False,no_frozen_plan_snapshot
456ab3640bdb11eba7f7acde48001122,2wikimultihop,0,1,False,False,,,False,False,no_frozen_plan_snapshot
457383ca0bdd11eba7f7acde48001122,2wikimultihop,0,1,False,False,,,False,False,no_frozen_plan_snapshot
459f7e9c085611ebbd59ac1f6bf848b6,2wikimultihop,0,1,False,False,,,False,False,no_frozen_plan_snapshot
45ad25da08db11ebbd9cac1f6bf848b6,2wikimultihop,0,1,False,False,,,False,False,no_frozen_plan_snapshot
45af359408ab11ebbd82ac1f6bf848b6,2wikimultihop,0,1,False,False,,,False,False,no_frozen_plan_snapshot
45be519d086e11ebbd62ac1f6bf848b6,2wikimultihop,0,1,False,False,,,False,False,no_frozen_plan_snapshot
45cd2d1c08c211ebbd8bac1f6bf848b6,2wikimultihop,0,1,False,False,,,False,False,no_frozen_plan_snapshot
45eb6a5408b611ebbd88ac1f6bf848b6,2wikimultihop,0,1,False,False,,,False,False,no_frozen_plan_snapshot
4601087408c411ebbd8eac1f6bf848b6,2wikimultihop,0,1,False,False,,,False,False,no_frozen_plan_snapshot
460ca32008a111ebbd78ac1f6bf848b6,2wikimultihop,0,1,False,False,,,False,False,no_frozen_plan_snapshot
4618f4f60bdb11eba7f7acde48001122,2wikimultihop,0,1,False,False,,,False,False,no_frozen_plan_snapshot
4639cf440bdd11eba7f7acde48001122,2wikimultihop,0,1,False,False,,,False,False,no_frozen_plan_snapshot
4648da32088811ebbd6eac1f6bf848b6,2wikimultihop,-1,0,False,False,,,False,False,no_frozen_plan_snapshot
464c75b20bd911eba7f7acde48001122,2wikimultihop,0,1,False,False,,,False,False,no_frozen_plan_snapshot
4667569a0baf11ebab90acde48001122,2wikimultihop,0,1,False,False,,,False,False,no_frozen_plan_snapshot
4667c781091411ebbdadac1f6bf848b6,2wikimultihop,1,2,False,False,,,False,False,no_frozen_plan_snapshot
469cfb7a088911ebbd6eac1f6bf848b6,2wikimultihop,3,4,True,True,3,True,True,False,deep_hops_not_shallow
46a99487096a11ebbdafac1f6bf848b6,2wikimultihop,0,1,False,False,,,False,False,no_frozen_plan_snapshot
46ae4ca608e111ebbda2ac1f6bf848b6,2wikimultihop,1,2,False,False,,,False,False,no_frozen_plan_snapshot
46b9d788085511ebbd59ac1f6bf848b6,2wikimultihop,0,1,False,False,,,False,False,no_frozen_plan_snapshot
46d9df32097211ebbdb0ac1f6bf848b6,2wikimultihop,0,1,False,False,,,False,False,no_frozen_plan_snapshot
46dc00cc0bdb11eba7f7acde48001122,2wikimultihop,0,1,False,False,,,False,False,no_frozen_plan_snapshot
46e2b2720baf11ebab90acde48001122,2wikimultihop,0,1,False,False,,,False,False,no_frozen_plan_snapshot
46e4933a0baf11ebab90acde48001122,2wikimultihop,0,1,False,False,,,False,False,no_frozen_plan_snapshot
46e99a3d094111ebbdaeac1f6bf848b6,2wikimultihop,0,1,False,False,,,False,False,no_frozen_plan_snapshot
470e9857089911ebbd77ac1f6bf848b6,2wikimultihop,0,1,False,False,,,False,False,no_frozen_plan_snapshot
471af9880bdd11eba7f7acde48001122,2wikimultihop,0,1,False,False,,,False,False,no_frozen_plan_snapshot
47219fad085111ebbd58ac1f6bf848b6,2wikimultihop,0,1,False,False,,,False,False,no_frozen_plan_snapshot
4725cf020bdd11eba7f7acde48001122,2wikimultihop,0,1,False,False,,,False,False,no_frozen_plan_snapshot
474254660baf11ebab90acde48001122,2wikimultihop,1,2,False,False,,,False,False,no_frozen_plan_snapshot
47431af40baf11ebab90acde48001122,2wikimultihop,0,1,False,False,,,False,False,no_frozen_plan_snapshot
47747f5408bc11ebbd88ac1f6bf848b6,2wikimultihop,3,4,True,True,3,True,True,False,deep_hops_not_shallow
479c9ff808ef11ebbda8ac1f6bf848b6,2wikimultihop,0,1,False,False,,,False,False,no_frozen_plan_snapshot
47a59362091411ebbdadac1f6bf848b6,2wikimultihop,0,1,False,False,,,False,False,no_frozen_plan_snapshot
47bb70600bde11eba7f7acde48001122,2wikimultihop,0,1,False,False,,,False,False,no_frozen_plan_snapshot
47be67660bde11eba7f7acde48001122,2wikimultihop,2,3,True,True,2,False,True,False,deep_hops_not_shallow
47c161800bdb11eba7f7acde48001122,2wikimultihop,0,1,False,False,,,False,False,no_frozen_plan_snapshot
47c32ef1089511ebbd75ac1f6bf848b6,2wikimultihop,0,1,False,False,,,False,False,no_frozen_plan_snapshot
47d28564094c11ebbdaeac1f6bf848b6,2wikimultihop,0,1,False,False,,,False,False,no_frozen_plan_snapshot
4804b7fe08f511ebbdaaac1f6bf848b6,2wikimultihop,0,1,False,False,,,False,False,no_frozen_plan_snapshot
480ca2c0084e11ebbd56ac1f6bf848b6,2wikimultihop,0,1,False,False,,,False,False,no_frozen_plan_snapshot
480e8626089911ebbd77ac1f6bf848b6,2wikimultihop,3,4,True,True,3,True,True,False,deep_hops_not_shallow
48137be00baf11ebab90acde48001122,2wikimultihop,0,1,False,False,,,False,False,no_frozen_plan_snapshot
481c76fa0baf11ebab90acde48001122,2wikimultihop,0,1,False,False,,,False,False,no_frozen_plan_snapshot
482e6b440baf11ebab90acde48001122,2wikimultihop,0,1,False,False,,,False,False,no_frozen_plan_snapshot
48ace10a085c11ebbd5cac1f6bf848b6,2wikimultihop,0,1,False,False,,,False,False,no_frozen_plan_snapshot
48b1e7660bb011ebab90acde48001122,2wikimultihop,0,1,False,False,,,False,False,no_frozen_plan_snapshot
48b29e2c0bb011ebab90acde48001122,2wikimultihop,0,1,False,False,,,False,False,no_frozen_plan_snapshot
48be86cc0bda11eba7f7acde48001122,2wikimultihop,0,1,False,False,,,False,False,no_frozen_plan_snapshot
48d12a480bda11eba7f7acde48001122,2wikimultihop,0,1,False,False,,,False,False,no_frozen_plan_snapshot
48ecfa4e0bde11eba7f7acde48001122,2wikimultihop,0,1,False,False,,,False,False,no_frozen_plan_snapshot
4912efa60bde11eba7f7acde48001122,2wikimultihop,0,1,False,False,,,False,False,no_frozen_plan_snapshot
4915a2b2084d11ebbd56ac1f6bf848b6,2wikimultihop,3,4,True,True,3,True,True,False,deep_hops_not_shallow
491a36140bdc11eba7f7acde48001122,2wikimultihop,0,1,False,False,,,False,False,no_frozen_plan_snapshot
493bd17508db11ebbd9cac1f6bf848b6,2wikimultihop,0,1,False,False,,,False,False,no_frozen_plan_snapshot
49409db4093711ebbdaeac1f6bf848b6,2wikimultihop,0,1,False,False,,,False,False,no_frozen_plan_snapshot
49480961087e11ebbd6bac1f6bf848b6,2wikimultihop,0,1,False,False,,,False,False,no_frozen_plan_snapshot
494c0f0e0baf11ebab90acde48001122,2wikimultihop,0,1,False,False,,,False,False,no_frozen_plan_snapshot
495260a00bde11eba7f7acde48001122,2wikimultihop,0,1,False,False,,,False,False,no_frozen_plan_snapshot
495c63980bd911eba7f7acde48001122,2wikimultihop,0,1,False,False,,,False,False,no_frozen_plan_snapshot
495d61cc0bb011ebab90acde48001122,2wikimultihop,0,1,False,False,,,False,False,no_frozen_plan_snapshot
495e71a20bb011ebab90acde48001122,2wikimultihop,0,1,False,False,,,False,False,no_frozen_plan_snapshot
496763c5089611ebbd76ac1f6bf848b6,2wikimultihop,0,1,False,False,,,False,False,no_frozen_plan_snapshot
497156a60bdc11eba7f7acde48001122,2wikimultihop,0,1,False,False,,,False,False,no_frozen_plan_snapshot
49774ef8085511ebbd59ac1f6bf848b6,2wikimultihop,0,1,False,False,,,False,False,no_frozen_plan_snapshot
497a2625091211ebbdadac1f6bf848b6,2wikimultihop,0,1,False,False,,,False,False,no_frozen_plan_snapshot
49960e10089111ebbd72ac1f6bf848b6,2wikimultihop,0,1,False,False,,,False,False,no_frozen_plan_snapshot
49aaa2fa08ab11ebbd82ac1f6bf848b6,2wikimultihop,0,1,False,False,,,False,False,no_frozen_plan_snapshot
49ac82560bde11eba7f7acde48001122,2wikimultihop,0,1,False,False,,,False,False,no_frozen_plan_snapshot
49b230a00bdb11eba7f7acde48001122,2wikimultihop,0,1,False,False,,,False,False,no_frozen_plan_snapshot
49baa9120bde11eba7f7acde48001122,2wikimultihop,1,2,False,False,,,False,False,no_frozen_plan_snapshot
49de8d7a0bdc11eba7f7acde48001122,2wikimultihop,2,3,True,True,2,True,True,False,deep_hops_not_shallow
49df85020bde11eba7f7acde48001122,2wikimultihop,0,1,False,False,,,False,False,no_frozen_plan_snapshot
49e0153808ac11ebbd82ac1f6bf848b6,2wikimultihop,3,4,True,True,3,True,True,False,deep_hops_not_shallow
4a008df6089111ebbd72ac1f6bf848b6,2wikimultihop,0,1,False,False,,,False,False,no_frozen_plan_snapshot
4a11106f08ea11ebbda7ac1f6bf848b6,2wikimultihop,0,1,False,False,,,False,False,no_frozen_plan_snapshot
4a24e89e08a611ebbd7eac1f6bf848b6,2wikimultihop,0,1,False,False,,,False,False,no_frozen_plan_snapshot
4a48b39c090511ebbdadac1f6bf848b6,2wikimultihop,0,1,False,False,,,False,False,no_frozen_plan_snapshot
4a53b17c0bdc11eba7f7acde48001122,2wikimultihop,0,1,False,False,,,False,False,no_frozen_plan_snapshot
4a6324bc0bdd11eba7f7acde48001122,2wikimultihop,0,1,False,False,,,False,False,no_frozen_plan_snapshot
4a85df04089811ebbd77ac1f6bf848b6,2wikimultihop,0,1,False,False,,,False,False,no_frozen_plan_snapshot
4a8ec2e00bdb11eba7f7acde48001122,2wikimultihop,0,1,False,False,,,False,False,no_frozen_plan_snapshot
4a8ffd360bdb11eba7f7acde48001122,2wikimultihop,0,1,False,False,,,False,False,no_frozen_plan_snapshot
4a964624089c11ebbd78ac1f6bf848b6,2wikimultihop,0,1,False,False,,,False,False,no_frozen_plan_snapshot
4a9acefe0baf11ebab90acde48001122,2wikimultihop,1,2,False,False,,,False,False,no_frozen_plan_snapshot
4a9ba16c0baf11ebab90acde48001122,2wikimultihop,0,1,False,False,,,False,False,no_frozen_plan_snapshot
4a9bfe280baf11ebab90acde48001122,2wikimultihop,0,1,False,False,,,False,False,no_frozen_plan_snapshot
4aa187080baf11ebab90acde48001122,2wikimultihop,0,1,False,False,,,False,False,no_frozen_plan_snapshot
4aae6955095d11ebbdaeac1f6bf848b6,2wikimultihop,0,1,False,False,,,False,False,no_frozen_plan_snapshot
4ab64cf80bda11eba7f7acde48001122,2wikimultihop,0,1,False,False,,,False,False,no_frozen_plan_snapshot
4ab9a9b40bdc11eba7f7acde48001122,2wikimultihop,0,1,False,False,,,False,False,no_frozen_plan_snapshot
4b0048a80bda11eba7f7acde48001122,2wikimultihop,0,1,False,False,,,False,False,no_frozen_plan_snapshot
4b00867a0bde11eba7f7acde48001122,2wikimultihop,0,1,False,False,,,False,False,no_frozen_plan_snapshot
4b1758400bda11eba7f7acde48001122,2wikimultihop,0,1,False,False,,,False,False,no_frozen_plan_snapshot
4b2a2efd08d811ebbd9aac1f6bf848b6,2wikimultihop,0,1,False,False,,,False,False,no_frozen_plan_snapshot
4b692f960bb011ebab90acde48001122,2wikimultihop,0,1,False,False,,,False,False,no_frozen_plan_snapshot
4b6b1fea0bb011ebab90acde48001122,2wikimultihop,0,1,False,False,,,False,False,no_frozen_plan_snapshot
4b6cfd400bda11eba7f7acde48001122,2wikimultihop,0,1,False,False,,,False,False,no_frozen_plan_snapshot
4b7eed900bdd11eba7f7acde48001122,2wikimultihop,3,4,True,True,3,True,True,False,deep_hops_not_shallow
4b9580400bde11eba7f7acde48001122,2wikimultihop,0,1,False,False,,,False,False,no_frozen_plan_snapshot
4bb815b60bdd11eba7f7acde48001122,2wikimultihop,0,1,False,False,,,False,False,no_frozen_plan_snapshot
4bcaf85608c811ebbd91ac1f6bf848b6,2wikimultihop,0,1,False,False,,,False,False,no_frozen_plan_snapshot
4bef1887086511ebbd5eac1f6bf848b6,2wikimultihop,0,1,False,False,,,False,False,no_frozen_plan_snapshot
4bf6888008ab11ebbd82ac1f6bf848b6,2wikimultihop,0,1,False,False,,,False,False,no_frozen_plan_snapshot
4c028de00baf11ebab90acde48001122,2wikimultihop,0,1,False,False,,,False,False,no_frozen_plan_snapshot
4c070b620bb011ebab90acde48001122,2wikimultihop,0,1,False,False,,,False,False,no_frozen_plan_snapshot
4c1772720bb011ebab90acde48001122,2wikimultihop,0,1,False,False,,,False,False,no_frozen_plan_snapshot
4c2067f60bb011ebab90acde48001122,2wikimultihop,0,1,False,False,,,False,False,no_frozen_plan_snapshot
4c405d3608c411ebbd8eac1f6bf848b6,2wikimultihop,0,1,False,False,,,False,False,no_frozen_plan_snapshot
4c47d951091711ebbdaeac1f6bf848b6,2wikimultihop,0,1,False,False,,,False,False,no_frozen_plan_snapshot
4c55cdf0096f11ebbdb0ac1f6bf848b6,2wikimultihop,0,1,False,False,,,False,False,no_frozen_plan_snapshot
4c60adc20bdb11eba7f7acde48001122,2wikimultihop,0,1,False,False,,,False,False,no_frozen_plan_snapshot
4c61cd2c088111ebbd6dac1f6bf848b6,2wikimultihop,3,4,True,True,3,True,True,False,deep_hops_not_shallow
4c6b7f4d08c311ebbd8dac1f6bf848b6,2wikimultihop,0,1,False,False,,,False,False,no_frozen_plan_snapshot
4c7a03560bdd11eba7f7acde48001122,2wikimultihop,0,1,False,False,,,False,False,no_frozen_plan_snapshot
4c98d4f008b511ebbd88ac1f6bf848b6,2wikimultihop,0,1,False,False,,,False,False,no_frozen_plan_snapshot
4ca173ac0bdb11eba7f7acde48001122,2wikimultihop,0,1,False,False,,,False,False,no_frozen_plan_snapshot
4caa260a0bdb11eba7f7acde48001122,2wikimultihop,0,1,False,False,,,False,False,no_frozen_plan_snapshot
4cbc264c0bdc11eba7f7acde48001122,2wikimultihop,0,1,False,False,,,False,False,no_frozen_plan_snapshot
4ce1d27b08bc11ebbd88ac1f6bf848b6,2wikimultihop,0,1,False,False,,,False,False,no_frozen_plan_snapshot
4d2a73fa08c511ebbd8eac1f6bf848b6,2wikimultihop,0,1,False,False,,,False,False,no_frozen_plan_snapshot
4d3ab509099c11ebbdb0ac1f6bf848b6,2wikimultihop,0,1,False,False,,,False,False,no_frozen_plan_snapshot
4d559f400bda11eba7f7acde48001122,2wikimultihop,0,1,False,False,,,False,False,no_frozen_plan_snapshot
4d71099308ba11ebbd88ac1f6bf848b6,2wikimultihop,0,1,False,False,,,False,False,no_frozen_plan_snapshot
4d7754b20bdc11eba7f7acde48001122,2wikimultihop,2,3,True,True,2,True,True,False,deep_hops_not_shallow
4d8e0d460bb011ebab90acde48001122,2wikimultihop,0,1,False,False,,,False,False,no_frozen_plan_snapshot
4d92e50a0bb011ebab90acde48001122,2wikimultihop,0,1,False,False,,,False,False,no_frozen_plan_snapshot
4dad8e800bda11eba7f7acde48001122,2wikimultihop,0,1,False,False,,,False,False,no_frozen_plan_snapshot
4dd6b933097411ebbdb0ac1f6bf848b6,2wikimultihop,0,1,False,False,,,False,False,no_frozen_plan_snapshot
4de007f40bdd11eba7f7acde48001122,2wikimultihop,0,1,False,False,,,False,False,no_frozen_plan_snapshot
4dec7e1c0bdd11eba7f7acde48001122,2wikimultihop,0,1,False,False,,,False,False,no_frozen_plan_snapshot
4e3802420bdd11eba7f7acde48001122,2wikimultihop,0,1,False,False,,,False,False,no_frozen_plan_snapshot
4e43a803096111ebbdafac1f6bf848b6,2wikimultihop,-1,0,False,False,,,False,False,no_frozen_plan_snapshot
4e786ebb08f911ebbdaaac1f6bf848b6,2wikimultihop,0,1,False,False,,,False,False,no_frozen_plan_snapshot
4e8195fa095b11ebbdaeac1f6bf848b6,2wikimultihop,1,2,False,False,,,False,False,no_frozen_plan_snapshot
4e9561d40bd911eba7f7acde48001122,2wikimultihop,0,1,False,False,,,False,False,no_frozen_plan_snapshot
4eab52b00bdd11eba7f7acde48001122,2wikimultihop,2,3,True,True,2,True,True,False,deep_hops_not_shallow
4eb8cb5208e411ebbda4ac1f6bf848b6,2wikimultihop,0,1,False,False,,,False,False,no_frozen_plan_snapshot
4ef0d0c80bde11eba7f7acde48001122,2wikimultihop,0,1,False,False,,,False,False,no_frozen_plan_snapshot
4f25444a0bdc11eba7f7acde48001122,2wikimultihop,0,1,False,False,,,False,False,no_frozen_plan_snapshot
4f362ec80bdb11eba7f7acde48001122,2wikimultihop,0,1,False,False,,,False,False,no_frozen_plan_snapshot
4f7ae3820bdc11eba7f7acde48001122,2wikimultihop,0,1,False,False,,,False,False,no_frozen_plan_snapshot
4f7cb17c0bdb11eba7f7acde48001122,2wikimultihop,0,1,False,False,,,False,False,no_frozen_plan_snapshot
4f84536c0bdd11eba7f7acde48001122,2wikimultihop,0,1,False,False,,,False,False,no_frozen_plan_snapshot
4f84d7140bde11eba7f7acde48001122,2wikimultihop,0,1,False,False,,,False,False,no_frozen_plan_snapshot
4f8e349e08e111ebbda2ac1f6bf848b6,2wikimultihop,0,1,False,False,,,False,False,no_frozen_plan_snapshot
4fa1e2b5097211ebbdb0ac1f6bf848b6,2wikimultihop,0,1,False,False,,,False,False,no_frozen_plan_snapshot
4fa359f1097411ebbdb0ac1f6bf848b6,2wikimultihop,0,1,False,False,,,False,False,no_frozen_plan_snapshot
4fa75a2e0bdd11eba7f7acde48001122,2wikimultihop,0,1,False,False,,,False,False,no_frozen_plan_snapshot
4fa9d2780baf11ebab90acde48001122,2wikimultihop,0,1,False,False,,,False,False,no_frozen_plan_snapshot
4fabc23c0bdb11eba7f7acde48001122,2wikimultihop,2,3,True,True,2,True,True,False,deep_hops_not_shallow
4facc3320bd911eba7f7acde48001122,2wikimultihop,0,1,False,False,,,False,False,no_frozen_plan_snapshot
4fb9d00c0bdb11eba7f7acde48001122,2wikimultihop,0,1,False,False,,,False,False,no_frozen_plan_snapshot
4fd9f7bc08af11ebbd83ac1f6bf848b6,2wikimultihop,0,1,False,False,,,False,False,no_frozen_plan_snapshot
4ff4ea2a087511ebbd67ac1f6bf848b6,2wikimultihop,0,1,False,False,,,False,False,no_frozen_plan_snapshot
5005cde7089411ebbd75ac1f6bf848b6,2wikimultihop,0,1,False,False,,,False,False,no_frozen_plan_snapshot
502b761c08cf11ebbd95ac1f6bf848b6,2wikimultihop,0,1,False,False,,,False,False,no_frozen_plan_snapshot
505a63d40bd911eba7f7acde48001122,2wikimultihop,2,3,True,True,2,True,True,False,deep_hops_not_shallow
507bc3300bde11eba7f7acde48001122,2wikimultihop,0,1,False,False,,,False,False,no_frozen_plan_snapshot
50a052e1085511ebbd59ac1f6bf848b6,2wikimultihop,0,1,False,False,,,False,False,no_frozen_plan_snapshot
50a388f20bde11eba7f7acde48001122,2wikimultihop,0,1,False,False,,,False,False,no_frozen_plan_snapshot
50b6626d08cb11ebbd92ac1f6bf848b6,2wikimultihop,0,1,False,False,,,False,False,no_frozen_plan_snapshot
50b9582c0bb011ebab90acde48001122,2wikimultihop,0,1,False,False,,,False,False,no_frozen_plan_snapshot
50be9c960bde11eba7f7acde48001122,2wikimultihop,0,1,False,False,,,False,False,no_frozen_plan_snapshot
50d47ac60bdd11eba7f7acde48001122,2wikimultihop,0,1,False,False,,,False,False,no_frozen_plan_snapshot
50db274809b411ebbdb0ac1f6bf848b6,2wikimultihop,0,1,False,False,,,False,False,no_frozen_plan_snapshot
50ef9efe087d11ebbd6aac1f6bf848b6,2wikimultihop,0,1,False,False,,,False,False,no_frozen_plan_snapshot
50f75b9e0bde11eba7f7acde48001122,2wikimultihop,0,1,False,False,,,False,False,no_frozen_plan_snapshot
510b4f140bd911eba7f7acde48001122,2wikimultihop,0,1,False,False,,,False,False,no_frozen_plan_snapshot
5119254208ac11ebbd82ac1f6bf848b6,2wikimultihop,0,1,False,False,,,False,False,no_frozen_plan_snapshot
512a07dc0bda11eba7f7acde48001122,2wikimultihop,0,1,False,False,,,False,False,no_frozen_plan_snapshot
5136ceac08f011ebbda8ac1f6bf848b6,2wikimultihop,0,1,False,False,,,False,False,no_frozen_plan_snapshot
51478b9e08d611ebbd98ac1f6bf848b6,2wikimultihop,0,1,False,False,,,False,False,no_frozen_plan_snapshot
515cc8f00bdc11eba7f7acde48001122,2wikimultihop,2,3,True,True,2,True,True,False,deep_hops_not_shallow
516df1e60bde11eba7f7acde48001122,2wikimultihop,0,1,False,False,,,False,False,no_frozen_plan_snapshot
519026fa0baf11ebab90acde48001122,2wikimultihop,0,1,False,False,,,False,False,no_frozen_plan_snapshot
519cf6dc0baf11ebab90acde48001122,2wikimultihop,0,1,False,False,,,False,False,no_frozen_plan_snapshot
51c1d16408be11ebbd8aac1f6bf848b6,2wikimultihop,0,1,False,False,,,False,False,no_frozen_plan_snapshot
51c71b4e08e211ebbda3ac1f6bf848b6,2wikimultihop,1,2,False,False,,,False,False,no_frozen_plan_snapshot
51e2484e099411ebbdb0ac1f6bf848b6,2wikimultihop,0,1,False,False,,,False,False,no_frozen_plan_snapshot
51fec64e08b111ebbd85ac1f6bf848b6,2wikimultihop,0,1,False,False,,,False,False,no_frozen_plan_snapshot
5211d89a095011ebbdaeac1f6bf848b6,2wikimultihop,0,1,False,False,,,False,False,no_frozen_plan_snapshot
52376a780bdc11eba7f7acde48001122,2wikimultihop,0,1,False,False,,,False,False,no_frozen_plan_snapshot
523ed58c0bdd11eba7f7acde48001122,2wikimultihop,0,1,False,False,,,False,False,no_frozen_plan_snapshot
5256bf800bb011ebab90acde48001122,2wikimultihop,0,1,False,False,,,False,False,no_frozen_plan_snapshot
5258ef6c0bb011ebab90acde48001122,2wikimultihop,0,1,False,False,,,False,False,no_frozen_plan_snapshot
525947000bb011ebab90acde48001122,2wikimultihop,0,1,False,False,,,False,False,no_frozen_plan_snapshot
525d90d8086f11ebbd62ac1f6bf848b6,2wikimultihop,0,1,False,False,,,False,False,no_frozen_plan_snapshot
5261ce7a0bb011ebab90acde48001122,2wikimultihop,0,1,False,False,,,False,False,no_frozen_plan_snapshot
52672e740bdd11eba7f7acde48001122,2wikimultihop,0,1,False,False,,,False,False,no_frozen_plan_snapshot
5269a8700bdd11eba7f7acde48001122,2wikimultihop,0,1,False,False,,,False,False,no_frozen_plan_snapshot
527ee6120bd911eba7f7acde48001122,2wikimultihop,0,1,False,False,,,False,False,no_frozen_plan_snapshot
52d0c351086511ebbd5eac1f6bf848b6,2wikimultihop,0,1,False,False,,,False,False,no_frozen_plan_snapshot
52e764720bdd11eba7f7acde48001122,2wikimultihop,0,1,False,False,,,False,False,no_frozen_plan_snapshot
52ed2cb20bde11eba7f7acde48001122,2wikimultihop,0,1,False,False,,,False,False,no_frozen_plan_snapshot
52f3875608be11ebbd8aac1f6bf848b6,2wikimultihop,3,4,True,True,3,True,True,False,deep_hops_not_shallow
530779ce0bdd11eba7f7acde48001122,2wikimultihop,0,1,False,False,,,False,False,no_frozen_plan_snapshot
530b83f20bb011ebab90acde48001122,2wikimultihop,0,1,False,False,,,False,False,no_frozen_plan_snapshot
5335a4e00bdb11eba7f7acde48001122,2wikimultihop,0,1,False,False,,,False,False,no_frozen_plan_snapshot
5349f3b80baf11ebab90acde48001122,2wikimultihop,0,1,False,False,,,False,False,no_frozen_plan_snapshot
534cb9fe0baf11ebab90acde48001122,2wikimultihop,0,1,False,False,,,False,False,no_frozen_plan_snapshot
5359efa20baf11ebab90acde48001122,2wikimultihop,0,1,False,False,,,False,False,no_frozen_plan_snapshot
53625784086511ebbd5eac1f6bf848b6,2wikimultihop,3,4,True,True,3,True,True,False,deep_hops_not_shallow
536b0e940bdd11eba7f7acde48001122,2wikimultihop,0,1,False,False,,,False,False,no_frozen_plan_snapshot
53ab316c08b911ebbd88ac1f6bf848b6,2wikimultihop,0,1,False,False,,,False,False,no_frozen_plan_snapshot
53b6377e0bde11eba7f7acde48001122,2wikimultihop,0,1,False,False,,,False,False,no_frozen_plan_snapshot
53b662800bde11eba7f7acde48001122,2wikimultihop,0,1,False,False,,,False,False,no_frozen_plan_snapshot
53d64ad80bb011ebab90acde48001122,2wikimultihop,0,1,False,False,,,False,False,no_frozen_plan_snapshot
53df937208ae11ebbd83ac1f6bf848b6,2wikimultihop,0,1,False,False,,,False,False,no_frozen_plan_snapshot
53e08c32088611ebbd6dac1f6bf848b6,2wikimultihop,0,1,False,False,,,False,False,no_frozen_plan_snapshot
53e18b8c0bb011ebab90acde48001122,2wikimultihop,0,1,False,False,,,False,False,no_frozen_plan_snapshot
53e1d0ec0bb011ebab90acde48001122,2wikimultihop,0,1,False,False,,,False,False,no_frozen_plan_snapshot
53e7e9d80baf11ebab90acde48001122,2wikimultihop,0,1,False,False,,,False,False,no_frozen_plan_snapshot
53f3501408d711ebbd9aac1f6bf848b6,2wikimultihop,0,1,False,False,,,False,False,no_frozen_plan_snapshot
5410b503086c11ebbd61ac1f6bf848b6,2wikimultihop,0,1,False,False,,,False,False,no_frozen_plan_snapshot
54a93148086b11ebbd5fac1f6bf848b6,2wikimultihop,0,1,False,False,,,False,False,no_frozen_plan_snapshot
551d82440bdd11eba7f7acde48001122,2wikimultihop,0,1,False,False,,,False,False,no_frozen_plan_snapshot
55362d940bdd11eba7f7acde48001122,2wikimultihop,0,1,False,False,,,False,False,no_frozen_plan_snapshot
553dcc7a0bdd11eba7f7acde48001122,2wikimultihop,0,1,False,False,,,False,False,no_frozen_plan_snapshot
556087660baf11ebab90acde48001122,2wikimultihop,0,1,False,False,,,False,False,no_frozen_plan_snapshot
55660c0a086b11ebbd5fac1f6bf848b6,2wikimultihop,3,4,True,True,3,True,True,False,deep_hops_not_shallow
5569eb4e0baf11ebab90acde48001122,2wikimultihop,0,1,False,False,,,False,False,no_frozen_plan_snapshot
556b31e80baf11ebab90acde48001122,2wikimultihop,1,2,False,False,,,False,False,no_frozen_plan_snapshot
556b75e00baf11ebab90acde48001122,2wikimultihop,0,1,False,False,,,False,False,no_frozen_plan_snapshot
5574c98c087711ebbd67ac1f6bf848b6,2wikimultihop,0,1,False,False,,,False,False,no_frozen_plan_snapshot
5596c9140bd911eba7f7acde48001122,2wikimultihop,0,1,False,False,,,False,False,no_frozen_plan_snapshot
55a00d6c0bd911eba7f7acde48001122,2wikimultihop,0,1,False,False,,,False,False,no_frozen_plan_snapshot
55a91202087a11ebbd67ac1f6bf848b6,2wikimultihop,3,4,True,True,3,True,True,False,deep_hops_not_shallow
55c66eca093111ebbdaeac1f6bf848b6,2wikimultihop,4,5,True,True,0,False,True,False,deep_hops_not_shallow
55cbd4da08a311ebbd7bac1f6bf848b6,2wikimultihop,0,1,False,False,,,False,False,no_frozen_plan_snapshot
55e26860085f11ebbd5cac1f6bf848b6,2wikimultihop,0,1,False,False,,,False,False,no_frozen_plan_snapshot
55ec1fca087c11ebbd6aac1f6bf848b6,2wikimultihop,0,1,False,False,,,False,False,no_frozen_plan_snapshot
55f41a7f085511ebbd59ac1f6bf848b6,2wikimultihop,0,1,False,False,,,False,False,no_frozen_plan_snapshot
55fc5bc80bdc11eba7f7acde48001122,2wikimultihop,0,1,False,False,,,False,False,no_frozen_plan_snapshot
561a61ae0bdc11eba7f7acde48001122,2wikimultihop,0,1,False,False,,,False,False,no_frozen_plan_snapshot
5640f5f8097c11ebbdb0ac1f6bf848b6,2wikimultihop,0,1,False,False,,,False,False,no_frozen_plan_snapshot
564e614a088311ebbd6dac1f6bf848b6,2wikimultihop,0,1,False,False,,,False,False,no_frozen_plan_snapshot
565724120bb011ebab90acde48001122,2wikimultihop,0,1,False,False,,,False,False,no_frozen_plan_snapshot
565785740bb011ebab90acde48001122,2wikimultihop,0,1,False,False,,,False,False,no_frozen_plan_snapshot
565d21740bdc11eba7f7acde48001122,2wikimultihop,2,3,True,True,2,True,True,False,deep_hops_not_shallow
567c74200bdc11eba7f7acde48001122,2wikimultihop,2,3,True,True,2,True,True,False,deep_hops_not_shallow
568dd4860bdc11eba7f7acde48001122,2wikimultihop,0,1,False,False,,,False,False,no_frozen_plan_snapshot
569d8504089c11ebbd78ac1f6bf848b6,2wikimultihop,3,4,True,True,3,True,True,False,deep_hops_not_shallow
56b2c4dc08a111ebbd79ac1f6bf848b6,2wikimultihop,0,1,False,False,,,False,False,no_frozen_plan_snapshot
56b66a2c0bdc11eba7f7acde48001122,2wikimultihop,0,1,False,False,,,False,False,no_frozen_plan_snapshot
56c3a6c20bd911eba7f7acde48001122,2wikimultihop,0,1,False,False,,,False,False,no_frozen_plan_snapshot
56c857fe0bb011ebab90acde48001122,2wikimultihop,0,1,False,False,,,False,False,no_frozen_plan_snapshot
56d2ffcc08d811ebbd9aac1f6bf848b6,2wikimultihop,0,1,False,False,,,False,False,no_frozen_plan_snapshot
56d2ffcd08d811ebbd9aac1f6bf848b6,2wikimultihop,0,1,False,False,,,False,False,no_frozen_plan_snapshot
56ef31700bd911eba7f7acde48001122,2wikimultihop,0,1,False,False,,,False,False,no_frozen_plan_snapshot
56f039eb08a911ebbd80ac1f6bf848b6,2wikimultihop,0,1,False,False,,,False,False,no_frozen_plan_snapshot
56f73ba60baf11ebab90acde48001122,2wikimultihop,0,1,False,False,,,False,False,no_frozen_plan_snapshot
56fd5a440bdd11eba7f7acde48001122,2wikimultihop,0,1,False,False,,,False,False,no_frozen_plan_snapshot
571bef1a0bdb11eba7f7acde48001122,2wikimultihop,0,1,False,False,,,False,False,no_frozen_plan_snapshot
571c28120bdc11eba7f7acde48001122,2wikimultihop,0,1,False,False,,,False,False,no_frozen_plan_snapshot
571e337b091611ebbdaeac1f6bf848b6,2wikimultihop,0,1,False,False,,,False,False,no_frozen_plan_snapshot
572c3827088311ebbd6dac1f6bf848b6,2wikimultihop,0,1,False,False,,,False,False,no_frozen_plan_snapshot
57431f700bb011ebab90acde48001122,2wikimultihop,0,1,False,False,,,False,False,no_frozen_plan_snapshot
574cc14409c111ebbdb0ac1f6bf848b6,2wikimultihop,0,1,False,False,,,False,False,no_frozen_plan_snapshot
574d6b980bdc11eba7f7acde48001122,2wikimultihop,0,1,False,False,,,False,False,no_frozen_plan_snapshot
57511f820bdb11eba7f7acde48001122,2wikimultihop,0,1,False,False,,,False,False,no_frozen_plan_snapshot
576ec48a0bde11eba7f7acde48001122,2wikimultihop,0,1,False,False,,,False,False,no_frozen_plan_snapshot
577638aa0bde11eba7f7acde48001122,2wikimultihop,0,1,False,False,,,False,False,no_frozen_plan_snapshot
578ac41e0bde11eba7f7acde48001122,2wikimultihop,0,1,False,False,,,False,False,no_frozen_plan_snapshot
578fbcd1096811ebbdafac1f6bf848b6,2wikimultihop,1,2,False,False,,,False,False,no_frozen_plan_snapshot
57921cf1094f11ebbdaeac1f6bf848b6,2wikimultihop,0,1,False,False,,,False,False,no_frozen_plan_snapshot
579db8dc0baf11ebab90acde48001122,2wikimultihop,0,1,False,False,,,False,False,no_frozen_plan_snapshot
57c12b50094711ebbdaeac1f6bf848b6,2wikimultihop,0,1,False,False,,,False,False,no_frozen_plan_snapshot
57c5d42508d611ebbd98ac1f6bf848b6,2wikimultihop,0,1,False,False,,,False,False,no_frozen_plan_snapshot
57df90580bb011ebab90acde48001122,2wikimultihop,0,1,False,False,,,False,False,no_frozen_plan_snapshot
57e24dd60bdb11eba7f7acde48001122,2wikimultihop,0,1,False,False,,,False,False,no_frozen_plan_snapshot
57e57e2c0bde11eba7f7acde48001122,2wikimultihop,0,1,False,False,,,False,False,no_frozen_plan_snapshot
57e690c7087f11ebbd6bac1f6bf848b6,2wikimultihop,0,1,False,False,,,False,False,no_frozen_plan_snapshot
582a31d40bde11eba7f7acde48001122,2wikimultihop,0,1,False,False,,,False,False,no_frozen_plan_snapshot
582deca508bc11ebbd88ac1f6bf848b6,2wikimultihop,0,1,False,False,,,False,False,no_frozen_plan_snapshot
5839dbac0bde11eba7f7acde48001122,2wikimultihop,0,1,False,False,,,False,False,no_frozen_plan_snapshot
583a6e45085c11ebbd5cac1f6bf848b6,2wikimultihop,0,1,False,False,,,False,False,no_frozen_plan_snapshot
5847c3d40bde11eba7f7acde48001122,2wikimultihop,0,1,False,False,,,False,False,no_frozen_plan_snapshot
584c32d0095f11ebbdafac1f6bf848b6,2wikimultihop,0,1,False,False,,,False,False,no_frozen_plan_snapshot
588e418808d711ebbd9aac1f6bf848b6,2wikimultihop,0,1,False,False,,,False,False,no_frozen_plan_snapshot
58a0b3480bdb11eba7f7acde48001122,2wikimultihop,0,1,False,False,,,False,False,no_frozen_plan_snapshot
58b1f1c20bda11eba7f7acde48001122,2wikimultihop,0,1,False,False,,,False,False,no_frozen_plan_snapshot
58ec780e0baf11ebab90acde48001122,2wikimultihop,0,1,False,False,,,False,False,no_frozen_plan_snapshot
592a78ea0bda11eba7f7acde48001122,2wikimultihop,0,1,False,False,,,False,False,no_frozen_plan_snapshot
5936306c08ca11ebbd92ac1f6bf848b6,2wikimultihop,3,4,True,True,3,True,True,False,deep_hops_not_shallow
5937d2260bb011ebab90acde48001122,2wikimultihop,0,1,False,False,,,False,False,no_frozen_plan_snapshot
593e5cfa08be11ebbd8aac1f6bf848b6,2wikimultihop,0,1,False,False,,,False,False,no_frozen_plan_snapshot
5953e3b0091111ebbdadac1f6bf848b6,2wikimultihop,1,2,False,False,,,False,False,no_frozen_plan_snapshot
595420700bdd11eba7f7acde48001122,2wikimultihop,0,1,False,False,,,False,False,no_frozen_plan_snapshot
59603ef00bdd11eba7f7acde48001122,2wikimultihop,0,1,False,False,,,False,False,no_frozen_plan_snapshot
59771aa8089511ebbd75ac1f6bf848b6,2wikimultihop,3,4,True,True,3,True,True,False,deep_hops_not_shallow
597a6ac20bd911eba7f7acde48001122,2wikimultihop,0,1,False,False,,,False,False,no_frozen_plan_snapshot
59864f69085511ebbd59ac1f6bf848b6,2wikimultihop,0,1,False,False,,,False,False,no_frozen_plan_snapshot
59a1aeae0baf11ebab90acde48001122,2wikimultihop,0,1,False,False,,,False,False,no_frozen_plan_snapshot
59ad2d780bdd11eba7f7acde48001122,2wikimultihop,0,1,False,False,,,False,False,no_frozen_plan_snapshot
59d07e780bdc11eba7f7acde48001122,2wikimultihop,0,1,False,False,,,False,False,no_frozen_plan_snapshot
59d77245091711ebbdaeac1f6bf848b6,2wikimultihop,1,2,False,False,,,False,False,no_frozen_plan_snapshot
59f0b4d608b211ebbd85ac1f6bf848b6,2wikimultihop,0,1,False,False,,,False,False,no_frozen_plan_snapshot
59f6f19809ae11ebbdb0ac1f6bf848b6,2wikimultihop,0,1,False,False,,,False,False,no_frozen_plan_snapshot
5a0c9c7408c011ebbd8aac1f6bf848b6,2wikimultihop,0,1,False,False,,,False,False,no_frozen_plan_snapshot
5a12bbd80bde11eba7f7acde48001122,2wikimultihop,0,1,False,False,,,False,False,no_frozen_plan_snapshot
5a235bf00bd911eba7f7acde48001122,2wikimultihop,1,2,False,False,,,False,False,no_frozen_plan_snapshot
5a260c380bde11eba7f7acde48001122,2wikimultihop,0,1,False,False,,,False,False,no_frozen_plan_snapshot
5a3102b8084c11ebbd56ac1f6bf848b6,2wikimultihop,0,1,False,False,,,False,False,no_frozen_plan_snapshot
5a64415f086111ebbd5dac1f6bf848b6,2wikimultihop,0,1,False,False,,,False,False,no_frozen_plan_snapshot
5a733ed40bdb11eba7f7acde48001122,2wikimultihop,0,1,False,False,,,False,False,no_frozen_plan_snapshot
5a7b4936088d11ebbd70ac1f6bf848b6,2wikimultihop,0,1,False,False,,,False,False,no_frozen_plan_snapshot
5a81ce5e088e11ebbd70ac1f6bf848b6,2wikimultihop,3,4,True,True,3,True,True,False,deep_hops_not_shallow
5a9800ab089a11ebbd77ac1f6bf848b6,2wikimultihop,1,2,False,False,,,False,False,no_frozen_plan_snapshot
5a9ba39608ad11ebbd83ac1f6bf848b6,2wikimultihop,3,4,True,True,3,True,True,False,deep_hops_not_shallow
5aafa7d60bde11eba7f7acde48001122,2wikimultihop,0,1,False,False,,,False,False,no_frozen_plan_snapshot
5af6bd4e08d511ebbd98ac1f6bf848b6,2wikimultihop,0,1,False,False,,,False,False,no_frozen_plan_snapshot
5b008f3a08d111ebbd95ac1f6bf848b6,2wikimultihop,0,1,False,False,,,False,False,no_frozen_plan_snapshot
5b1bea1e0bdd11eba7f7acde48001122,2wikimultihop,0,1,False,False,,,False,False,no_frozen_plan_snapshot
5b1e1f240bdc11eba7f7acde48001122,2wikimultihop,0,1,False,False,,,False,False,no_frozen_plan_snapshot
5b44ffb00bda11eba7f7acde48001122,2wikimultihop,0,1,False,False,,,False,False,no_frozen_plan_snapshot
5b522cbd089711ebbd77ac1f6bf848b6,2wikimultihop,0,1,False,False,,,False,False,no_frozen_plan_snapshot
5b5f44080bb011ebab90acde48001122,2wikimultihop,0,1,False,False,,,False,False,no_frozen_plan_snapshot
5b64d94a0bb011ebab90acde48001122,2wikimultihop,0,1,False,False,,,False,False,no_frozen_plan_snapshot
5b6a25d00bdd11eba7f7acde48001122,2wikimultihop,0,1,False,False,,,False,False,no_frozen_plan_snapshot
5b6ac8b7096511ebbdafac1f6bf848b6,2wikimultihop,1,2,False,False,,,False,False,no_frozen_plan_snapshot
5b6b8c02089711ebbd77ac1f6bf848b6,2wikimultihop,0,1,False,False,,,False,False,no_frozen_plan_snapshot
5baaafa8084a11ebbd56ac1f6bf848b6,2wikimultihop,0,1,False,False,,,False,False,no_frozen_plan_snapshot
5bab48ec0bda11eba7f7acde48001122,2wikimultihop,0,1,False,False,,,False,False,no_frozen_plan_snapshot
5be99b900bdc11eba7f7acde48001122,2wikimultihop,0,1,False,False,,,False,False,no_frozen_plan_snapshot
5c0983a1094611ebbdaeac1f6bf848b6,2wikimultihop,0,1,False,False,,,False,False,no_frozen_plan_snapshot
5c337e220bdc11eba7f7acde48001122,2wikimultihop,0,1,False,False,,,False,False,no_frozen_plan_snapshot
5c40bbf00bdc11eba7f7acde48001122,2wikimultihop,0,1,False,False,,,False,False,no_frozen_plan_snapshot
5c539c02084e11ebbd56ac1f6bf848b6,2wikimultihop,3,4,True,True,3,True,True,False,deep_hops_not_shallow
5c544bc20bda11eba7f7acde48001122,2wikimultihop,0,1,False,False,,,False,False,no_frozen_plan_snapshot
5c6100840bde11eba7f7acde48001122,2wikimultihop,0,1,False,False,,,False,False,no_frozen_plan_snapshot
5c77f7ed08ac11ebbd82ac1f6bf848b6,2wikimultihop,1,2,False,False,,,False,False,no_frozen_plan_snapshot
5c7bfec8084d11ebbd56ac1f6bf848b6,2wikimultihop,0,1,False,False,,,False,False,no_frozen_plan_snapshot
5c7ce15a0bde11eba7f7acde48001122,2wikimultihop,0,1,False,False,,,False,False,no_frozen_plan_snapshot
5c7fbb01091a11ebbdaeac1f6bf848b6,2wikimultihop,0,1,False,False,,,False,False,no_frozen_plan_snapshot
5c83d5960bde11eba7f7acde48001122,2wikimultihop,0,1,False,False,,,False,False,no_frozen_plan_snapshot
5cb7bdda0bb011ebab90acde48001122,2wikimultihop,0,1,False,False,,,False,False,no_frozen_plan_snapshot
5cb7d5260bde11eba7f7acde48001122,2wikimultihop,0,1,False,False,,,False,False,no_frozen_plan_snapshot
5cbd40a7090111ebbdadac1f6bf848b6,2wikimultihop,1,2,False,False,,,False,False,no_frozen_plan_snapshot
5cc7e4f20bd911eba7f7acde48001122,2wikimultihop,0,1,False,False,,,False,False,no_frozen_plan_snapshot
5cce8eec0bde11eba7f7acde48001122,2wikimultihop,2,3,True,True,2,True,True,False,deep_hops_not_shallow
5cd6974c0bdc11eba7f7acde48001122,2wikimultihop,0,1,False,False,,,False,False,no_frozen_plan_snapshot
5ce949960bdc11eba7f7acde48001122,2wikimultihop,0,1,False,False,,,False,False,no_frozen_plan_snapshot
5cefd79608a211ebbd7aac1f6bf848b6,2wikimultihop,0,1,False,False,,,False,False,no_frozen_plan_snapshot
5cf45e6a0bde11eba7f7acde48001122,2wikimultihop,2,3,True,True,0,False,True,False,deep_hops_not_shallow
5d0f19da0bde11eba7f7acde48001122,2wikimultihop,0,1,False,False,,,False,False,no_frozen_plan_snapshot
5d0f4fd2088111ebbd6dac1f6bf848b6,2wikimultihop,0,1,False,False,,,False,False,no_frozen_plan_snapshot
5d18eb8408e311ebbda4ac1f6bf848b6,2wikimultihop,3,4,True,True,3,True,True,False,deep_hops_not_shallow
5d33913e0bde11eba7f7acde48001122,2wikimultihop,2,3,True,True,2,True,True,False,deep_hops_not_shallow
5d3c575a0bda11eba7f7acde48001122,2wikimultihop,0,1,False,False,,,False,False,no_frozen_plan_snapshot
5d41f2ee0baf11ebab90acde48001122,2wikimultihop,0,1,False,False,,,False,False,no_frozen_plan_snapshot
5d43d31f08cd11ebbd93ac1f6bf848b6,2wikimultihop,0,1,False,False,,,False,False,no_frozen_plan_snapshot
5d4ed25e0bda11eba7f7acde48001122,2wikimultihop,2,3,True,True,0,False,True,False,deep_hops_not_shallow
5d6a3e3a085c11ebbd5cac1f6bf848b6,2wikimultihop,0,1,False,False,,,False,False,no_frozen_plan_snapshot
5d6f28620bb011ebab90acde48001122,2wikimultihop,1,2,False,False,,,False,False,no_frozen_plan_snapshot
5d71855608e711ebbda6ac1f6bf848b6,2wikimultihop,0,1,False,False,,,False,False,no_frozen_plan_snapshot
5d7ff6d80bb011ebab90acde48001122,2wikimultihop,0,1,False,False,,,False,False,no_frozen_plan_snapshot
5d8037920bb011ebab90acde48001122,2wikimultihop,0,1,False,False,,,False,False,no_frozen_plan_snapshot
5d85a6c808ae11ebbd83ac1f6bf848b6,2wikimultihop,0,1,False,False,,,False,False,no_frozen_plan_snapshot
5d98b35e08c611ebbd90ac1f6bf848b6,2wikimultihop,0,1,False,False,,,False,False,no_frozen_plan_snapshot
5dac1e8e0bdd11eba7f7acde48001122,2wikimultihop,0,1,False,False,,,False,False,no_frozen_plan_snapshot
5db7e2d80bdc11eba7f7acde48001122,2wikimultihop,0,1,False,False,,,False,False,no_frozen_plan_snapshot
5dbb0e10086f11ebbd62ac1f6bf848b6,2wikimultihop,0,1,False,False,,,False,False,no_frozen_plan_snapshot
5dde0aca089f11ebbd78ac1f6bf848b6,2wikimultihop,0,1,False,False,,,False,False,no_frozen_plan_snapshot
5df2969e0baf11ebab90acde48001122,2wikimultihop,0,1,False,False,,,False,False,no_frozen_plan_snapshot
5df76cd20bdc11eba7f7acde48001122,2wikimultihop,0,1,False,False,,,False,False,no_frozen_plan_snapshot
5dfccdee0baf11ebab90acde48001122,2wikimultihop,0,1,False,False,,,False,False,no_frozen_plan_snapshot
5dfd7f460baf11ebab90acde48001122,2wikimultihop,0,1,False,False,,,False,False,no_frozen_plan_snapshot
5e078d8a0bda11eba7f7acde48001122,2wikimultihop,0,1,False,False,,,False,False,no_frozen_plan_snapshot
5e0b21ca0bda11eba7f7acde48001122,2wikimultihop,0,1,False,False,,,False,False,no_frozen_plan_snapshot
5e0cffd60bda11eba7f7acde48001122,2wikimultihop,0,1,False,False,,,False,False,no_frozen_plan_snapshot
5e1cbe920bdc11eba7f7acde48001122,2wikimultihop,0,1,False,False,,,False,False,no_frozen_plan_snapshot
5e3bb8cc0bd911eba7f7acde48001122,2wikimultihop,0,1,False,False,,,False,False,no_frozen_plan_snapshot
5e418da00bda11eba7f7acde48001122,2wikimultihop,0,1,False,False,,,False,False,no_frozen_plan_snapshot
5e60624f08a011ebbd78ac1f6bf848b6,2wikimultihop,0,1,False,False,,,False,False,no_frozen_plan_snapshot
5e60d12e0bda11eba7f7acde48001122,2wikimultihop,0,1,False,False,,,False,False,no_frozen_plan_snapshot
5e7dfae808aa11ebbd80ac1f6bf848b6,2wikimultihop,0,1,False,False,,,False,False,no_frozen_plan_snapshot
5e849c97088b11ebbd6fac1f6bf848b6,2wikimultihop,1,2,False,False,,,False,False,no_frozen_plan_snapshot
5e9a065e088f11ebbd72ac1f6bf848b6,2wikimultihop,3,4,True,True,3,True,True,False,deep_hops_not_shallow
5e9d435708f711ebbdaaac1f6bf848b6,2wikimultihop,0,1,False,False,,,False,False,no_frozen_plan_snapshot
5ead23420baf11ebab90acde48001122,2wikimultihop,0,1,False,False,,,False,False,no_frozen_plan_snapshot
5ead80ee0baf11ebab90acde48001122,2wikimultihop,0,1,False,False,,,False,False,no_frozen_plan_snapshot
5eb2723808ba11ebbd88ac1f6bf848b6,2wikimultihop,0,1,False,False,,,False,False,no_frozen_plan_snapshot
5eb2fca408b211ebbd85ac1f6bf848b6,2wikimultihop,0,1,False,False,,,False,False,no_frozen_plan_snapshot
5eb351b4095311ebbdaeac1f6bf848b6,2wikimultihop,0,1,False,False,,,False,False,no_frozen_plan_snapshot
5eb40fa40baf11ebab90acde48001122,2wikimultihop,0,1,False,False,,,False,False,no_frozen_plan_snapshot
5ee5d6ca08e811ebbda6ac1f6bf848b6,2wikimultihop,0,1,False,False,,,False,False,no_frozen_plan_snapshot
5eed803f08a511ebbd7dac1f6bf848b6,2wikimultihop,0,1,False,False,,,False,False,no_frozen_plan_snapshot
5eff227e094e11ebbdaeac1f6bf848b6,2wikimultihop,0,1,False,False,,,False,False,no_frozen_plan_snapshot
5eff3f9a0bd911eba7f7acde48001122,2wikimultihop,0,1,False,False,,,False,False,no_frozen_plan_snapshot
5f11ec50087111ebbd63ac1f6bf848b6,2wikimultihop,0,1,False,False,,,False,False,no_frozen_plan_snapshot
5f177a0c089a11ebbd77ac1f6bf848b6,2wikimultihop,0,1,False,False,,,False,False,no_frozen_plan_snapshot
5f180c13088911ebbd6eac1f6bf848b6,2wikimultihop,0,1,False,False,,,False,False,no_frozen_plan_snapshot
5f39895808c711ebbd91ac1f6bf848b6,2wikimultihop,0,1,False,False,,,False,False,no_frozen_plan_snapshot
5f490eae0bd911eba7f7acde48001122,2wikimultihop,0,1,False,False,,,False,False,no_frozen_plan_snapshot
5f6af38408c311ebbd8dac1f6bf848b6,2wikimultihop,0,1,False,False,,,False,False,no_frozen_plan_snapshot
5f8f76400bda11eba7f7acde48001122,2wikimultihop,0,1,False,False,,,False,False,no_frozen_plan_snapshot
5f92f6f808f611ebbdaaac1f6bf848b6,2wikimultihop,0,1,False,False,,,False,False,no_frozen_plan_snapshot
5f96ce98085311ebbd59ac1f6bf848b6,2wikimultihop,0,1,False,False,,,False,False,no_frozen_plan_snapshot
5fc2ac10084a11ebbd56ac1f6bf848b6,2wikimultihop,3,4,True,True,3,True,True,False,deep_hops_not_shallow
5fd9f4200bdc11eba7f7acde48001122,2wikimultihop,0,1,False,False,,,False,False,no_frozen_plan_snapshot
5fdf9c8008b311ebbd86ac1f6bf848b6,2wikimultihop,1,2,False,False,,,False,False,no_frozen_plan_snapshot
5ffc64b608fc11ebbdadac1f6bf848b6,2wikimultihop,0,1,False,False,,,False,False,no_frozen_plan_snapshot
602729aa0bde11eba7f7acde48001122,2wikimultihop,0,1,False,False,,,False,False,no_frozen_plan_snapshot
60402bf80bde11eba7f7acde48001122,2wikimultihop,0,1,False,False,,,False,False,no_frozen_plan_snapshot
606089c00bde11eba7f7acde48001122,2wikimultihop,2,3,True,True,2,True,True,False,deep_hops_not_shallow
6070241c0bb011ebab90acde48001122,2wikimultihop,0,1,False,False,,,False,False,no_frozen_plan_snapshot
6071769808b111ebbd85ac1f6bf848b6,2wikimultihop,0,1,False,False,,,False,False,no_frozen_plan_snapshot
6071d8cc08de11ebbd9eac1f6bf848b6,2wikimultihop,3,4,True,True,3,True,True,False,deep_hops_not_shallow
6073429e08f311ebbdaaac1f6bf848b6,2wikimultihop,0,1,False,False,,,False,False,no_frozen_plan_snapshot
60736868093d11ebbdaeac1f6bf848b6,2wikimultihop,0,1,False,False,,,False,False,no_frozen_plan_snapshot
607ffaea0bdd11eba7f7acde48001122,2wikimultihop,0,1,False,False,,,False,False,no_frozen_plan_snapshot
6080c3080bb011ebab90acde48001122,2wikimultihop,0,1,False,False,,,False,False,no_frozen_plan_snapshot
608f6be20bdd11eba7f7acde48001122,2wikimultihop,0,1,False,False,,,False,False,no_frozen_plan_snapshot
60a5dd3a0bda11eba7f7acde48001122,2wikimultihop,0,1,False,False,,,False,False,no_frozen_plan_snapshot
60b1ee0c0baf11ebab90acde48001122,2wikimultihop,0,1,False,False,,,False,False,no_frozen_plan_snapshot
60b89f620bdd11eba7f7acde48001122,2wikimultihop,0,1,False,False,,,False,False,no_frozen_plan_snapshot
60b8f042085f11ebbd5cac1f6bf848b6,2wikimultihop,1,2,False,False,,,False,False,no_frozen_plan_snapshot
60bb42d8089c11ebbd78ac1f6bf848b6,2wikimultihop,3,4,True,True,3,True,True,False,deep_hops_not_shallow
60bd48de0bdb11eba7f7acde48001122,2wikimultihop,0,1,False,False,,,False,False,no_frozen_plan_snapshot
60c0663c0bda11eba7f7acde48001122,2wikimultihop,0,1,False,False,,,False,False,no_frozen_plan_snapshot
60c830200bd911eba7f7acde48001122,2wikimultihop,0,1,False,False,,,False,False,no_frozen_plan_snapshot
60eae5f20bde11eba7f7acde48001122,2wikimultihop,2,3,True,True,2,False,True,False,deep_hops_not_shallow
60f247280bdb11eba7f7acde48001122,2wikimultihop,0,1,False,False,,,False,False,no_frozen_plan_snapshot
610cf44e086411ebbd5eac1f6bf848b6,2wikimultihop,0,1,False,False,,,False,False,no_frozen_plan_snapshot
6117d7d608bb11ebbd88ac1f6bf848b6,2wikimultihop,0,1,False,False,,,False,False,no_frozen_plan_snapshot
611ddbf80bdc11eba7f7acde48001122,2wikimultihop,0,1,False,False,,,False,False,no_frozen_plan_snapshot
61276448089411ebbd75ac1f6bf848b6,2wikimultihop,0,1,False,False,,,False,False,no_frozen_plan_snapshot
614058a208b611ebbd88ac1f6bf848b6,2wikimultihop,0,1,False,False,,,False,False,no_frozen_plan_snapshot
61456758085411ebbd59ac1f6bf848b6,2wikimultihop,0,1,False,False,,,False,False,no_frozen_plan_snapshot
614d88560bde11eba7f7acde48001122,2wikimultihop,0,1,False,False,,,False,False,no_frozen_plan_snapshot
615178b20bde11eba7f7acde48001122,2wikimultihop,0,1,False,False,,,False,False,no_frozen_plan_snapshot
616d9e8c0bdb11eba7f7acde48001122,2wikimultihop,0,1,False,False,,,False,False,no_frozen_plan_snapshot
61729eb80baf11ebab90acde48001122,2wikimultihop,0,1,False,False,,,False,False,no_frozen_plan_snapshot
617f8d060bde11eba7f7acde48001122,2wikimultihop,0,1,False,False,,,False,False,no_frozen_plan_snapshot
61811fc80bb011ebab90acde48001122,2wikimultihop,1,2,False,False,,,False,False,no_frozen_plan_snapshot
6181829c0bb011ebab90acde48001122,2wikimultihop,0,1,False,False,,,False,False,no_frozen_plan_snapshot
61a46987092f11ebbdaeac1f6bf848b6,2wikimultihop,0,1,False,False,,,False,False,no_frozen_plan_snapshot
61d278be088611ebbd6dac1f6bf848b6,2wikimultihop,0,1,False,False,,,False,False,no_frozen_plan_snapshot
61ec410708ea11ebbda7ac1f6bf848b6,2wikimultihop,0,1,False,False,,,False,False,no_frozen_plan_snapshot
61f9bff8089711ebbd77ac1f6bf848b6,2wikimultihop,3,4,True,True,3,True,True,False,deep_hops_not_shallow
621b4a880bda11eba7f7acde48001122,2wikimultihop,0,1,False,False,,,False,False,no_frozen_plan_snapshot
623226980bdc11eba7f7acde48001122,2wikimultihop,2,3,True,True,2,True,True,False,deep_hops_not_shallow
623ea4080bb011ebab90acde48001122,2wikimultihop,0,1,False,False,,,False,False,no_frozen_plan_snapshot
62444d9a0bb011ebab90acde48001122,2wikimultihop,2,3,True,True,0,False,True,False,deep_hops_not_shallow
6256d17908da11ebbd9cac1f6bf848b6,2wikimultihop,3,4,True,True,3,True,True,False,deep_hops_not_shallow
6258f4000bda11eba7f7acde48001122,2wikimultihop,0,1,False,False,,,False,False,no_frozen_plan_snapshot
627f38e00bda11eba7f7acde48001122,2wikimultihop,0,1,False,False,,,False,False,no_frozen_plan_snapshot
6296b85e0bde11eba7f7acde48001122,2wikimultihop,0,1,False,False,,,False,False,no_frozen_plan_snapshot
629a0bd0093011ebbdaeac1f6bf848b6,2wikimultihop,0,1,False,False,,,False,False,no_frozen_plan_snapshot
629b294c088311ebbd6dac1f6bf848b6,2wikimultihop,0,1,False,False,,,False,False,no_frozen_plan_snapshot
62a0531e0bde11eba7f7acde48001122,2wikimultihop,0,1,False,False,,,False,False,no_frozen_plan_snapshot
62a221580bde11eba7f7acde48001122,2wikimultihop,0,1,False,False,,,False,False,no_frozen_plan_snapshot
62a714d40bb011ebab90acde48001122,2wikimultihop,0,1,False,False,,,False,False,no_frozen_plan_snapshot
62a8a59c0bb011ebab90acde48001122,2wikimultihop,0,1,False,False,,,False,False,no_frozen_plan_snapshot
62aa2da40bb011ebab90acde48001122,2wikimultihop,0,1,False,False,,,False,False,no_frozen_plan_snapshot
62c07e0108e611ebbda5ac1f6bf848b6,2wikimultihop,0,1,False,False,,,False,False,no_frozen_plan_snapshot
62ca56200bdc11eba7f7acde48001122,2wikimultihop,0,1,False,False,,,False,False,no_frozen_plan_snapshot
62ce8c8e0bde11eba7f7acde48001122,2wikimultihop,0,1,False,False,,,False,False,no_frozen_plan_snapshot
62df628e0bde11eba7f7acde48001122,2wikimultihop,0,1,False,False,,,False,False,no_frozen_plan_snapshot
62ee73bf08a011ebbd78ac1f6bf848b6,2wikimultihop,0,1,False,False,,,False,False,no_frozen_plan_snapshot
62fdcff808c011ebbd8aac1f6bf848b6,2wikimultihop,0,1,False,False,,,False,False,no_frozen_plan_snapshot
631c2ffb08de11ebbd9eac1f6bf848b6,2wikimultihop,0,1,False,False,,,False,False,no_frozen_plan_snapshot
631ed032089a11ebbd77ac1f6bf848b6,2wikimultihop,0,1,False,False,,,False,False,no_frozen_plan_snapshot
63223ade08b711ebbd88ac1f6bf848b6,2wikimultihop,3,4,True,True,3,True,True,False,deep_hops_not_shallow
6342c322085711ebbd5aac1f6bf848b6,2wikimultihop,0,1,False,False,,,False,False,no_frozen_plan_snapshot
6350d1ba0bdb11eba7f7acde48001122,2wikimultihop,0,1,False,False,,,False,False,no_frozen_plan_snapshot
6355d0d1095011ebbdaeac1f6bf848b6,2wikimultihop,0,1,False,False,,,False,False,no_frozen_plan_snapshot
636fc8380bde11eba7f7acde48001122,2wikimultihop,0,1,False,False,,,False,False,no_frozen_plan_snapshot
63721cc808be11ebbd8aac1f6bf848b6,2wikimultihop,0,1,False,False,,,False,False,no_frozen_plan_snapshot
637434540bde11eba7f7acde48001122,2wikimultihop,0,1,False,False,,,False,False,no_frozen_plan_snapshot
637ddff308c011ebbd8aac1f6bf848b6,2wikimultihop,0,1,False,False,,,False,False,no_frozen_plan_snapshot
6398d2d00bdb11eba7f7acde48001122,2wikimultihop,0,1,False,False,,,False,False,no_frozen_plan_snapshot
63b35a580bd911eba7f7acde48001122,2wikimultihop,0,1,False,False,,,False,False,no_frozen_plan_snapshot
63c0d3d60bde11eba7f7acde48001122,2wikimultihop,2,3,True,True,3,False,True,False,deep_hops_not_shallow
63c16246095211ebbdaeac1f6bf848b6,2wikimultihop,0,1,False,False,,,False,False,no_frozen_plan_snapshot
63c7398408c711ebbd91ac1f6bf848b6,2wikimultihop,0,1,False,False,,,False,False,no_frozen_plan_snapshot
63ccce2308cb11ebbd92ac1f6bf848b6,2wikimultihop,0,1,False,False,,,False,False,no_frozen_plan_snapshot
63dc55840bde11eba7f7acde48001122,2wikimultihop,0,1,False,False,,,False,False,no_frozen_plan_snapshot
63e8344e085511ebbd59ac1f6bf848b6,2wikimultihop,0,1,False,False,,,False,False,no_frozen_plan_snapshot
6432f17008d011ebbd95ac1f6bf848b6,2wikimultihop,0,1,False,False,,,False,False,no_frozen_plan_snapshot
6450154e08e311ebbda4ac1f6bf848b6,2wikimultihop,0,1,False,False,,,False,False,no_frozen_plan_snapshot
645c9a5a08c311ebbd8dac1f6bf848b6,2wikimultihop,0,1,False,False,,,False,False,no_frozen_plan_snapshot
645e0d16085711ebbd5aac1f6bf848b6,2wikimultihop,0,1,False,False,,,False,False,no_frozen_plan_snapshot
646412020bda11eba7f7acde48001122,2wikimultihop,0,1,False,False,,,False,False,no_frozen_plan_snapshot
647d101408a011ebbd78ac1f6bf848b6,2wikimultihop,0,1,False,False,,,False,False,no_frozen_plan_snapshot
649c0d6c0bb011ebab90acde48001122,2wikimultihop,0,1,False,False,,,False,False,no_frozen_plan_snapshot
649f970208c211ebbd8cac1f6bf848b6,2wikimultihop,0,1,False,False,,,False,False,no_frozen_plan_snapshot
64d036380bdc11eba7f7acde48001122,2wikimultihop,0,1,False,False,,,False,False,no_frozen_plan_snapshot
64d2a3ae0bdd11eba7f7acde48001122,2wikimultihop,0,1,False,False,,,False,False,no_frozen_plan_snapshot
64d60446097911ebbdb0ac1f6bf848b6,2wikimultihop,1,2,False,False,,,False,False,no_frozen_plan_snapshot
64d94bc80bdd11eba7f7acde48001122,2wikimultihop,0,1,False,False,,,False,False,no_frozen_plan_snapshot
64efc0e908b211ebbd85ac1f6bf848b6,2wikimultihop,3,4,True,True,3,True,True,False,deep_hops_not_shallow
64f4337108a911ebbd80ac1f6bf848b6,2wikimultihop,0,1,False,False,,,False,False,no_frozen_plan_snapshot
6503f3ce0baf11ebab90acde48001122,2wikimultihop,0,1,False,False,,,False,False,no_frozen_plan_snapshot
651ec0c508bb11ebbd88ac1f6bf848b6,2wikimultihop,0,1,False,False,,,False,False,no_frozen_plan_snapshot
653886e40bdb11eba7f7acde48001122,2wikimultihop,0,1,False,False,,,False,False,no_frozen_plan_snapshot
654d03c80bd911eba7f7acde48001122,2wikimultihop,0,1,False,False,,,False,False,no_frozen_plan_snapshot
654d62ba0bb011ebab90acde48001122,2wikimultihop,0,1,False,False,,,False,False,no_frozen_plan_snapshot
654fd43c0bb011ebab90acde48001122,2wikimultihop,0,1,False,False,,,False,False,no_frozen_plan_snapshot
655027de0bb011ebab90acde48001122,2wikimultihop,0,1,False,False,,,False,False,no_frozen_plan_snapshot
65507c020bb011ebab90acde48001122,2wikimultihop,0,1,False,False,,,False,False,no_frozen_plan_snapshot
6553f80b08d111ebbd95ac1f6bf848b6,2wikimultihop,0,1,False,False,,,False,False,no_frozen_plan_snapshot
655987360bdb11eba7f7acde48001122,2wikimultihop,0,1,False,False,,,False,False,no_frozen_plan_snapshot
65601eaa0bdd11eba7f7acde48001122,2wikimultihop,0,1,False,False,,,False,False,no_frozen_plan_snapshot
6562f3780bb011ebab90acde48001122,2wikimultihop,0,1,False,False,,,False,False,no_frozen_plan_snapshot
65649f480bb011ebab90acde48001122,2wikimultihop,0,1,False,False,,,False,False,no_frozen_plan_snapshot
656529fe0bb011ebab90acde48001122,2wikimultihop,0,1,False,False,,,False,False,no_frozen_plan_snapshot
656745cc0bb011ebab90acde48001122,2wikimultihop,0,1,False,False,,,False,False,no_frozen_plan_snapshot
656b25bc0baf11ebab90acde48001122,2wikimultihop,0,1,False,False,,,False,False,no_frozen_plan_snapshot
656cfe0a0bdc11eba7f7acde48001122,2wikimultihop,0,1,False,False,,,False,False,no_frozen_plan_snapshot
65a915cc0bda11eba7f7acde48001122,2wikimultihop,0,1,False,False,,,False,False,no_frozen_plan_snapshot
65e02b320bdc11eba7f7acde48001122,2wikimultihop,0,1,False,False,,,False,False,no_frozen_plan_snapshot
65fa28440bdb11eba7f7acde48001122,2wikimultihop,0,1,False,False,,,False,False,no_frozen_plan_snapshot
6605282808b811ebbd88ac1f6bf848b6,2wikimultihop,0,1,False,False,,,False,False,no_frozen_plan_snapshot
6609da70087311ebbd66ac1f6bf848b6,2wikimultihop,0,1,False,False,,,False,False,no_frozen_plan_snapshot
660aa3cc0bdb11eba7f7acde48001122,2wikimultihop,0,1,False,False,,,False,False,no_frozen_plan_snapshot
6617466808d411ebbd96ac1f6bf848b6,2wikimultihop,0,1,False,False,,,False,False,no_frozen_plan_snapshot
6618aa340bdc11eba7f7acde48001122,2wikimultihop,0,1,False,False,,,False,False,no_frozen_plan_snapshot
661930ce08d711ebbd9aac1f6bf848b6,2wikimultihop,3,4,True,True,3,True,True,False,deep_hops_not_shallow
662aba960bda11eba7f7acde48001122,2wikimultihop,0,1,False,False,,,False,False,no_frozen_plan_snapshot
6637584408b211ebbd85ac1f6bf848b6,2wikimultihop,0,1,False,False,,,False,False,no_frozen_plan_snapshot
6638110e0bdb11eba7f7acde48001122,2wikimultihop,0,1,False,False,,,False,False,no_frozen_plan_snapshot
663ffb38087c11ebbd6aac1f6bf848b6,2wikimultihop,0,1,False,False,,,False,False,no_frozen_plan_snapshot
664087480baf11ebab90acde48001122,2wikimultihop,0,1,False,False,,,False,False,no_frozen_plan_snapshot
6656ed6a0bde11eba7f7acde48001122,2wikimultihop,3,4,True,True,2,False,True,False,deep_hops_not_shallow
6676d514085811ebbd5aac1f6bf848b6,2wikimultihop,0,1,False,False,,,False,False,no_frozen_plan_snapshot
66772eb80bde11eba7f7acde48001122,2wikimultihop,0,1,False,False,,,False,False,no_frozen_plan_snapshot
66794f3808da11ebbd9cac1f6bf848b6,2wikimultihop,0,1,False,False,,,False,False,no_frozen_plan_snapshot
668d503a085a11ebbd5cac1f6bf848b6,2wikimultihop,0,1,False,False,,,False,False,no_frozen_plan_snapshot
669c851e08e811ebbda6ac1f6bf848b6,2wikimultihop,0,1,False,False,,,False,False,no_frozen_plan_snapshot
66a3188c08f211ebbdaaac1f6bf848b6,2wikimultihop,0,1,False,False,,,False,False,no_frozen_plan_snapshot
66b49bda0bda11eba7f7acde48001122,2wikimultihop,2,3,True,True,0,False,True,False,deep_hops_not_shallow
66b94dfc0bde11eba7f7acde48001122,2wikimultihop,0,1,False,False,,,False,False,no_frozen_plan_snapshot
66bcc7520bde11eba7f7acde48001122,2wikimultihop,2,3,True,True,2,True,True,False,deep_hops_not_shallow
66eae2780bdd11eba7f7acde48001122,2wikimultihop,0,1,False,False,,,False,False,no_frozen_plan_snapshot
670894680baf11ebab90acde48001122,2wikimultihop,0,1,False,False,,,False,False,no_frozen_plan_snapshot
6718770a087311ebbd66ac1f6bf848b6,2wikimultihop,0,1,False,False,,,False,False,no_frozen_plan_snapshot
672e556408de11ebbd9eac1f6bf848b6,2wikimultihop,0,1,False,False,,,False,False,no_frozen_plan_snapshot
674b49540bda11eba7f7acde48001122,2wikimultihop,0,1,False,False,,,False,False,no_frozen_plan_snapshot
674ec4a60bdc11eba7f7acde48001122,2wikimultihop,0,1,False,False,,,False,False,no_frozen_plan_snapshot
675e5d6308e411ebbda4ac1f6bf848b6,2wikimultihop,0,1,False,False,,,False,False,no_frozen_plan_snapshot
677658e80bde11eba7f7acde48001122,2wikimultihop,0,1,False,False,,,False,False,no_frozen_plan_snapshot
677aae120bdd11eba7f7acde48001122,2wikimultihop,0,1,False,False,,,False,False,no_frozen_plan_snapshot
67825ac7092c11ebbdaeac1f6bf848b6,2wikimultihop,0,1,False,False,,,False,False,no_frozen_plan_snapshot
6786673a0bdc11eba7f7acde48001122,2wikimultihop,2,3,True,True,0,False,True,False,deep_hops_not_shallow
679fd51608b811ebbd88ac1f6bf848b6,2wikimultihop,3,4,True,True,3,True,True,False,deep_hops_not_shallow
67a7cb20087411ebbd67ac1f6bf848b6,2wikimultihop,0,1,False,False,,,False,False,no_frozen_plan_snapshot
67a8b039092711ebbdaeac1f6bf848b6,2wikimultihop,0,1,False,False,,,False,False,no_frozen_plan_snapshot
67f75e6008ec11ebbda7ac1f6bf848b6,2wikimultihop,0,1,False,False,,,False,False,no_frozen_plan_snapshot
680863e20bdd11eba7f7acde48001122,2wikimultihop,0,1,False,False,,,False,False,no_frozen_plan_snapshot
680e2568089d11ebbd78ac1f6bf848b6,2wikimultihop,0,1,False,False,,,False,False,no_frozen_plan_snapshot
681d4fcc0bde11eba7f7acde48001122,2wikimultihop,2,3,True,True,2,True,True,False,deep_hops_not_shallow
6833fbd8087711ebbd67ac1f6bf848b6,2wikimultihop,0,1,False,False,,,False,False,no_frozen_plan_snapshot
683740ae0bb011ebab90acde48001122,2wikimultihop,0,1,False,False,,,False,False,no_frozen_plan_snapshot
6837abca0bb011ebab90acde48001122,2wikimultihop,0,1,False,False,,,False,False,no_frozen_plan_snapshot
683cfb340bb011ebab90acde48001122,2wikimultihop,0,1,False,False,,,False,False,no_frozen_plan_snapshot
6856ba560bdd11eba7f7acde48001122,2wikimultihop,0,1,False,False,,,False,False,no_frozen_plan_snapshot
686679880bdc11eba7f7acde48001122,2wikimultihop,0,1,False,False,,,False,False,no_frozen_plan_snapshot
688149c20bda11eba7f7acde48001122,2wikimultihop,2,3,True,True,0,False,True,False,deep_hops_not_shallow
6890eee908cd11ebbd93ac1f6bf848b6,2wikimultihop,0,1,False,False,,,False,False,no_frozen_plan_snapshot
6897dda00bd911eba7f7acde48001122,2wikimultihop,0,1,False,False,,,False,False,no_frozen_plan_snapshot
68bf3a380bdb11eba7f7acde48001122,2wikimultihop,0,1,False,False,,,False,False,no_frozen_plan_snapshot
68c6bdce087211ebbd65ac1f6bf848b6,2wikimultihop,0,1,False,False,,,False,False,no_frozen_plan_snapshot
68dbaca108a611ebbd7fac1f6bf848b6,2wikimultihop,0,1,False,False,,,False,False,no_frozen_plan_snapshot
68dd6b9a0bd911eba7f7acde48001122,2wikimultihop,0,1,False,False,,,False,False,no_frozen_plan_snapshot
68de4616088a11ebbd6fac1f6bf848b6,2wikimultihop,0,1,False,False,,,False,False,no_frozen_plan_snapshot
690bb94f086111ebbd5dac1f6bf848b6,2wikimultihop,0,1,False,False,,,False,False,no_frozen_plan_snapshot
6955589e0bde11eba7f7acde48001122,2wikimultihop,0,1,False,False,,,False,False,no_frozen_plan_snapshot
6956b8a60bde11eba7f7acde48001122,2wikimultihop,0,1,False,False,,,False,False,no_frozen_plan_snapshot
695d5d160bdc11eba7f7acde48001122,2wikimultihop,0,1,False,False,,,False,False,no_frozen_plan_snapshot
695ef31e094111ebbdaeac1f6bf848b6,2wikimultihop,1,2,False,False,,,False,False,no_frozen_plan_snapshot
695f82d80bde11eba7f7acde48001122,2wikimultihop,0,1,False,False,,,False,False,no_frozen_plan_snapshot
69a429bb097911ebbdb0ac1f6bf848b6,2wikimultihop,1,2,False,False,,,False,False,no_frozen_plan_snapshot
69abbde408d511ebbd98ac1f6bf848b6,2wikimultihop,0,1,False,False,,,False,False,no_frozen_plan_snapshot
69b0104a0bd911eba7f7acde48001122,2wikimultihop,0,1,False,False,,,False,False,no_frozen_plan_snapshot
69b5d9640bdc11eba7f7acde48001122,2wikimultihop,3,4,True,True,2,False,True,False,deep_hops_not_shallow
69cf04520bdc11eba7f7acde48001122,2wikimultihop,2,3,True,True,2,True,True,False,deep_hops_not_shallow
69d22e9f08a711ebbd7fac1f6bf848b6,2wikimultihop,0,1,False,False,,,False,False,no_frozen_plan_snapshot
69e2bbe0094411ebbdaeac1f6bf848b6,2wikimultihop,0,1,False,False,,,False,False,no_frozen_plan_snapshot
69e65bfb08d711ebbd9aac1f6bf848b6,2wikimultihop,0,1,False,False,,,False,False,no_frozen_plan_snapshot
69eab54e0bdc11eba7f7acde48001122,2wikimultihop,0,1,False,False,,,False,False,no_frozen_plan_snapshot
6a215c4808df11ebbda0ac1f6bf848b6,2wikimultihop,3,4,True,True,3,True,True,False,deep_hops_not_shallow
6a37394e0bde11eba7f7acde48001122,2wikimultihop,2,3,True,True,2,True,True,False,deep_hops_not_shallow
6a390f900bdd11eba7f7acde48001122,2wikimultihop,0,1,False,False,,,False,False,no_frozen_plan_snapshot
6a419ba2087611ebbd67ac1f6bf848b6,2wikimultihop,0,1,False,False,,,False,False,no_frozen_plan_snapshot
6a56c658096811ebbdafac1f6bf848b6,2wikimultihop,0,1,False,False,,,False,False,no_frozen_plan_snapshot
6a5beab00bb011ebab90acde48001122,2wikimultihop,0,1,False,False,,,False,False,no_frozen_plan_snapshot
6a667eb40bdb11eba7f7acde48001122,2wikimultihop,0,1,False,False,,,False,False,no_frozen_plan_snapshot
6a7061c00bb011ebab90acde48001122,2wikimultihop,0,1,False,False,,,False,False,no_frozen_plan_snapshot
6a7763e40bb011ebab90acde48001122,2wikimultihop,0,1,False,False,,,False,False,no_frozen_plan_snapshot
6a81117708f311ebbdaaac1f6bf848b6,2wikimultihop,0,1,False,False,,,False,False,no_frozen_plan_snapshot
6a828ccc0bda11eba7f7acde48001122,2wikimultihop,0,1,False,False,,,False,False,no_frozen_plan_snapshot
6a848a240bb011ebab90acde48001122,2wikimultihop,0,1,False,False,,,False,False,no_frozen_plan_snapshot
6a8a2f880bb011ebab90acde48001122,2wikimultihop,0,1,False,False,,,False,False,no_frozen_plan_snapshot
6a8b28c00bb011ebab90acde48001122,2wikimultihop,0,1,False,False,,,False,False,no_frozen_plan_snapshot
6a8e2fc00bb011ebab90acde48001122,2wikimultihop,0,1,False,False,,,False,False,no_frozen_plan_snapshot
6a91fe6a0bde11eba7f7acde48001122,2wikimultihop,0,1,False,False,,,False,False,no_frozen_plan_snapshot
6a9230420bde11eba7f7acde48001122,2wikimultihop,0,1,False,False,,,False,False,no_frozen_plan_snapshot
6a953aae0bb011ebab90acde48001122,2wikimultihop,0,1,False,False,,,False,False,no_frozen_plan_snapshot
6aac7fba0bde11eba7f7acde48001122,2wikimultihop,0,1,False,False,,,False,False,no_frozen_plan_snapshot
6ad78d00086311ebbd5eac1f6bf848b6,2wikimultihop,0,1,False,False,,,False,False,no_frozen_plan_snapshot
6add3d560bdb11eba7f7acde48001122,2wikimultihop,0,1,False,False,,,False,False,no_frozen_plan_snapshot
6ae076e40bde11eba7f7acde48001122,2wikimultihop,0,1,False,False,,,False,False,no_frozen_plan_snapshot
6ae33560087211ebbd65ac1f6bf848b6,2wikimultihop,0,1,False,False,,,False,False,no_frozen_plan_snapshot
6ae79dd40bde11eba7f7acde48001122,2wikimultihop,0,1,False,False,,,False,False,no_frozen_plan_snapshot
6b016934089c11ebbd78ac1f6bf848b6,2wikimultihop,1,2,False,False,,,False,False,no_frozen_plan_snapshot
6b10f275096011ebbdafac1f6bf848b6,2wikimultihop,0,1,False,False,,,False,False,no_frozen_plan_snapshot
6b2794bf088911ebbd6eac1f6bf848b6,2wikimultihop,0,1,False,False,,,False,False,no_frozen_plan_snapshot
6b3de52e0bdc11eba7f7acde48001122,2wikimultihop,0,1,False,False,,,False,False,no_frozen_plan_snapshot
6b41dc440bda11eba7f7acde48001122,2wikimultihop,0,1,False,False,,,False,False,no_frozen_plan_snapshot
6b4f5bf008d611ebbd98ac1f6bf848b6,2wikimultihop,0,1,False,False,,,False,False,no_frozen_plan_snapshot
6b526de608a811ebbd7fac1f6bf848b6,2wikimultihop,0,1,False,False,,,False,False,no_frozen_plan_snapshot
6b5812de08fd11ebbdadac1f6bf848b6,2wikimultihop,0,1,False,False,,,False,False,no_frozen_plan_snapshot
6b62e6100bde11eba7f7acde48001122,2wikimultihop,2,3,True,True,2,True,True,False,deep_hops_not_shallow
6b6819ee089011ebbd72ac1f6bf848b6,2wikimultihop,0,1,False,False,,,False,False,no_frozen_plan_snapshot
6b7876160bdd11eba7f7acde48001122,2wikimultihop,0,1,False,False,,,False,False,no_frozen_plan_snapshot
6b84004a0baf11ebab90acde48001122,2wikimultihop,0,1,False,False,,,False,False,no_frozen_plan_snapshot
6b8d5a5409b911ebbdb0ac1f6bf848b6,2wikimultihop,0,1,False,False,,,False,False,no_frozen_plan_snapshot
6ba22ec008b811ebbd88ac1f6bf848b6,2wikimultihop,0,1,False,False,,,False,False,no_frozen_plan_snapshot
6bab217b091311ebbdadac1f6bf848b6,2wikimultihop,0,1,False,False,,,False,False,no_frozen_plan_snapshot
6bace3800bdb11eba7f7acde48001122,2wikimultihop,0,1,False,False,,,False,False,no_frozen_plan_snapshot
6bb749ce08ed11ebbda7ac1f6bf848b6,2wikimultihop,0,1,False,False,,,False,False,no_frozen_plan_snapshot
6bd195600bde11eba7f7acde48001122,2wikimultihop,0,1,False,False,,,False,False,no_frozen_plan_snapshot
6bd86dd4087f11ebbd6bac1f6bf848b6,2wikimultihop,0,1,False,False,,,False,False,no_frozen_plan_snapshot
6bda7b1c0bde11eba7f7acde48001122,2wikimultihop,0,1,False,False,,,False,False,no_frozen_plan_snapshot
6be347940baf11ebab90acde48001122,2wikimultihop,0,1,False,False,,,False,False,no_frozen_plan_snapshot
6be4b5dc0bde11eba7f7acde48001122,2wikimultihop,0,1,False,False,,,False,False,no_frozen_plan_snapshot
6be622f3089411ebbd75ac1f6bf848b6,2wikimultihop,0,1,False,False,,,False,False,no_frozen_plan_snapshot
6c0db92c08e211ebbda4ac1f6bf848b6,2wikimultihop,0,1,False,False,,,False,False,no_frozen_plan_snapshot
6c14c5ca0bb011ebab90acde48001122,2wikimultihop,0,1,False,False,,,False,False,no_frozen_plan_snapshot
6c238bfd08d911ebbd9cac1f6bf848b6,2wikimultihop,0,1,False,False,,,False,False,no_frozen_plan_snapshot
6c2872fe08af11ebbd83ac1f6bf848b6,2wikimultihop,3,4,True,True,3,True,True,False,deep_hops_not_shallow
6c38bff20bdd11eba7f7acde48001122,2wikimultihop,2,3,True,True,2,False,True,False,deep_hops_not_shallow
6c473ef20baf11ebab90acde48001122,2wikimultihop,0,1,False,False,,,False,False,no_frozen_plan_snapshot
6c47523a0bdb11eba7f7acde48001122,2wikimultihop,0,1,False,False,,,False,False,no_frozen_plan_snapshot
6c4e991e0bdb11eba7f7acde48001122,2wikimultihop,0,1,False,False,,,False,False,no_frozen_plan_snapshot
6c5212000baf11ebab90acde48001122,2wikimultihop,0,1,False,False,,,False,False,no_frozen_plan_snapshot
6c8013de0bb011ebab90acde48001122,2wikimultihop,0,1,False,False,,,False,False,no_frozen_plan_snapshot
6c870130089f11ebbd78ac1f6bf848b6,2wikimultihop,0,1,False,False,,,False,False,no_frozen_plan_snapshot
6cf8289008a811ebbd7fac1f6bf848b6,2wikimultihop,0,1,False,False,,,False,False,no_frozen_plan_snapshot
6d05db1c0bd911eba7f7acde48001122,2wikimultihop,0,1,False,False,,,False,False,no_frozen_plan_snapshot
6d10994a0bdd11eba7f7acde48001122,2wikimultihop,0,1,False,False,,,False,False,no_frozen_plan_snapshot
6d14f21a0bdd11eba7f7acde48001122,2wikimultihop,0,1,False,False,,,False,False,no_frozen_plan_snapshot
6d1b9cfc08b611ebbd88ac1f6bf848b6,2wikimultihop,0,1,False,False,,,False,False,no_frozen_plan_snapshot
6d1fa90e086711ebbd5eac1f6bf848b6,2wikimultihop,0,1,False,False,,,False,False,no_frozen_plan_snapshot
6d2f94300bb011ebab90acde48001122,2wikimultihop,1,2,False,False,,,False,False,no_frozen_plan_snapshot
6d48acde08a111ebbd79ac1f6bf848b6,2wikimultihop,0,1,False,False,,,False,False,no_frozen_plan_snapshot
6d504b8e0bde11eba7f7acde48001122,2wikimultihop,0,1,False,False,,,False,False,no_frozen_plan_snapshot
6d585f1b08e611ebbda5ac1f6bf848b6,2wikimultihop,0,1,False,False,,,False,False,no_frozen_plan_snapshot
6d6022ac088211ebbd6dac1f6bf848b6,2wikimultihop,3,4,True,True,3,True,True,False,deep_hops_not_shallow
6d7611b608be11ebbd8aac1f6bf848b6,2wikimultihop,0,1,False,False,,,False,False,no_frozen_plan_snapshot
6d7a7390088311ebbd6dac1f6bf848b6,2wikimultihop,0,1,False,False,,,False,False,no_frozen_plan_snapshot
6d7b4b1308dd11ebbd9dac1f6bf848b6,2wikimultihop,0,1,False,False,,,False,False,no_frozen_plan_snapshot
6d8359be0bdb11eba7f7acde48001122,2wikimultihop,0,1,False,False,,,False,False,no_frozen_plan_snapshot
6dabbac408d111ebbd95ac1f6bf848b6,2wikimultihop,3,4,True,True,3,True,True,False,deep_hops_not_shallow
6dd4e44a08ad11ebbd83ac1f6bf848b6,2wikimultihop,0,1,False,False,,,False,False,no_frozen_plan_snapshot
6dd7d74d085111ebbd58ac1f6bf848b6,2wikimultihop,0,1,False,False,,,False,False,no_frozen_plan_snapshot
6dde2d36085b11ebbd5cac1f6bf848b6,2wikimultihop,0,1,False,False,,,False,False,no_frozen_plan_snapshot
6e0f4e5d08e211ebbda4ac1f6bf848b6,2wikimultihop,0,1,False,False,,,False,False,no_frozen_plan_snapshot
6e2336660bde11eba7f7acde48001122,2wikimultihop,0,1,False,False,,,False,False,no_frozen_plan_snapshot
6e31773a0bd911eba7f7acde48001122,2wikimultihop,0,1,False,False,,,False,False,no_frozen_plan_snapshot
6e4854a00bde11eba7f7acde48001122,2wikimultihop,0,1,False,False,,,False,False,no_frozen_plan_snapshot
6e4af69c0bde11eba7f7acde48001122,2wikimultihop,0,1,False,False,,,False,False,no_frozen_plan_snapshot
6e7347dc0bde11eba7f7acde48001122,2wikimultihop,0,1,False,False,,,False,False,no_frozen_plan_snapshot
6ea8eab8090111ebbdadac1f6bf848b6,2wikimultihop,0,1,False,False,,,False,False,no_frozen_plan_snapshot
6ebd19c00bd911eba7f7acde48001122,2wikimultihop,0,1,False,False,,,False,False,no_frozen_plan_snapshot
6ebe05740bde11eba7f7acde48001122,2wikimultihop,0,1,False,False,,,False,False,no_frozen_plan_snapshot
6ec345340bde11eba7f7acde48001122,2wikimultihop,0,1,False,False,,,False,False,no_frozen_plan_snapshot
6ec56c1608b311ebbd86ac1f6bf848b6,2wikimultihop,0,1,False,False,,,False,False,no_frozen_plan_snapshot
6ede801c08da11ebbd9cac1f6bf848b6,2wikimultihop,0,1,False,False,,,False,False,no_frozen_plan_snapshot
6f01d12c0bda11eba7f7acde48001122,2wikimultihop,0,1,False,False,,,False,False,no_frozen_plan_snapshot
6f0744b2091a11ebbdaeac1f6bf848b6,2wikimultihop,0,1,False,False,,,False,False,no_frozen_plan_snapshot
6f197ec008cf11ebbd95ac1f6bf848b6,2wikimultihop,0,1,False,False,,,False,False,no_frozen_plan_snapshot
6f1c59360bdd11eba7f7acde48001122,2wikimultihop,0,1,False,False,,,False,False,no_frozen_plan_snapshot
6f30b4160bde11eba7f7acde48001122,2wikimultihop,0,1,False,False,,,False,False,no_frozen_plan_snapshot
6f46f7c60bd911eba7f7acde48001122,2wikimultihop,0,1,False,False,,,False,False,no_frozen_plan_snapshot
6f5fa1ae0bde11eba7f7acde48001122,2wikimultihop,0,1,False,False,,,False,False,no_frozen_plan_snapshot
6f77d2ce0bde11eba7f7acde48001122,2wikimultihop,0,1,False,False,,,False,False,no_frozen_plan_snapshot
6f8b791e085011ebbd57ac1f6bf848b6,2wikimultihop,0,1,False,False,,,False,False,no_frozen_plan_snapshot
6f8bb027090811ebbdadac1f6bf848b6,2wikimultihop,1,2,False,False,,,False,False,no_frozen_plan_snapshot
6fe38581089311ebbd75ac1f6bf848b6,2wikimultihop,0,1,False,False,,,False,False,no_frozen_plan_snapshot
70041a1e0bdd11eba7f7acde48001122,2wikimultihop,0,1,False,False,,,False,False,no_frozen_plan_snapshot
700dfeea0baf11ebab90acde48001122,2wikimultihop,0,1,False,False,,,False,False,no_frozen_plan_snapshot
700e3e0808aa11ebbd80ac1f6bf848b6,2wikimultihop,0,1,False,False,,,False,False,no_frozen_plan_snapshot
7019886b093511ebbdaeac1f6bf848b6,2wikimultihop,1,2,False,False,,,False,False,no_frozen_plan_snapshot
701b5e2a090a11ebbdadac1f6bf848b6,2wikimultihop,0,1,False,False,,,False,False,no_frozen_plan_snapshot
701d5e580baf11ebab90acde48001122,2wikimultihop,0,1,False,False,,,False,False,no_frozen_plan_snapshot
702515e80bdd11eba7f7acde48001122,2wikimultihop,0,1,False,False,,,False,False,no_frozen_plan_snapshot
7028ca5308b411ebbd87ac1f6bf848b6,2wikimultihop,0,1,False,False,,,False,False,no_frozen_plan_snapshot
703a61f00bdd11eba7f7acde48001122,2wikimultihop,0,1,False,False,,,False,False,no_frozen_plan_snapshot
707c223408ae11ebbd83ac1f6bf848b6,2wikimultihop,0,1,False,False,,,False,False,no_frozen_plan_snapshot
70ac87dc08e511ebbda4ac1f6bf848b6,2wikimultihop,0,1,False,False,,,False,False,no_frozen_plan_snapshot
70dc266a0bde11eba7f7acde48001122,2wikimultihop,0,1,False,False,,,False,False,no_frozen_plan_snapshot
70f2e9ae0bde11eba7f7acde48001122,2wikimultihop,0,1,False,False,,,False,False,no_frozen_plan_snapshot
70f829f6085e11ebbd5cac1f6bf848b6,2wikimultihop,0,1,False,False,,,False,False,no_frozen_plan_snapshot
710f0893096c11ebbdafac1f6bf848b6,2wikimultihop,0,1,False,False,,,False,False,no_frozen_plan_snapshot
711449320bde11eba7f7acde48001122,2wikimultihop,0,1,False,False,,,False,False,no_frozen_plan_snapshot
71530df00bdb11eba7f7acde48001122,2wikimultihop,0,1,False,False,,,False,False,no_frozen_plan_snapshot
7156654108f211ebbdaaac1f6bf848b6,2wikimultihop,0,1,False,False,,,False,False,no_frozen_plan_snapshot
7161d1980bde11eba7f7acde48001122,2wikimultihop,0,1,False,False,,,False,False,no_frozen_plan_snapshot
7184c97c08b011ebbd84ac1f6bf848b6,2wikimultihop,0,1,False,False,,,False,False,no_frozen_plan_snapshot
71856e880bdd11eba7f7acde48001122,2wikimultihop,0,1,False,False,,,False,False,no_frozen_plan_snapshot
71a1099a0bb011ebab90acde48001122,2wikimultihop,0,1,False,False,,,False,False,no_frozen_plan_snapshot
71ac014c0bdd11eba7f7acde48001122,2wikimultihop,0,1,False,False,,,False,False,no_frozen_plan_snapshot
71c2ec3c086711ebbd5eac1f6bf848b6,2wikimultihop,0,1,False,False,,,False,False,no_frozen_plan_snapshot
71d1a425087c11ebbd6aac1f6bf848b6,2wikimultihop,3,4,True,True,3,True,True,False,deep_hops_not_shallow
71ef00ca08cf11ebbd95ac1f6bf848b6,2wikimultihop,0,1,False,False,,,False,False,no_frozen_plan_snapshot
71f3f8e00baf11ebab90acde48001122,2wikimultihop,1,2,False,False,,,False,False,no_frozen_plan_snapshot
71f7295008d211ebbd96ac1f6bf848b6,2wikimultihop,3,4,True,True,3,True,True,False,deep_hops_not_shallow
721f557a0bdd11eba7f7acde48001122,2wikimultihop,0,1,False,False,,,False,False,no_frozen_plan_snapshot
7246ee5a0bb011ebab90acde48001122,2wikimultihop,0,1,False,False,,,False,False,no_frozen_plan_snapshot
7250010e0bdb11eba7f7acde48001122,2wikimultihop,1,2,False,False,,,False,False,no_frozen_plan_snapshot
7253afc808c711ebbd91ac1f6bf848b6,2wikimultihop,3,4,True,True,3,True,True,False,deep_hops_not_shallow
726edd860bdb11eba7f7acde48001122,2wikimultihop,0,1,False,False,,,False,False,no_frozen_plan_snapshot
727f50cc0bda11eba7f7acde48001122,2wikimultihop,0,1,False,False,,,False,False,no_frozen_plan_snapshot
7284db480bdd11eba7f7acde48001122,2wikimultihop,0,1,False,False,,,False,False,no_frozen_plan_snapshot
72a61b200bdb11eba7f7acde48001122,2wikimultihop,0,1,False,False,,,False,False,no_frozen_plan_snapshot
72b57a7a0bdb11eba7f7acde48001122,2wikimultihop,0,1,False,False,,,False,False,no_frozen_plan_snapshot
72cdfc5e0bda11eba7f7acde48001122,2wikimultihop,1,2,False,False,,,False,False,no_frozen_plan_snapshot
72cfea12086711ebbd5eac1f6bf848b6,2wikimultihop,0,1,False,False,,,False,False,no_frozen_plan_snapshot
72e9f7ba085111ebbd58ac1f6bf848b6,2wikimultihop,0,1,False,False,,,False,False,no_frozen_plan_snapshot
7320026e0bdb11eba7f7acde48001122,2wikimultihop,0,1,False,False,,,False,False,no_frozen_plan_snapshot
7327e1d9089211ebbd73ac1f6bf848b6,2wikimultihop,0,1,False,False,,,False,False,no_frozen_plan_snapshot
7339445e086811ebbd5eac1f6bf848b6,2wikimultihop,0,1,False,False,,,False,False,no_frozen_plan_snapshot
7347d506086511ebbd5eac1f6bf848b6,2wikimultihop,1,2,False,False,,,False,False,no_frozen_plan_snapshot
7368acd60bda11eba7f7acde48001122,2wikimultihop,0,1,False,False,,,False,False,no_frozen_plan_snapshot
7379ce100bdc11eba7f7acde48001122,2wikimultihop,0,1,False,False,,,False,False,no_frozen_plan_snapshot
7391d2900bdb11eba7f7acde48001122,2wikimultihop,0,1,False,False,,,False,False,no_frozen_plan_snapshot
739b0fb80bdb11eba7f7acde48001122,2wikimultihop,0,1,False,False,,,False,False,no_frozen_plan_snapshot
73aba625086c11ebbd61ac1f6bf848b6,2wikimultihop,0,1,False,False,,,False,False,no_frozen_plan_snapshot
73c202840bdc11eba7f7acde48001122,2wikimultihop,0,1,False,False,,,False,False,no_frozen_plan_snapshot
73c53c9809a111ebbdb0ac1f6bf848b6,2wikimultihop,0,1,False,False,,,False,False,no_frozen_plan_snapshot
73def83e0bdd11eba7f7acde48001122,2wikimultihop,0,1,False,False,,,False,False,no_frozen_plan_snapshot
73ea1798090a11ebbdadac1f6bf848b6,2wikimultihop,0,1,False,False,,,False,False,no_frozen_plan_snapshot
73ec0f28091811ebbdaeac1f6bf848b6,2wikimultihop,0,1,False,False,,,False,False,no_frozen_plan_snapshot
73ec0f2b091811ebbdaeac1f6bf848b6,2wikimultihop,0,1,False,False,,,False,False,no_frozen_plan_snapshot
741b283a08f511ebbdaaac1f6bf848b6,2wikimultihop,0,1,False,False,,,False,False,no_frozen_plan_snapshot
742d99bd08b811ebbd88ac1f6bf848b6,2wikimultihop,0,1,False,False,,,False,False,no_frozen_plan_snapshot
743a5d0c08e811ebbda6ac1f6bf848b6,2wikimultihop,0,1,False,False,,,False,False,no_frozen_plan_snapshot
743f23820bdb11eba7f7acde48001122,2wikimultihop,0,1,False,False,,,False,False,no_frozen_plan_snapshot
7440c3180bdb11eba7f7acde48001122,2wikimultihop,2,3,True,True,2,True,True,False,deep_hops_not_shallow
744b14920bb011ebab90acde48001122,2wikimultihop,0,1,False,False,,,False,False,no_frozen_plan_snapshot
744bdbea0bdb11eba7f7acde48001122,2wikimultihop,2,3,True,True,2,True,True,False,deep_hops_not_shallow
745fe50c089011ebbd72ac1f6bf848b6,2wikimultihop,0,1,False,False,,,False,False,no_frozen_plan_snapshot
74832e97084e11ebbd56ac1f6bf848b6,2wikimultihop,0,1,False,False,,,False,False,no_frozen_plan_snapshot
74878d4408b511ebbd88ac1f6bf848b6,2wikimultihop,1,2,False,False,,,False,False,no_frozen_plan_snapshot
748ac0e60bd911eba7f7acde48001122,2wikimultihop,2,3,True,True,2,True,True,False,deep_hops_not_shallow
74b1af320baf11ebab90acde48001122,2wikimultihop,0,1,False,False,,,False,False,no_frozen_plan_snapshot
74c24c8c0bde11eba7f7acde48001122,2wikimultihop,0,1,False,False,,,False,False,no_frozen_plan_snapshot
74c844520bde11eba7f7acde48001122,2wikimultihop,0,1,False,False,,,False,False,no_frozen_plan_snapshot
74c84ef40baf11ebab90acde48001122,2wikimultihop,0,1,False,False,,,False,False,no_frozen_plan_snapshot
74cb7e400bdb11eba7f7acde48001122,2wikimultihop,0,1,False,False,,,False,False,no_frozen_plan_snapshot
74eb875e086a11ebbd5fac1f6bf848b6,2wikimultihop,0,1,False,False,,,False,False,no_frozen_plan_snapshot
74f331ee0bd911eba7f7acde48001122,2wikimultihop,0,1,False,False,,,False,False,no_frozen_plan_snapshot
74fbb72909b911ebbdb0ac1f6bf848b6,2wikimultihop,0,1,False,False,,,False,False,no_frozen_plan_snapshot
7506bf7a0bd911eba7f7acde48001122,2wikimultihop,0,1,False,False,,,False,False,no_frozen_plan_snapshot
7519b31d084d11ebbd56ac1f6bf848b6,2wikimultihop,0,1,False,False,,,False,False,no_frozen_plan_snapshot
751bb456084c11ebbd56ac1f6bf848b6,2wikimultihop,0,1,False,False,,,False,False,no_frozen_plan_snapshot
75285a6d088811ebbd6eac1f6bf848b6,2wikimultihop,0,1,False,False,,,False,False,no_frozen_plan_snapshot
7529522e0bde11eba7f7acde48001122,2wikimultihop,0,1,False,False,,,False,False,no_frozen_plan_snapshot
752f84c60bdb11eba7f7acde48001122,2wikimultihop,0,1,False,False,,,False,False,no_frozen_plan_snapshot
7538b6440bdc11eba7f7acde48001122,2wikimultihop,0,1,False,False,,,False,False,no_frozen_plan_snapshot
753c92260bde11eba7f7acde48001122,2wikimultihop,0,1,False,False,,,False,False,no_frozen_plan_snapshot
755fdd7c08a411ebbd7cac1f6bf848b6,2wikimultihop,0,1,False,False,,,False,False,no_frozen_plan_snapshot
7563433008c311ebbd8dac1f6bf848b6,2wikimultihop,3,4,True,True,3,True,True,False,deep_hops_not_shallow
75668b40094111ebbdaeac1f6bf848b6,2wikimultihop,0,1,False,False,,,False,False,no_frozen_plan_snapshot
757e422f089211ebbd73ac1f6bf848b6,2wikimultihop,1,2,False,False,,,False,False,no_frozen_plan_snapshot
758c3ad508c211ebbd8cac1f6bf848b6,2wikimultihop,0,1,False,False,,,False,False,no_frozen_plan_snapshot
759305480bde11eba7f7acde48001122,2wikimultihop,0,1,False,False,,,False,False,no_frozen_plan_snapshot
75b75fc6094a11ebbdaeac1f6bf848b6,2wikimultihop,0,1,False,False,,,False,False,no_frozen_plan_snapshot
75c64fb00bda11eba7f7acde48001122,2wikimultihop,0,1,False,False,,,False,False,no_frozen_plan_snapshot
75e5c06d087811ebbd67ac1f6bf848b6,2wikimultihop,0,1,False,False,,,False,False,no_frozen_plan_snapshot
7603449c08e711ebbda6ac1f6bf848b6,2wikimultihop,0,1,False,False,,,False,False,no_frozen_plan_snapshot
764663040bde11eba7f7acde48001122,2wikimultihop,0,1,False,False,,,False,False,no_frozen_plan_snapshot
76754a3e093b11ebbdaeac1f6bf848b6,2wikimultihop,0,1,False,False,,,False,False,no_frozen_plan_snapshot
767864440bde11eba7f7acde48001122,2wikimultihop,2,3,True,True,2,True,True,False,deep_hops_not_shallow
767b64380bb011ebab90acde48001122,2wikimultihop,0,1,False,False,,,False,False,no_frozen_plan_snapshot
767bc6c60bb011ebab90acde48001122,2wikimultihop,0,1,False,False,,,False,False,no_frozen_plan_snapshot
767efc000bde11eba7f7acde48001122,2wikimultihop,0,1,False,False,,,False,False,no_frozen_plan_snapshot
768c67280bde11eba7f7acde48001122,2wikimultihop,0,1,False,False,,,False,False,no_frozen_plan_snapshot
769e5e8408d811ebbd9bac1f6bf848b6,2wikimultihop,0,1,False,False,,,False,False,no_frozen_plan_snapshot
76c389b2095911ebbdaeac1f6bf848b6,2wikimultihop,0,1,False,False,,,False,False,no_frozen_plan_snapshot
76cacca20bde11eba7f7acde48001122,2wikimultihop,0,1,False,False,,,False,False,no_frozen_plan_snapshot
76e3dad00bde11eba7f7acde48001122,2wikimultihop,0,1,False,False,,,False,False,no_frozen_plan_snapshot
76e8c33e096e11ebbdb0ac1f6bf848b6,2wikimultihop,0,1,False,False,,,False,False,no_frozen_plan_snapshot
76ec405f08b811ebbd88ac1f6bf848b6,2wikimultihop,0,1,False,False,,,False,False,no_frozen_plan_snapshot
77137ac60bdc11eba7f7acde48001122,2wikimultihop,0,1,False,False,,,False,False,no_frozen_plan_snapshot
7718a55a08a811ebbd7fac1f6bf848b6,2wikimultihop,0,1,False,False,,,False,False,no_frozen_plan_snapshot
7728d6d80bdb11eba7f7acde48001122,2wikimultihop,0,1,False,False,,,False,False,no_frozen_plan_snapshot
772cba800bb011ebab90acde48001122,2wikimultihop,0,1,False,False,,,False,False,no_frozen_plan_snapshot
772e74ec0bb011ebab90acde48001122,2wikimultihop,0,1,False,False,,,False,False,no_frozen_plan_snapshot
772e927c08a111ebbd79ac1f6bf848b6,2wikimultihop,0,1,False,False,,,False,False,no_frozen_plan_snapshot
7736de20087211ebbd66ac1f6bf848b6,2wikimultihop,0,1,False,False,,,False,False,no_frozen_plan_snapshot
774fa4e20bdc11eba7f7acde48001122,2wikimultihop,0,1,False,False,,,False,False,no_frozen_plan_snapshot
7757e42c0baf11ebab90acde48001122,2wikimultihop,0,1,False,False,,,False,False,no_frozen_plan_snapshot
7789c7a60bde11eba7f7acde48001122,2wikimultihop,0,1,False,False,,,False,False,no_frozen_plan_snapshot
77dbfab80bb011ebab90acde48001122,2wikimultihop,0,1,False,False,,,False,False,no_frozen_plan_snapshot
77dc576a0bdd11eba7f7acde48001122,2wikimultihop,0,1,False,False,,,False,False,no_frozen_plan_snapshot
77dcc8ee0bb011ebab90acde48001122,2wikimultihop,0,1,False,False,,,False,False,no_frozen_plan_snapshot
77f0ff4e0bb011ebab90acde48001122,2wikimultihop,0,1,False,False,,,False,False,no_frozen_plan_snapshot
77f1896e0bb011ebab90acde48001122,2wikimultihop,0,1,False,False,,,False,False,no_frozen_plan_snapshot
77f250420bb011ebab90acde48001122,2wikimultihop,0,1,False,False,,,False,False,no_frozen_plan_snapshot
77f2d5bc0bb011ebab90acde48001122,2wikimultihop,0,1,False,False,,,False,False,no_frozen_plan_snapshot
77f521780bb011ebab90acde48001122,2wikimultihop,0,1,False,False,,,False,False,no_frozen_plan_snapshot
77f5e45a0bb011ebab90acde48001122,2wikimultihop,0,1,False,False,,,False,False,no_frozen_plan_snapshot
78210212087611ebbd67ac1f6bf848b6,2wikimultihop,0,1,False,False,,,False,False,no_frozen_plan_snapshot
782f0c160bd911eba7f7acde48001122,2wikimultihop,0,1,False,False,,,False,False,no_frozen_plan_snapshot
783b1724087611ebbd67ac1f6bf848b6,2wikimultihop,0,1,False,False,,,False,False,no_frozen_plan_snapshot
7861e1fa089011ebbd72ac1f6bf848b6,2wikimultihop,0,1,False,False,,,False,False,no_frozen_plan_snapshot
78715ee2089411ebbd75ac1f6bf848b6,2wikimultihop,0,1,False,False,,,False,False,no_frozen_plan_snapshot
78899a480bdc11eba7f7acde48001122,2wikimultihop,2,3,True,True,2,True,True,False,deep_hops_not_shallow
789106ac088011ebbd6cac1f6bf848b6,2wikimultihop,2,3,True,True,0,False,True,False,deep_hops_not_shallow
78af565508e911ebbda7ac1f6bf848b6,2wikimultihop,-1,0,False,False,,,False,False,no_frozen_plan_snapshot
78b84f3608db11ebbd9cac1f6bf848b6,2wikimultihop,0,1,False,False,,,False,False,no_frozen_plan_snapshot
78bc87f8086911ebbd5eac1f6bf848b6,2wikimultihop,0,1,False,False,,,False,False,no_frozen_plan_snapshot
78c31f420bb011ebab90acde48001122,2wikimultihop,0,1,False,False,,,False,False,no_frozen_plan_snapshot
78f3ba520bd911eba7f7acde48001122,2wikimultihop,0,1,False,False,,,False,False,no_frozen_plan_snapshot
78f80b7108dc11ebbd9cac1f6bf848b6,2wikimultihop,0,1,False,False,,,False,False,no_frozen_plan_snapshot
791a6e4d087111ebbd63ac1f6bf848b6,2wikimultihop,0,1,False,False,,,False,False,no_frozen_plan_snapshot
79519442088711ebbd6dac1f6bf848b6,2wikimultihop,0,1,False,False,,,False,False,no_frozen_plan_snapshot
79530ef4089011ebbd72ac1f6bf848b6,2wikimultihop,0,1,False,False,,,False,False,no_frozen_plan_snapshot
79966d6d08d511ebbd98ac1f6bf848b6,2wikimultihop,0,1,False,False,,,False,False,no_frozen_plan_snapshot
79ab35da095711ebbdaeac1f6bf848b6,2wikimultihop,0,1,False,False,,,False,False,no_frozen_plan_snapshot
79db6f78098111ebbdb0ac1f6bf848b6,2wikimultihop,0,1,False,False,,,False,False,no_frozen_plan_snapshot
79eed88d087911ebbd67ac1f6bf848b6,2wikimultihop,3,4,True,True,0,False,True,False,deep_hops_not_shallow
79f69dd80bda11eba7f7acde48001122,2wikimultihop,0,1,False,False,,,False,False,no_frozen_plan_snapshot
79f971d8085211ebbd58ac1f6bf848b6,2wikimultihop,0,1,False,False,,,False,False,no_frozen_plan_snapshot
7a010b1408c011ebbd8aac1f6bf848b6,2wikimultihop,0,1,False,False,,,False,False,no_frozen_plan_snapshot
7a01a52a089c11ebbd78ac1f6bf848b6,2wikimultihop,0,1,False,False,,,False,False,no_frozen_plan_snapshot
7a0206f2089f11ebbd78ac1f6bf848b6,2wikimultihop,0,1,False,False,,,False,False,no_frozen_plan_snapshot
7a1a00b80bb011ebab90acde48001122,2wikimultihop,0,1,False,False,,,False,False,no_frozen_plan_snapshot
7a2249120bb011ebab90acde48001122,2wikimultihop,0,1,False,False,,,False,False,no_frozen_plan_snapshot
7a298108087611ebbd67ac1f6bf848b6,2wikimultihop,0,1,False,False,,,False,False,no_frozen_plan_snapshot
7a36d26d095111ebbdaeac1f6bf848b6,2wikimultihop,0,1,False,False,,,False,False,no_frozen_plan_snapshot
7a465cb4095111ebbdaeac1f6bf848b6,2wikimultihop,0,1,False,False,,,False,False,no_frozen_plan_snapshot
7a51380a093211ebbdaeac1f6bf848b6,2wikimultihop,0,1,False,False,,,False,False,no_frozen_plan_snapshot
7a51eb9208ac11ebbd83ac1f6bf848b6,2wikimultihop,0,1,False,False,,,False,False,no_frozen_plan_snapshot
7a57c5d2089111ebbd73ac1f6bf848b6,2wikimultihop,0,1,False,False,,,False,False,no_frozen_plan_snapshot
7a5fd5940baf11ebab90acde48001122,2wikimultihop,0,1,False,False,,,False,False,no_frozen_plan_snapshot
7a6a6a2c091611ebbdaeac1f6bf848b6,2wikimultihop,0,1,False,False,,,False,False,no_frozen_plan_snapshot
7a71a91e087f11ebbd6cac1f6bf848b6,2wikimultihop,0,1,False,False,,,False,False,no_frozen_plan_snapshot
7a8cb2f20bdd11eba7f7acde48001122,2wikimultihop,0,1,False,False,,,False,False,no_frozen_plan_snapshot
7ab285e60bdc11eba7f7acde48001122,2wikimultihop,0,1,False,False,,,False,False,no_frozen_plan_snapshot
7abc1e3008d511ebbd98ac1f6bf848b6,2wikimultihop,0,1,False,False,,,False,False,no_frozen_plan_snapshot
7abe5a5408cd11ebbd93ac1f6bf848b6,2wikimultihop,3,4,True,True,3,True,True,False,deep_hops_not_shallow
7adefa720bdc11eba7f7acde48001122,2wikimultihop,0,1,False,False,,,False,False,no_frozen_plan_snapshot
7ae0b40c0bdc11eba7f7acde48001122,2wikimultihop,0,1,False,False,,,False,False,no_frozen_plan_snapshot
7ae641b80bd911eba7f7acde48001122,2wikimultihop,0,1,False,False,,,False,False,no_frozen_plan_snapshot
7aec38ed089211ebbd73ac1f6bf848b6,2wikimultihop,0,1,False,False,,,False,False,no_frozen_plan_snapshot
7afd930208ea11ebbda7ac1f6bf848b6,2wikimultihop,0,1,False,False,,,False,False,no_frozen_plan_snapshot
7b0e01820bdc11eba7f7acde48001122,2wikimultihop,0,1,False,False,,,False,False,no_frozen_plan_snapshot
7b0efff80bda11eba7f7acde48001122,2wikimultihop,0,1,False,False,,,False,False,no_frozen_plan_snapshot
7b1fd9700bdc11eba7f7acde48001122,2wikimultihop,0,1,False,False,,,False,False,no_frozen_plan_snapshot
7b416fb00bda11eba7f7acde48001122,2wikimultihop,0,1,False,False,,,False,False,no_frozen_plan_snapshot
7b4cc520091d11ebbdaeac1f6bf848b6,2wikimultihop,0,1,False,False,,,False,False,no_frozen_plan_snapshot
7b62db6a0bd911eba7f7acde48001122,2wikimultihop,0,1,False,False,,,False,False,no_frozen_plan_snapshot
7bb816f40baf11ebab90acde48001122,2wikimultihop,0,1,False,False,,,False,False,no_frozen_plan_snapshot
7bb996ce0bdb11eba7f7acde48001122,2wikimultihop,0,1,False,False,,,False,False,no_frozen_plan_snapshot
7bc2c4340bda11eba7f7acde48001122,2wikimultihop,0,1,False,False,,,False,False,no_frozen_plan_snapshot
7bc8c0760bdc11eba7f7acde48001122,2wikimultihop,0,1,False,False,,,False,False,no_frozen_plan_snapshot
7be03a200bdd11eba7f7acde48001122,2wikimultihop,0,1,False,False,,,False,False,no_frozen_plan_snapshot
7bf36cfd088411ebbd6dac1f6bf848b6,2wikimultihop,0,1,False,False,,,False,False,no_frozen_plan_snapshot
7c13a4500bdd11eba7f7acde48001122,2wikimultihop,0,1,False,False,,,False,False,no_frozen_plan_snapshot
7c204e2808c011ebbd8aac1f6bf848b6,2wikimultihop,0,1,False,False,,,False,False,no_frozen_plan_snapshot
7c24f3260bd911eba7f7acde48001122,2wikimultihop,0,1,False,False,,,False,False,no_frozen_plan_snapshot
7c292ecc0bda11eba7f7acde48001122,2wikimultihop,0,1,False,False,,,False,False,no_frozen_plan_snapshot
7c490349090311ebbdadac1f6bf848b6,2wikimultihop,0,1,False,False,,,False,False,no_frozen_plan_snapshot
7c55958508b511ebbd88ac1f6bf848b6,2wikimultihop,3,4,True,True,3,True,True,False,deep_hops_not_shallow
7c5768260bdc11eba7f7acde48001122,2wikimultihop,0,1,False,False,,,False,False,no_frozen_plan_snapshot
7c57df160bd911eba7f7acde48001122,2wikimultihop,0,1,False,False,,,False,False,no_frozen_plan_snapshot
7c58eba00bdd11eba7f7acde48001122,2wikimultihop,0,1,False,False,,,False,False,no_frozen_plan_snapshot
7c643c21088211ebbd6dac1f6bf848b6,2wikimultihop,3,4,True,True,0,False,True,False,deep_hops_not_shallow
7c798d620bdb11eba7f7acde48001122,2wikimultihop,0,1,False,False,,,False,False,no_frozen_plan_snapshot
7c8243220bda11eba7f7acde48001122,2wikimultihop,2,3,True,True,0,False,True,False,deep_hops_not_shallow
7c9b42c8088311ebbd6dac1f6bf848b6,2wikimultihop,0,1,False,False,,,False,False,no_frozen_plan_snapshot
7ca3e921086811ebbd5eac1f6bf848b6,2wikimultihop,0,1,False,False,,,False,False,no_frozen_plan_snapshot
7cb81afc0bd911eba7f7acde48001122,2wikimultihop,0,1,False,False,,,False,False,no_frozen_plan_snapshot
7cb929ce08dc11ebbd9cac1f6bf848b6,2wikimultihop,0,1,False,False,,,False,False,no_frozen_plan_snapshot
7d098c560bda11eba7f7acde48001122,2wikimultihop,0,1,False,False,,,False,False,no_frozen_plan_snapshot
7d1e554c08a011ebbd78ac1f6bf848b6,2wikimultihop,0,1,False,False,,,False,False,no_frozen_plan_snapshot
7d84cc78086411ebbd5eac1f6bf848b6,2wikimultihop,0,1,False,False,,,False,False,no_frozen_plan_snapshot
7d87730c087211ebbd66ac1f6bf848b6,2wikimultihop,0,1,False,False,,,False,False,no_frozen_plan_snapshot
7d88d84d08bc11ebbd88ac1f6bf848b6,2wikimultihop,1,2,False,False,,,False,False,no_frozen_plan_snapshot
7d89563c0bdc11eba7f7acde48001122,2wikimultihop,0,1,False,False,,,False,False,no_frozen_plan_snapshot
7d8986360bda11eba7f7acde48001122,2wikimultihop,0,1,False,False,,,False,False,no_frozen_plan_snapshot
7d8ccdc2087011ebbd63ac1f6bf848b6,2wikimultihop,0,1,False,False,,,False,False,no_frozen_plan_snapshot
7d9d5d720bdb11eba7f7acde48001122,2wikimultihop,-1,0,False,False,,,False,False,no_frozen_plan_snapshot
7db34f5808c811ebbd91ac1f6bf848b6,2wikimultihop,0,1,False,False,,,False,False,no_frozen_plan_snapshot
7dd9d184094511ebbdaeac1f6bf848b6,2wikimultihop,0,1,False,False,,,False,False,no_frozen_plan_snapshot
7decb0240baf11ebab90acde48001122,2wikimultihop,0,1,False,False,,,False,False,no_frozen_plan_snapshot
7df6eeb9089911ebbd77ac1f6bf848b6,2wikimultihop,0,1,False,False,,,False,False,no_frozen_plan_snapshot
7e004fa60bd911eba7f7acde48001122,2wikimultihop,0,1,False,False,,,False,False,no_frozen_plan_snapshot
7e37b0a0089511ebbd75ac1f6bf848b6,2wikimultihop,0,1,False,False,,,False,False,no_frozen_plan_snapshot
7e815a440bdc11eba7f7acde48001122,2wikimultihop,0,1,False,False,,,False,False,no_frozen_plan_snapshot
7e8b8f0c08f611ebbdaaac1f6bf848b6,2wikimultihop,0,1,False,False,,,False,False,no_frozen_plan_snapshot
7ea9043708c111ebbd8bac1f6bf848b6,2wikimultihop,0,1,False,False,,,False,False,no_frozen_plan_snapshot
7eb434460bdc11eba7f7acde48001122,2wikimultihop,0,1,False,False,,,False,False,no_frozen_plan_snapshot
7ebeb03c08e511ebbda4ac1f6bf848b6,2wikimultihop,0,1,False,False,,,False,False,no_frozen_plan_snapshot
7edd92340bda11eba7f7acde48001122,2wikimultihop,0,1,False,False,,,False,False,no_frozen_plan_snapshot
7ee9577e088611ebbd6dac1f6bf848b6,2wikimultihop,1,2,False,False,,,False,False,no_frozen_plan_snapshot
7eeb32f4089211ebbd73ac1f6bf848b6,2wikimultihop,3,4,True,True,0,False,True,False,deep_hops_not_shallow
7f20efa00baf11ebab90acde48001122,2wikimultihop,3,4,True,True,0,False,True,False,deep_hops_not_shallow
7f51c24a0bd911eba7f7acde48001122,2wikimultihop,0,1,False,False,,,False,False,no_frozen_plan_snapshot
7f5f17a80bdc11eba7f7acde48001122,2wikimultihop,0,1,False,False,,,False,False,no_frozen_plan_snapshot
7f70355f097c11ebbdb0ac1f6bf848b6,2wikimultihop,0,1,False,False,,,False,False,no_frozen_plan_snapshot
7f77ac8808cf11ebbd95ac1f6bf848b6,2wikimultihop,0,1,False,False,,,False,False,no_frozen_plan_snapshot
7f8927c00bda11eba7f7acde48001122,2wikimultihop,0,1,False,False,,,False,False,no_frozen_plan_snapshot
7f8db33a0bda11eba7f7acde48001122,2wikimultihop,0,1,False,False,,,False,False,no_frozen_plan_snapshot
7f95fed108f511ebbdaaac1f6bf848b6,2wikimultihop,0,1,False,False,,,False,False,no_frozen_plan_snapshot
7fc10b4c087211ebbd66ac1f6bf848b6,2wikimultihop,3,4,True,True,3,True,True,False,deep_hops_not_shallow
7ff5b9520bdb11eba7f7acde48001122,2wikimultihop,0,1,False,False,,,False,False,no_frozen_plan_snapshot
8007e9aa0bdc11eba7f7acde48001122,2wikimultihop,0,1,False,False,,,False,False,no_frozen_plan_snapshot
8012a1e008af11ebbd83ac1f6bf848b6,2wikimultihop,0,1,False,False,,,False,False,no_frozen_plan_snapshot
801b0d7a089211ebbd73ac1f6bf848b6,2wikimultihop,3,4,True,True,3,True,True,False,deep_hops_not_shallow
802bd95c0bda11eba7f7acde48001122,2wikimultihop,0,1,False,False,,,False,False,no_frozen_plan_snapshot
8031698e0bdb11eba7f7acde48001122,2wikimultihop,0,1,False,False,,,False,False,no_frozen_plan_snapshot
803aef7808d311ebbd96ac1f6bf848b6,2wikimultihop,0,1,False,False,,,False,False,no_frozen_plan_snapshot
804026ed086911ebbd5eac1f6bf848b6,2wikimultihop,0,1,False,False,,,False,False,no_frozen_plan_snapshot
80483b220bdc11eba7f7acde48001122,2wikimultihop,0,1,False,False,,,False,False,no_frozen_plan_snapshot
8076797a0bdb11eba7f7acde48001122,2wikimultihop,0,1,False,False,,,False,False,no_frozen_plan_snapshot
808f9f1808b111ebbd85ac1f6bf848b6,2wikimultihop,-1,0,False,False,,,False,False,no_frozen_plan_snapshot
809a04ee0bdb11eba7f7acde48001122,2wikimultihop,0,1,False,False,,,False,False,no_frozen_plan_snapshot
80ae4ab1089011ebbd72ac1f6bf848b6,2wikimultihop,0,1,False,False,,,False,False,no_frozen_plan_snapshot
80be09780bdd11eba7f7acde48001122,2wikimultihop,0,1,False,False,,,False,False,no_frozen_plan_snapshot
80cfd23108e411ebbda4ac1f6bf848b6,2wikimultihop,0,1,False,False,,,False,False,no_frozen_plan_snapshot
80e612e20bdd11eba7f7acde48001122,2wikimultihop,0,1,False,False,,,False,False,no_frozen_plan_snapshot
81040e9a0bd911eba7f7acde48001122,2wikimultihop,0,1,False,False,,,False,False,no_frozen_plan_snapshot
8109b3800bda11eba7f7acde48001122,2wikimultihop,0,1,False,False,,,False,False,no_frozen_plan_snapshot
810be29808b211ebbd85ac1f6bf848b6,2wikimultihop,0,1,False,False,,,False,False,no_frozen_plan_snapshot
8114aef808c811ebbd91ac1f6bf848b6,2wikimultihop,1,2,False,False,,,False,False,no_frozen_plan_snapshot
8115d246087b11ebbd68ac1f6bf848b6,2wikimultihop,0,1,False,False,,,False,False,no_frozen_plan_snapshot
811cd1b00bdd11eba7f7acde48001122,2wikimultihop,0,1,False,False,,,False,False,no_frozen_plan_snapshot
812068dd087e11ebbd6bac1f6bf848b6,2wikimultihop,0,1,False,False,,,False,False,no_frozen_plan_snapshot
8129997c0bb011ebab90acde48001122,2wikimultihop,0,1,False,False,,,False,False,no_frozen_plan_snapshot
8129f9bc0bb011ebab90acde48001122,2wikimultihop,0,1,False,False,,,False,False,no_frozen_plan_snapshot
813daa100bd911eba7f7acde48001122,2wikimultihop,0,1,False,False,,,False,False,no_frozen_plan_snapshot
81422bee089b11ebbd78ac1f6bf848b6,2wikimultihop,0,1,False,False,,,False,False,no_frozen_plan_snapshot
81676e5c0bdb11eba7f7acde48001122,2wikimultihop,0,1,False,False,,,False,False,no_frozen_plan_snapshot
816baad6085511ebbd59ac1f6bf848b6,2wikimultihop,0,1,False,False,,,False,False,no_frozen_plan_snapshot
8171c7220bda11eba7f7acde48001122,2wikimultihop,0,1,False,False,,,False,False,no_frozen_plan_snapshot
81aca0d508a311ebbd7bac1f6bf848b6,2wikimultihop,0,1,False,False,,,False,False,no_frozen_plan_snapshot
81c3120b087211ebbd66ac1f6bf848b6,2wikimultihop,0,1,False,False,,,False,False,no_frozen_plan_snapshot
81c8173c0bb011ebab90acde48001122,2wikimultihop,1,2,False,False,,,False,False,no_frozen_plan_snapshot
81dd3a9a08a911ebbd80ac1f6bf848b6,2wikimultihop,0,1,False,False,,,False,False,no_frozen_plan_snapshot
81de6ee80bdc11eba7f7acde48001122,2wikimultihop,0,1,False,False,,,False,False,no_frozen_plan_snapshot
81f9510408fa11ebbdacac1f6bf848b6,2wikimultihop,0,1,False,False,,,False,False,no_frozen_plan_snapshot
81ffef24097b11ebbdb0ac1f6bf848b6,2wikimultihop,0,1,False,False,,,False,False,no_frozen_plan_snapshot
821e65dc086911ebbd5eac1f6bf848b6,2wikimultihop,0,1,False,False,,,False,False,no_frozen_plan_snapshot
8240816808e511ebbda4ac1f6bf848b6,2wikimultihop,0,1,False,False,,,False,False,no_frozen_plan_snapshot
828b1390093511ebbdaeac1f6bf848b6,2wikimultihop,0,1,False,False,,,False,False,no_frozen_plan_snapshot
828b24a4094b11ebbdaeac1f6bf848b6,2wikimultihop,0,1,False,False,,,False,False,no_frozen_plan_snapshot
829275da08f511ebbdaaac1f6bf848b6,2wikimultihop,0,1,False,False,,,False,False,no_frozen_plan_snapshot
82971b480bda11eba7f7acde48001122,2wikimultihop,0,1,False,False,,,False,False,no_frozen_plan_snapshot
82a797c5089311ebbd75ac1f6bf848b6,2wikimultihop,-1,0,False,False,,,False,False,no_frozen_plan_snapshot
82aabedc087111ebbd63ac1f6bf848b6,2wikimultihop,0,1,False,False,,,False,False,no_frozen_plan_snapshot
82ce34f6096011ebbdafac1f6bf848b6,2wikimultihop,0,1,False,False,,,False,False,no_frozen_plan_snapshot
82d8199a08f811ebbdaaac1f6bf848b6,2wikimultihop,0,1,False,False,,,False,False,no_frozen_plan_snapshot
82e363c40bb011ebab90acde48001122,2wikimultihop,0,1,False,False,,,False,False,no_frozen_plan_snapshot
82e545400bb011ebab90acde48001122,2wikimultihop,0,1,False,False,,,False,False,no_frozen_plan_snapshot
82e88a160bb011ebab90acde48001122,2wikimultihop,0,1,False,False,,,False,False,no_frozen_plan_snapshot
82ed494b08c511ebbd8eac1f6bf848b6,2wikimultihop,0,1,False,False,,,False,False,no_frozen_plan_snapshot
82f7e662089c11ebbd78ac1f6bf848b6,2wikimultihop,0,1,False,False,,,False,False,no_frozen_plan_snapshot
82fbc7500bda11eba7f7acde48001122,2wikimultihop,0,1,False,False,,,False,False,no_frozen_plan_snapshot
831ac80108e011ebbda1ac1f6bf848b6,2wikimultihop,1,2,False,False,,,False,False,no_frozen_plan_snapshot
8324860208c611ebbd90ac1f6bf848b6,2wikimultihop,0,1,False,False,,,False,False,no_frozen_plan_snapshot
8326634a08a111ebbd79ac1f6bf848b6,2wikimultihop,0,1,False,False,,,False,False,no_frozen_plan_snapshot
83271a18088311ebbd6dac1f6bf848b6,2wikimultihop,0,1,False,False,,,False,False,no_frozen_plan_snapshot
8329478a0bd911eba7f7acde48001122,2wikimultihop,0,1,False,False,,,False,False,no_frozen_plan_snapshot
8333495a08e211ebbda4ac1f6bf848b6,2wikimultihop,3,4,True,True,3,True,True,False,deep_hops_not_shallow
8348fe4e0bda11eba7f7acde48001122,2wikimultihop,0,1,False,False,,,False,False,no_frozen_plan_snapshot
835efa20088b11ebbd6fac1f6bf848b6,2wikimultihop,0,1,False,False,,,False,False,no_frozen_plan_snapshot
835f9576093911ebbdaeac1f6bf848b6,2wikimultihop,0,1,False,False,,,False,False,no_frozen_plan_snapshot
836730b40bdd11eba7f7acde48001122,2wikimultihop,0,1,False,False,,,False,False,no_frozen_plan_snapshot
8374ba040bdd11eba7f7acde48001122,2wikimultihop,0,1,False,False,,,False,False,no_frozen_plan_snapshot
838b8c7b086811ebbd5eac1f6bf848b6,2wikimultihop,0,1,False,False,,,False,False,no_frozen_plan_snapshot
839e36ca0bda11eba7f7acde48001122,2wikimultihop,0,1,False,False,,,False,False,no_frozen_plan_snapshot
83a016220bb011ebab90acde48001122,2wikimultihop,0,1,False,False,,,False,False,no_frozen_plan_snapshot
83cf4607089a11ebbd77ac1f6bf848b6,2wikimultihop,0,1,False,False,,,False,False,no_frozen_plan_snapshot
83d15c08085b11ebbd5cac1f6bf848b6,2wikimultihop,0,1,False,False,,,False,False,no_frozen_plan_snapshot
84700398087a11ebbd67ac1f6bf848b6,2wikimultihop,3,4,True,True,3,True,True,False,deep_hops_not_shallow
8471ae5808d111ebbd95ac1f6bf848b6,2wikimultihop,0,1,False,False,,,False,False,no_frozen_plan_snapshot
847df1960baf11ebab90acde48001122,2wikimultihop,0,1,False,False,,,False,False,no_frozen_plan_snapshot
8493835f085211ebbd58ac1f6bf848b6,2wikimultihop,0,1,False,False,,,False,False,no_frozen_plan_snapshot
8498b1b20bdb11eba7f7acde48001122,2wikimultihop,0,1,False,False,,,False,False,no_frozen_plan_snapshot
84b900aa0bdd11eba7f7acde48001122,2wikimultihop,0,1,False,False,,,False,False,no_frozen_plan_snapshot
84c529160bb011ebab90acde48001122,2wikimultihop,0,1,False,False,,,False,False,no_frozen_plan_snapshot
84c9e4880bb011ebab90acde48001122,2wikimultihop,0,1,False,False,,,False,False,no_frozen_plan_snapshot
84ca26320bb011ebab90acde48001122,2wikimultihop,0,1,False,False,,,False,False,no_frozen_plan_snapshot
84cf37580bb011ebab90acde48001122,2wikimultihop,0,1,False,False,,,False,False,no_frozen_plan_snapshot
84d526bd088711ebbd6dac1f6bf848b6,2wikimultihop,0,1,False,False,,,False,False,no_frozen_plan_snapshot
8509b64d084c11ebbd56ac1f6bf848b6,2wikimultihop,3,4,True,True,3,True,True,False,deep_hops_not_shallow
85483fe908ab11ebbd82ac1f6bf848b6,2wikimultihop,0,1,False,False,,,False,False,no_frozen_plan_snapshot
8585bc6208a411ebbd7dac1f6bf848b6,2wikimultihop,0,1,False,False,,,False,False,no_frozen_plan_snapshot
8596d1a1086811ebbd5eac1f6bf848b6,2wikimultihop,0,1,False,False,,,False,False,no_frozen_plan_snapshot
85a19e3808ad11ebbd83ac1f6bf848b6,2wikimultihop,0,1,False,False,,,False,False,no_frozen_plan_snapshot
85b18e2208a011ebbd78ac1f6bf848b6,2wikimultihop,0,1,False,False,,,False,False,no_frozen_plan_snapshot
85dd56440baf11ebab90acde48001122,2wikimultihop,0,1,False,False,,,False,False,no_frozen_plan_snapshot
85f535fa0bd911eba7f7acde48001122,2wikimultihop,0,1,False,False,,,False,False,no_frozen_plan_snapshot
86059759089411ebbd75ac1f6bf848b6,2wikimultihop,0,1,False,False,,,False,False,no_frozen_plan_snapshot
8622d5700bdc11eba7f7acde48001122,2wikimultihop,0,1,False,False,,,False,False,no_frozen_plan_snapshot
862d05d5088c11ebbd6fac1f6bf848b6,2wikimultihop,0,1,False,False,,,False,False,no_frozen_plan_snapshot
863cd912085c11ebbd5cac1f6bf848b6,2wikimultihop,0,1,False,False,,,False,False,no_frozen_plan_snapshot
86508dc60bdc11eba7f7acde48001122,2wikimultihop,0,1,False,False,,,False,False,no_frozen_plan_snapshot
866bd4c8086711ebbd5eac1f6bf848b6,2wikimultihop,0,1,False,False,,,False,False,no_frozen_plan_snapshot
867efe19097a11ebbdb0ac1f6bf848b6,2wikimultihop,0,1,False,False,,,False,False,no_frozen_plan_snapshot
86806877099411ebbdb0ac1f6bf848b6,2wikimultihop,0,1,False,False,,,False,False,no_frozen_plan_snapshot
868de8d008ab11ebbd82ac1f6bf848b6,2wikimultihop,0,1,False,False,,,False,False,no_frozen_plan_snapshot
869a8d9c0bda11eba7f7acde48001122,2wikimultihop,0,1,False,False,,,False,False,no_frozen_plan_snapshot
86a396ba0bdc11eba7f7acde48001122,2wikimultihop,0,1,False,False,,,False,False,no_frozen_plan_snapshot
86b7e74808e211ebbda4ac1f6bf848b6,2wikimultihop,0,1,False,False,,,False,False,no_frozen_plan_snapshot
86e6ae4c087f11ebbd6cac1f6bf848b6,2wikimultihop,0,1,False,False,,,False,False,no_frozen_plan_snapshot
86e93d680bb011ebab90acde48001122,2wikimultihop,0,1,False,False,,,False,False,no_frozen_plan_snapshot
86f198be0bb011ebab90acde48001122,2wikimultihop,0,1,False,False,,,False,False,no_frozen_plan_snapshot
86fb31260bdd11eba7f7acde48001122,2wikimultihop,2,3,True,True,2,True,True,False,deep_hops_not_shallow
86fcf5a00bd911eba7f7acde48001122,2wikimultihop,0,1,False,False,,,False,False,no_frozen_plan_snapshot
87045c90087411ebbd67ac1f6bf848b6,2wikimultihop,0,1,False,False,,,False,False,no_frozen_plan_snapshot
87154f1e0bda11eba7f7acde48001122,2wikimultihop,0,1,False,False,,,False,False,no_frozen_plan_snapshot
8715eeb808e411ebbda4ac1f6bf848b6,2wikimultihop,0,1,False,False,,,False,False,no_frozen_plan_snapshot
872d42440bdb11eba7f7acde48001122,2wikimultihop,0,1,False,False,,,False,False,no_frozen_plan_snapshot
8738be5c0bdc11eba7f7acde48001122,2wikimultihop,0,1,False,False,,,False,False,no_frozen_plan_snapshot
875f18220baf11ebab90acde48001122,2wikimultihop,1,2,False,False,,,False,False,no_frozen_plan_snapshot
877ad0e80bdd11eba7f7acde48001122,2wikimultihop,0,1,False,False,,,False,False,no_frozen_plan_snapshot
8781edc00bdc11eba7f7acde48001122,2wikimultihop,0,1,False,False,,,False,False,no_frozen_plan_snapshot
8792c6b40bdb11eba7f7acde48001122,2wikimultihop,0,1,False,False,,,False,False,no_frozen_plan_snapshot
8796bfdf084e11ebbd56ac1f6bf848b6,2wikimultihop,0,1,False,False,,,False,False,no_frozen_plan_snapshot
87a141780bd911eba7f7acde48001122,2wikimultihop,0,1,False,False,,,False,False,no_frozen_plan_snapshot
87a2f8e60bda11eba7f7acde48001122,2wikimultihop,0,1,False,False,,,False,False,no_frozen_plan_snapshot
87b30d140bb011ebab90acde48001122,2wikimultihop,0,1,False,False,,,False,False,no_frozen_plan_snapshot
87b40b6a0bdd11eba7f7acde48001122,2wikimultihop,0,1,False,False,,,False,False,no_frozen_plan_snapshot
87bcaf0408fd11ebbdadac1f6bf848b6,2wikimultihop,0,1,False,False,,,False,False,no_frozen_plan_snapshot
87e0dbe40bd911eba7f7acde48001122,2wikimultihop,0,1,False,False,,,False,False,no_frozen_plan_snapshot
87f1c0da08e611ebbda5ac1f6bf848b6,2wikimultihop,0,1,False,False,,,False,False,no_frozen_plan_snapshot
881866100baf11ebab90acde48001122,2wikimultihop,0,1,False,False,,,False,False,no_frozen_plan_snapshot
883d60f208a611ebbd7fac1f6bf848b6,2wikimultihop,0,1,False,False,,,False,False,no_frozen_plan_snapshot
88511f080bd911eba7f7acde48001122,2wikimultihop,0,1,False,False,,,False,False,no_frozen_plan_snapshot
8879d5b60bb011ebab90acde48001122,2wikimultihop,0,1,False,False,,,False,False,no_frozen_plan_snapshot
8894938e0bdc11eba7f7acde48001122,2wikimultihop,0,1,False,False,,,False,False,no_frozen_plan_snapshot
88cc034008c211ebbd8cac1f6bf848b6,2wikimultihop,0,1,False,False,,,False,False,no_frozen_plan_snapshot
88d01fb008b911ebbd88ac1f6bf848b6,2wikimultihop,0,1,False,False,,,False,False,no_frozen_plan_snapshot
88d066a708e011ebbda1ac1f6bf848b6,2wikimultihop,0,1,False,False,,,False,False,no_frozen_plan_snapshot
88fd0c0c0bdc11eba7f7acde48001122,2wikimultihop,0,1,False,False,,,False,False,no_frozen_plan_snapshot
89022ba60bdc11eba7f7acde48001122,2wikimultihop,2,3,True,True,2,True,True,False,deep_hops_not_shallow
8905a30c08b311ebbd86ac1f6bf848b6,2wikimultihop,0,1,False,False,,,False,False,no_frozen_plan_snapshot
8906523108d011ebbd95ac1f6bf848b6,2wikimultihop,0,1,False,False,,,False,False,no_frozen_plan_snapshot
8930ad3c0bdc11eba7f7acde48001122,2wikimultihop,0,1,False,False,,,False,False,no_frozen_plan_snapshot
8942a532088511ebbd6dac1f6bf848b6,2wikimultihop,0,1,False,False,,,False,False,no_frozen_plan_snapshot
8956ddd00bb011ebab90acde48001122,2wikimultihop,0,1,False,False,,,False,False,no_frozen_plan_snapshot
896843220bdd11eba7f7acde48001122,2wikimultihop,0,1,False,False,,,False,False,no_frozen_plan_snapshot
896ba2220bda11eba7f7acde48001122,2wikimultihop,0,1,False,False,,,False,False,no_frozen_plan_snapshot
897058c40baf11ebab90acde48001122,2wikimultihop,0,1,False,False,,,False,False,no_frozen_plan_snapshot
8970f8960bb011ebab90acde48001122,2wikimultihop,1,2,False,False,,,False,False,no_frozen_plan_snapshot
8976d4d20bb011ebab90acde48001122,2wikimultihop,0,1,False,False,,,False,False,no_frozen_plan_snapshot
898591da0bdc11eba7f7acde48001122,2wikimultihop,0,1,False,False,,,False,False,no_frozen_plan_snapshot
89956f1e0bb011ebab90acde48001122,2wikimultihop,0,1,False,False,,,False,False,no_frozen_plan_snapshot
89a10d560bdd11eba7f7acde48001122,2wikimultihop,0,1,False,False,,,False,False,no_frozen_plan_snapshot
89a3abec0bb011ebab90acde48001122,2wikimultihop,0,1,False,False,,,False,False,no_frozen_plan_snapshot
89ab011508de11ebbd9eac1f6bf848b6,2wikimultihop,1,2,False,False,,,False,False,no_frozen_plan_snapshot
89b5a024089811ebbd77ac1f6bf848b6,2wikimultihop,0,1,False,False,,,False,False,no_frozen_plan_snapshot
89c1ccb308cc11ebbd93ac1f6bf848b6,2wikimultihop,0,1,False,False,,,False,False,no_frozen_plan_snapshot
89c7579e0bd911eba7f7acde48001122,2wikimultihop,0,1,False,False,,,False,False,no_frozen_plan_snapshot
89d8009a0bdd11eba7f7acde48001122,2wikimultihop,0,1,False,False,,,False,False,no_frozen_plan_snapshot
89ee39de0bdb11eba7f7acde48001122,2wikimultihop,0,1,False,False,,,False,False,no_frozen_plan_snapshot
8a07d2d60bdb11eba7f7acde48001122,2wikimultihop,0,1,False,False,,,False,False,no_frozen_plan_snapshot
8a0ed810089d11ebbd78ac1f6bf848b6,2wikimultihop,3,4,True,True,3,True,True,False,deep_hops_not_shallow
8a23603008a911ebbd80ac1f6bf848b6,2wikimultihop,3,4,True,True,3,True,True,False,deep_hops_not_shallow
8a6610400bda11eba7f7acde48001122,2wikimultihop,0,1,False,False,,,False,False,no_frozen_plan_snapshot
8a742e660bdd11eba7f7acde48001122,2wikimultihop,0,1,False,False,,,False,False,no_frozen_plan_snapshot
8a8f0be00bd911eba7f7acde48001122,2wikimultihop,0,1,False,False,,,False,False,no_frozen_plan_snapshot
8ab49ff80bda11eba7f7acde48001122,2wikimultihop,0,1,False,False,,,False,False,no_frozen_plan_snapshot
8aba5e4c0bdb11eba7f7acde48001122,2wikimultihop,0,1,False,False,,,False,False,no_frozen_plan_snapshot
8abaaafe0bdc11eba7f7acde48001122,2wikimultihop,2,3,True,True,2,True,True,False,deep_hops_not_shallow
8aea31a8087011ebbd63ac1f6bf848b6,2wikimultihop,3,4,True,True,3,True,True,False,deep_hops_not_shallow
8afe75c40bda11eba7f7acde48001122,2wikimultihop,0,1,False,False,,,False,False,no_frozen_plan_snapshot
8b566ac00bdc11eba7f7acde48001122,2wikimultihop,0,1,False,False,,,False,False,no_frozen_plan_snapshot
8babf99e0bdd11eba7f7acde48001122,2wikimultihop,2,3,True,True,2,True,True,False,deep_hops_not_shallow
8bac9a0008ce11ebbd94ac1f6bf848b6,2wikimultihop,0,1,False,False,,,False,False,no_frozen_plan_snapshot
8bb0faca0bdd11eba7f7acde48001122,2wikimultihop,0,1,False,False,,,False,False,no_frozen_plan_snapshot
8bccf6360bdc11eba7f7acde48001122,2wikimultihop,0,1,False,False,,,False,False,no_frozen_plan_snapshot
8bd421400bdc11eba7f7acde48001122,2wikimultihop,0,1,False,False,,,False,False,no_frozen_plan_snapshot
8bf5b1700baf11ebab90acde48001122,2wikimultihop,0,1,False,False,,,False,False,no_frozen_plan_snapshot
8bfb8f8a08e311ebbda4ac1f6bf848b6,2wikimultihop,0,1,False,False,,,False,False,no_frozen_plan_snapshot
8c28a7a8085b11ebbd5cac1f6bf848b6,2wikimultihop,0,1,False,False,,,False,False,no_frozen_plan_snapshot
8c3405be0bdd11eba7f7acde48001122,2wikimultihop,1,2,False,False,,,False,False,no_frozen_plan_snapshot
8c3b98ec0bb011ebab90acde48001122,2wikimultihop,0,1,False,False,,,False,False,no_frozen_plan_snapshot
8c4b1cc20bdd11eba7f7acde48001122,2wikimultihop,0,1,False,False,,,False,False,no_frozen_plan_snapshot
8c7fafe20bdc11eba7f7acde48001122,2wikimultihop,0,1,False,False,,,False,False,no_frozen_plan_snapshot
8ccbfd8e0baf11ebab90acde48001122,2wikimultihop,0,1,False,False,,,False,False,no_frozen_plan_snapshot
8cd0aab708e711ebbda6ac1f6bf848b6,2wikimultihop,0,1,False,False,,,False,False,no_frozen_plan_snapshot
8cdb09cb097d11ebbdb0ac1f6bf848b6,2wikimultihop,0,1,False,False,,,False,False,no_frozen_plan_snapshot
8cf72457085211ebbd58ac1f6bf848b6,2wikimultihop,0,1,False,False,,,False,False,no_frozen_plan_snapshot
8d00bdcb08e511ebbda4ac1f6bf848b6,2wikimultihop,0,1,False,False,,,False,False,no_frozen_plan_snapshot
8d0836540bdd11eba7f7acde48001122,2wikimultihop,0,1,False,False,,,False,False,no_frozen_plan_snapshot
8d3878060bdc11eba7f7acde48001122,2wikimultihop,0,1,False,False,,,False,False,no_frozen_plan_snapshot
8d3d54ec0bdd11eba7f7acde48001122,2wikimultihop,0,1,False,False,,,False,False,no_frozen_plan_snapshot
8d3f96db095a11ebbdaeac1f6bf848b6,2wikimultihop,0,1,False,False,,,False,False,no_frozen_plan_snapshot
8d4ce1380baf11ebab90acde48001122,2wikimultihop,0,1,False,False,,,False,False,no_frozen_plan_snapshot
8d62000a08ea11ebbda7ac1f6bf848b6,2wikimultihop,0,1,False,False,,,False,False,no_frozen_plan_snapshot
8d6412740bda11eba7f7acde48001122,2wikimultihop,2,3,True,True,0,False,True,False,deep_hops_not_shallow
8d71ea480bda11eba7f7acde48001122,2wikimultihop,0,1,False,False,,,False,False,no_frozen_plan_snapshot
8d76193c086b11ebbd5fac1f6bf848b6,2wikimultihop,0,1,False,False,,,False,False,no_frozen_plan_snapshot
8d789c600bdc11eba7f7acde48001122,2wikimultihop,0,1,False,False,,,False,False,no_frozen_plan_snapshot
8d91732e0bb011ebab90acde48001122,2wikimultihop,0,1,False,False,,,False,False,no_frozen_plan_snapshot
8d9bf1c80bb011ebab90acde48001122,2wikimultihop,0,1,False,False,,,False,False,no_frozen_plan_snapshot
8da9737a0bb011ebab90acde48001122,2wikimultihop,0,1,False,False,,,False,False,no_frozen_plan_snapshot
8da9b95c0bb011ebab90acde48001122,2wikimultihop,0,1,False,False,,,False,False,no_frozen_plan_snapshot
8dd0b4be08f711ebbdaaac1f6bf848b6,2wikimultihop,0,1,False,False,,,False,False,no_frozen_plan_snapshot
8de50a7a092311ebbdaeac1f6bf848b6,2wikimultihop,0,1,False,False,,,False,False,no_frozen_plan_snapshot
8df60c32088411ebbd6dac1f6bf848b6,2wikimultihop,0,1,False,False,,,False,False,no_frozen_plan_snapshot
8df789f4088b11ebbd6fac1f6bf848b6,2wikimultihop,0,1,False,False,,,False,False,no_frozen_plan_snapshot
8dfa054a0bda11eba7f7acde48001122,2wikimultihop,1,2,False,False,,,False,False,no_frozen_plan_snapshot
8e07f1f00bda11eba7f7acde48001122,2wikimultihop,0,1,False,False,,,False,False,no_frozen_plan_snapshot
8e46057e092a11ebbdaeac1f6bf848b6,2wikimultihop,0,1,False,False,,,False,False,no_frozen_plan_snapshot
8e46a6ca0bda11eba7f7acde48001122,2wikimultihop,0,1,False,False,,,False,False,no_frozen_plan_snapshot
8e4c27b308b511ebbd88ac1f6bf848b6,2wikimultihop,0,1,False,False,,,False,False,no_frozen_plan_snapshot
8e64d2c208b411ebbd88ac1f6bf848b6,2wikimultihop,3,4,True,True,3,True,True,False,deep_hops_not_shallow
8e67b86908ee11ebbda8ac1f6bf848b6,2wikimultihop,0,1,False,False,,,False,False,no_frozen_plan_snapshot
8e85a6bd086311ebbd5eac1f6bf848b6,2wikimultihop,0,1,False,False,,,False,False,no_frozen_plan_snapshot
8e877b1a0bd911eba7f7acde48001122,2wikimultihop,0,1,False,False,,,False,False,no_frozen_plan_snapshot
8ea950d80bdd11eba7f7acde48001122,2wikimultihop,0,1,False,False,,,False,False,no_frozen_plan_snapshot
8eb5dfe20bb011ebab90acde48001122,2wikimultihop,0,1,False,False,,,False,False,no_frozen_plan_snapshot
8ebf7602088f11ebbd72ac1f6bf848b6,2wikimultihop,0,1,False,False,,,False,False,no_frozen_plan_snapshot
8ecb26fe0bdd11eba7f7acde48001122,2wikimultihop,0,1,False,False,,,False,False,no_frozen_plan_snapshot
8ecf15540bdb11eba7f7acde48001122,2wikimultihop,3,4,True,True,0,False,True,False,deep_hops_not_shallow
8ed5dbc6086811ebbd5eac1f6bf848b6,2wikimultihop,0,1,False,False,,,False,False,no_frozen_plan_snapshot
8ef4073e0bda11eba7f7acde48001122,2wikimultihop,0,1,False,False,,,False,False,no_frozen_plan_snapshot
8efdf71808af11ebbd83ac1f6bf848b6,2wikimultihop,0,1,False,False,,,False,False,no_frozen_plan_snapshot
8f2c1576089611ebbd76ac1f6bf848b6,2wikimultihop,0,1,False,False,,,False,False,no_frozen_plan_snapshot
8f3395c1087e11ebbd6bac1f6bf848b6,2wikimultihop,0,1,False,False,,,False,False,no_frozen_plan_snapshot
8f40ec98091e11ebbdaeac1f6bf848b6,2wikimultihop,0,1,False,False,,,False,False,no_frozen_plan_snapshot
8f494dcc0bdd11eba7f7acde48001122,2wikimultihop,0,1,False,False,,,False,False,no_frozen_plan_snapshot
8f4a4d240bda11eba7f7acde48001122,2wikimultihop,0,1,False,False,,,False,False,no_frozen_plan_snapshot
8f5abd7b094611ebbdaeac1f6bf848b6,2wikimultihop,0,1,False,False,,,False,False,no_frozen_plan_snapshot
8f6592fc0bdd11eba7f7acde48001122,2wikimultihop,0,1,False,False,,,False,False,no_frozen_plan_snapshot
8f8266f009b411ebbdb0ac1f6bf848b6,2wikimultihop,0,1,False,False,,,False,False,no_frozen_plan_snapshot
8f8aaf0b088711ebbd6dac1f6bf848b6,2wikimultihop,0,1,False,False,,,False,False,no_frozen_plan_snapshot
8fbe05ec0bdb11eba7f7acde48001122,2wikimultihop,0,1,False,False,,,False,False,no_frozen_plan_snapshot
8fbf15f60bd911eba7f7acde48001122,2wikimultihop,0,1,False,False,,,False,False,no_frozen_plan_snapshot
8fd3ff820bdb11eba7f7acde48001122,2wikimultihop,0,1,False,False,,,False,False,no_frozen_plan_snapshot
8ff1c48208a611ebbd7fac1f6bf848b6,2wikimultihop,0,1,False,False,,,False,False,no_frozen_plan_snapshot
902000320bd911eba7f7acde48001122,2wikimultihop,0,1,False,False,,,False,False,no_frozen_plan_snapshot
9028ba520bdd11eba7f7acde48001122,2wikimultihop,0,1,False,False,,,False,False,no_frozen_plan_snapshot
90424c55085611ebbd59ac1f6bf848b6,2wikimultihop,0,1,False,False,,,False,False,no_frozen_plan_snapshot
90639c300bdd11eba7f7acde48001122,2wikimultihop,0,1,False,False,,,False,False,no_frozen_plan_snapshot
9068d246089911ebbd77ac1f6bf848b6,2wikimultihop,0,1,False,False,,,False,False,no_frozen_plan_snapshot
90934fd908dc11ebbd9cac1f6bf848b6,2wikimultihop,0,1,False,False,,,False,False,no_frozen_plan_snapshot
9094edb808c111ebbd8bac1f6bf848b6,2wikimultihop,0,1,False,False,,,False,False,no_frozen_plan_snapshot
90bad89e0bdb11eba7f7acde48001122,2wikimultihop,0,1,False,False,,,False,False,no_frozen_plan_snapshot
90bfa26c0bda11eba7f7acde48001122,2wikimultihop,0,1,False,False,,,False,False,no_frozen_plan_snapshot
90c0b632086c11ebbd61ac1f6bf848b6,2wikimultihop,0,1,False,False,,,False,False,no_frozen_plan_snapshot
90c88e000bd911eba7f7acde48001122,2wikimultihop,2,3,True,True,0,False,True,False,deep_hops_not_shallow
90c88e1a0bdd11eba7f7acde48001122,2wikimultihop,0,1,False,False,,,False,False,no_frozen_plan_snapshot
90cc08df08a811ebbd7fac1f6bf848b6,2wikimultihop,0,1,False,False,,,False,False,no_frozen_plan_snapshot
90d48f160bd911eba7f7acde48001122,2wikimultihop,0,1,False,False,,,False,False,no_frozen_plan_snapshot
91200380084911ebbd55ac1f6bf848b6,2wikimultihop,0,1,False,False,,,False,False,no_frozen_plan_snapshot
913ceb43088211ebbd6dac1f6bf848b6,2wikimultihop,3,4,True,True,3,True,True,False,deep_hops_not_shallow
91919890092411ebbdaeac1f6bf848b6,2wikimultihop,0,1,False,False,,,False,False,no_frozen_plan_snapshot
91965eba0bda11eba7f7acde48001122,2wikimultihop,0,1,False,False,,,False,False,no_frozen_plan_snapshot
91c13a780bd911eba7f7acde48001122,2wikimultihop,0,1,False,False,,,False,False,no_frozen_plan_snapshot
91e7e3780baf11ebab90acde48001122,2wikimultihop,0,1,False,False,,,False,False,no_frozen_plan_snapshot
91e901b80baf11ebab90acde48001122,2wikimultihop,0,1,False,False,,,False,False,no_frozen_plan_snapshot
921c15d40bdd11eba7f7acde48001122,2wikimultihop,0,1,False,False,,,False,False,no_frozen_plan_snapshot
922879780bb011ebab90acde48001122,2wikimultihop,0,1,False,False,,,False,False,no_frozen_plan_snapshot
922bdbf0093611ebbdaeac1f6bf848b6,2wikimultihop,0,1,False,False,,,False,False,no_frozen_plan_snapshot
922ffff40bb011ebab90acde48001122,2wikimultihop,0,1,False,False,,,False,False,no_frozen_plan_snapshot
9237272a085911ebbd5bac1f6bf848b6,2wikimultihop,0,1,False,False,,,False,False,no_frozen_plan_snapshot
9248ce6c0bdd11eba7f7acde48001122,2wikimultihop,0,1,False,False,,,False,False,no_frozen_plan_snapshot
926c37e8085a11ebbd5cac1f6bf848b6,2wikimultihop,0,1,False,False,,,False,False,no_frozen_plan_snapshot
9284e77d08f811ebbdaaac1f6bf848b6,2wikimultihop,0,1,False,False,,,False,False,no_frozen_plan_snapshot
92ae3b520bd911eba7f7acde48001122,2wikimultihop,0,1,False,False,,,False,False,no_frozen_plan_snapshot
92b73617086f11ebbd62ac1f6bf848b6,2wikimultihop,0,1,False,False,,,False,False,no_frozen_plan_snapshot
92f29f3e08a711ebbd7fac1f6bf848b6,2wikimultihop,0,1,False,False,,,False,False,no_frozen_plan_snapshot
931f84c608f311ebbdaaac1f6bf848b6,2wikimultihop,0,1,False,False,,,False,False,no_frozen_plan_snapshot
9324a6ee0bdd11eba7f7acde48001122,2wikimultihop,0,1,False,False,,,False,False,no_frozen_plan_snapshot
932a607c0bdb11eba7f7acde48001122,2wikimultihop,0,1,False,False,,,False,False,no_frozen_plan_snapshot
933e32ee0bdd11eba7f7acde48001122,2wikimultihop,2,3,True,True,0,False,True,False,deep_hops_not_shallow
934a55e60bd911eba7f7acde48001122,2wikimultihop,0,1,False,False,,,False,False,no_frozen_plan_snapshot
936c70440bda11eba7f7acde48001122,2wikimultihop,0,1,False,False,,,False,False,no_frozen_plan_snapshot
939c636c0bda11eba7f7acde48001122,2wikimultihop,0,1,False,False,,,False,False,no_frozen_plan_snapshot
93adfc01098011ebbdb0ac1f6bf848b6,2wikimultihop,0,1,False,False,,,False,False,no_frozen_plan_snapshot
93bdd2060bdd11eba7f7acde48001122,2wikimultihop,0,1,False,False,,,False,False,no_frozen_plan_snapshot
93c02f920bdd11eba7f7acde48001122,2wikimultihop,0,1,False,False,,,False,False,no_frozen_plan_snapshot
93c09bfa0bdb11eba7f7acde48001122,2wikimultihop,0,1,False,False,,,False,False,no_frozen_plan_snapshot
93c91a920bda11eba7f7acde48001122,2wikimultihop,0,1,False,False,,,False,False,no_frozen_plan_snapshot
942b9cea0bd911eba7f7acde48001122,2wikimultihop,0,1,False,False,,,False,False,no_frozen_plan_snapshot
9436525108de11ebbd9eac1f6bf848b6,2wikimultihop,1,2,False,False,,,False,False,no_frozen_plan_snapshot
943b50b20bda11eba7f7acde48001122,2wikimultihop,0,1,False,False,,,False,False,no_frozen_plan_snapshot
944384d808ad11ebbd83ac1f6bf848b6,2wikimultihop,0,1,False,False,,,False,False,no_frozen_plan_snapshot
944d41900bdb11eba7f7acde48001122,2wikimultihop,0,1,False,False,,,False,False,no_frozen_plan_snapshot
945bacba08ae11ebbd83ac1f6bf848b6,2wikimultihop,0,1,False,False,,,False,False,no_frozen_plan_snapshot
946f76c2088c11ebbd6fac1f6bf848b6,2wikimultihop,0,1,False,False,,,False,False,no_frozen_plan_snapshot
947f85d2096f11ebbdb0ac1f6bf848b6,2wikimultihop,0,1,False,False,,,False,False,no_frozen_plan_snapshot
9480b52c08dc11ebbd9cac1f6bf848b6,2wikimultihop,0,1,False,False,,,False,False,no_frozen_plan_snapshot
948e931808fa11ebbdacac1f6bf848b6,2wikimultihop,0,1,False,False,,,False,False,no_frozen_plan_snapshot
94a183b4087911ebbd67ac1f6bf848b6,2wikimultihop,0,1,False,False,,,False,False,no_frozen_plan_snapshot
94a6c8d20bdb11eba7f7acde48001122,2wikimultihop,0,1,False,False,,,False,False,no_frozen_plan_snapshot
94dd39d80bdd11eba7f7acde48001122,2wikimultihop,0,1,False,False,,,False,False,no_frozen_plan_snapshot
94eba4ce0bdc11eba7f7acde48001122,2wikimultihop,0,1,False,False,,,False,False,no_frozen_plan_snapshot
94f0940608ae11ebbd83ac1f6bf848b6,2wikimultihop,1,2,False,False,,,False,False,no_frozen_plan_snapshot
94f3674008da11ebbd9cac1f6bf848b6,2wikimultihop,0,1,False,False,,,False,False,no_frozen_plan_snapshot
94f71e2c0bdb11eba7f7acde48001122,2wikimultihop,0,1,False,False,,,False,False,no_frozen_plan_snapshot
950aecb008dc11ebbd9cac1f6bf848b6,2wikimultihop,0,1,False,False,,,False,False,no_frozen_plan_snapshot
9522a858088911ebbd6eac1f6bf848b6,2wikimultihop,0,1,False,False,,,False,False,no_frozen_plan_snapshot
9564cd35089311ebbd75ac1f6bf848b6,2wikimultihop,0,1,False,False,,,False,False,no_frozen_plan_snapshot
956991a008ef11ebbda8ac1f6bf848b6,2wikimultihop,0,1,False,False,,,False,False,no_frozen_plan_snapshot
9584cc16095311ebbdaeac1f6bf848b6,2wikimultihop,0,1,False,False,,,False,False,no_frozen_plan_snapshot
95a5f0d60baf11ebab90acde48001122,2wikimultihop,0,1,False,False,,,False,False,no_frozen_plan_snapshot
95b64b6a0bdd11eba7f7acde48001122,2wikimultihop,0,1,False,False,,,False,False,no_frozen_plan_snapshot
95d37580085b11ebbd5cac1f6bf848b6,2wikimultihop,0,1,False,False,,,False,False,no_frozen_plan_snapshot
95d4781b086311ebbd5eac1f6bf848b6,2wikimultihop,0,1,False,False,,,False,False,no_frozen_plan_snapshot
95dba17108a511ebbd7dac1f6bf848b6,2wikimultihop,0,1,False,False,,,False,False,no_frozen_plan_snapshot
95e140c508cf11ebbd95ac1f6bf848b6,2wikimultihop,0,1,False,False,,,False,False,no_frozen_plan_snapshot
9601da440bb011ebab90acde48001122,2wikimultihop,0,1,False,False,,,False,False,no_frozen_plan_snapshot
960b5ec00bdd11eba7f7acde48001122,2wikimultihop,0,1,False,False,,,False,False,no_frozen_plan_snapshot
960f165a0bdd11eba7f7acde48001122,2wikimultihop,0,1,False,False,,,False,False,no_frozen_plan_snapshot
9615640608e011ebbda1ac1f6bf848b6,2wikimultihop,0,1,False,False,,,False,False,no_frozen_plan_snapshot
9634ee940baf11ebab90acde48001122,2wikimultihop,0,1,False,False,,,False,False,no_frozen_plan_snapshot
967b39ca0bdd11eba7f7acde48001122,2wikimultihop,0,1,False,False,,,False,False,no_frozen_plan_snapshot
968602a1086411ebbd5eac1f6bf848b6,2wikimultihop,0,1,False,False,,,False,False,no_frozen_plan_snapshot
96d29e2c0bdd11eba7f7acde48001122,2wikimultihop,0,1,False,False,,,False,False,no_frozen_plan_snapshot
96e142e40bdb11eba7f7acde48001122,2wikimultihop,0,1,False,False,,,False,False,no_frozen_plan_snapshot
96e1802a0bda11eba7f7acde48001122,2wikimultihop,2,3,True,True,2,False,True,False,deep_hops_not_shallow
96fb4aee0baf11ebab90acde48001122,2wikimultihop,0,1,False,False,,,False,False,no_frozen_plan_snapshot
971e4fb20bdc11eba7f7acde48001122,2wikimultihop,0,1,False,False,,,False,False,no_frozen_plan_snapshot
9724141c0bda11eba7f7acde48001122,2wikimultihop,0,1,False,False,,,False,False,no_frozen_plan_snapshot
97440918094311ebbdaeac1f6bf848b6,2wikimultihop,1,2,False,False,,,False,False,no_frozen_plan_snapshot
976872e20bda11eba7f7acde48001122,2wikimultihop,0,1,False,False,,,False,False,no_frozen_plan_snapshot
976c613308d411ebbd96ac1f6bf848b6,2wikimultihop,0,1,False,False,,,False,False,no_frozen_plan_snapshot
9771c3900bdc11eba7f7acde48001122,2wikimultihop,0,1,False,False,,,False,False,no_frozen_plan_snapshot
979c47d20bdc11eba7f7acde48001122,2wikimultihop,0,1,False,False,,,False,False,no_frozen_plan_snapshot
97c6181e0baf11ebab90acde48001122,2wikimultihop,0,1,False,False,,,False,False,no_frozen_plan_snapshot
97cd6e520baf11ebab90acde48001122,2wikimultihop,0,1,False,False,,,False,False,no_frozen_plan_snapshot
97d5e6f00bdb11eba7f7acde48001122,2wikimultihop,0,1,False,False,,,False,False,no_frozen_plan_snapshot
97fdcafc08ad11ebbd83ac1f6bf848b6,2wikimultihop,0,1,False,False,,,False,False,no_frozen_plan_snapshot
983171e208d311ebbd96ac1f6bf848b6,2wikimultihop,0,1,False,False,,,False,False,no_frozen_plan_snapshot
98389ca708e211ebbda4ac1f6bf848b6,2wikimultihop,0,1,False,False,,,False,False,no_frozen_plan_snapshot
983d79c208d011ebbd95ac1f6bf848b6,2wikimultihop,0,1,False,False,,,False,False,no_frozen_plan_snapshot
9850c228096e11ebbdb0ac1f6bf848b6,2wikimultihop,0,1,False,False,,,False,False,no_frozen_plan_snapshot
9864ffab08ef11ebbda8ac1f6bf848b6,2wikimultihop,0,1,False,False,,,False,False,no_frozen_plan_snapshot
986ee11009b311ebbdb0ac1f6bf848b6,2wikimultihop,0,1,False,False,,,False,False,no_frozen_plan_snapshot
987e4ee80baf11ebab90acde48001122,2wikimultihop,1,2,False,False,,,False,False,no_frozen_plan_snapshot
9884af040baf11ebab90acde48001122,2wikimultihop,0,1,False,False,,,False,False,no_frozen_plan_snapshot
9893834c092711ebbdaeac1f6bf848b6,2wikimultihop,0,1,False,False,,,False,False,no_frozen_plan_snapshot
98a31aee0bdb11eba7f7acde48001122,2wikimultihop,0,1,False,False,,,False,False,no_frozen_plan_snapshot
98a68cd80bdb11eba7f7acde48001122,2wikimultihop,0,1,False,False,,,False,False,no_frozen_plan_snapshot
98c2d5f0086811ebbd5eac1f6bf848b6,2wikimultihop,0,1,False,False,,,False,False,no_frozen_plan_snapshot
98f15dfa08e611ebbda5ac1f6bf848b6,2wikimultihop,0,1,False,False,,,False,False,no_frozen_plan_snapshot
98f383880bdd11eba7f7acde48001122,2wikimultihop,0,1,False,False,,,False,False,no_frozen_plan_snapshot
98f734a60bdd11eba7f7acde48001122,2wikimultihop,2,3,True,True,0,False,True,False,deep_hops_not_shallow
98f909d40bdd11eba7f7acde48001122,2wikimultihop,0,1,False,False,,,False,False,no_frozen_plan_snapshot
990341840bdc11eba7f7acde48001122,2wikimultihop,0,1,False,False,,,False,False,no_frozen_plan_snapshot
990357180bdd11eba7f7acde48001122,2wikimultihop,0,1,False,False,,,False,False,no_frozen_plan_snapshot
993f941108c411ebbd8eac1f6bf848b6,2wikimultihop,0,1,False,False,,,False,False,no_frozen_plan_snapshot
9946beb60bda11eba7f7acde48001122,2wikimultihop,0,1,False,False,,,False,False,no_frozen_plan_snapshot
994bfa400bdd11eba7f7acde48001122,2wikimultihop,0,1,False,False,,,False,False,no_frozen_plan_snapshot
996220180bdd11eba7f7acde48001122,2wikimultihop,0,1,False,False,,,False,False,no_frozen_plan_snapshot
996b6cd60bdd11eba7f7acde48001122,2wikimultihop,0,1,False,False,,,False,False,no_frozen_plan_snapshot
998af60a088b11ebbd6fac1f6bf848b6,2wikimultihop,3,4,True,True,3,True,True,False,deep_hops_not_shallow
998f8786089711ebbd77ac1f6bf848b6,2wikimultihop,0,1,False,False,,,False,False,no_frozen_plan_snapshot
99a9e62e0bdc11eba7f7acde48001122,2wikimultihop,0,1,False,False,,,False,False,no_frozen_plan_snapshot
99abc1cc085511ebbd59ac1f6bf848b6,2wikimultihop,0,1,False,False,,,False,False,no_frozen_plan_snapshot
99cf9bb2085a11ebbd5cac1f6bf848b6,2wikimultihop,-1,0,False,False,,,False,False,no_frozen_plan_snapshot
99decd120bdc11eba7f7acde48001122,2wikimultihop,0,1,False,False,,,False,False,no_frozen_plan_snapshot
99e45ebc08e411ebbda4ac1f6bf848b6,2wikimultihop,3,4,True,True,3,True,True,False,deep_hops_not_shallow
99f1450c08ce11ebbd94ac1f6bf848b6,2wikimultihop,0,1,False,False,,,False,False,no_frozen_plan_snapshot
9a37f3b20bda11eba7f7acde48001122,2wikimultihop,0,1,False,False,,,False,False,no_frozen_plan_snapshot
9a55ba400bdb11eba7f7acde48001122,2wikimultihop,0,1,False,False,,,False,False,no_frozen_plan_snapshot
9a59530408ba11ebbd88ac1f6bf848b6,2wikimultihop,0,1,False,False,,,False,False,no_frozen_plan_snapshot
9a7f003a0bdb11eba7f7acde48001122,2wikimultihop,0,1,False,False,,,False,False,no_frozen_plan_snapshot
9aa497b808d511ebbd98ac1f6bf848b6,2wikimultihop,0,1,False,False,,,False,False,no_frozen_plan_snapshot
9aa8008408de11ebbd9eac1f6bf848b6,2wikimultihop,0,1,False,False,,,False,False,no_frozen_plan_snapshot
9ab1dcd808e011ebbda1ac1f6bf848b6,2wikimultihop,0,1,False,False,,,False,False,no_frozen_plan_snapshot
9ab51a100bdd11eba7f7acde48001122,2wikimultihop,0,1,False,False,,,False,False,no_frozen_plan_snapshot
9ab966100bdd11eba7f7acde48001122,2wikimultihop,0,1,False,False,,,False,False,no_frozen_plan_snapshot
9ac712600bdd11eba7f7acde48001122,2wikimultihop,2,3,True,True,2,True,True,False,deep_hops_not_shallow
9afde7fe0bdd11eba7f7acde48001122,2wikimultihop,0,1,False,False,,,False,False,no_frozen_plan_snapshot
9b0321b4088411ebbd6dac1f6bf848b6,2wikimultihop,0,1,False,False,,,False,False,no_frozen_plan_snapshot
9b08d2780bdc11eba7f7acde48001122,2wikimultihop,0,1,False,False,,,False,False,no_frozen_plan_snapshot
9b1655a108e511ebbda4ac1f6bf848b6,2wikimultihop,0,1,False,False,,,False,False,no_frozen_plan_snapshot
9b231f480bdc11eba7f7acde48001122,2wikimultihop,0,1,False,False,,,False,False,no_frozen_plan_snapshot
9b2ccd4e088b11ebbd6fac1f6bf848b6,2wikimultihop,0,1,False,False,,,False,False,no_frozen_plan_snapshot
9b4b255108f911ebbdaaac1f6bf848b6,2wikimultihop,0,1,False,False,,,False,False,no_frozen_plan_snapshot
9b4c02180bdd11eba7f7acde48001122,2wikimultihop,0,1,False,False,,,False,False,no_frozen_plan_snapshot
9b501233087b11ebbd68ac1f6bf848b6,2wikimultihop,0,1,False,False,,,False,False,no_frozen_plan_snapshot
9b9e6cc40bdd11eba7f7acde48001122,2wikimultihop,0,1,False,False,,,False,False,no_frozen_plan_snapshot
9ba59c1a0bdd11eba7f7acde48001122,2wikimultihop,0,1,False,False,,,False,False,no_frozen_plan_snapshot
9bbc65180bdc11eba7f7acde48001122,2wikimultihop,0,1,False,False,,,False,False,no_frozen_plan_snapshot
9bcebfd20bdd11eba7f7acde48001122,2wikimultihop,0,1,False,False,,,False,False,no_frozen_plan_snapshot
9bd0c7e60bdd11eba7f7acde48001122,2wikimultihop,0,1,False,False,,,False,False,no_frozen_plan_snapshot
9bd20704087811ebbd67ac1f6bf848b6,2wikimultihop,0,1,False,False,,,False,False,no_frozen_plan_snapshot
9bdc27880bda11eba7f7acde48001122,2wikimultihop,2,3,True,True,0,False,True,False,deep_hops_not_shallow
9c082fdc088211ebbd6dac1f6bf848b6,2wikimultihop,0,1,False,False,,,False,False,no_frozen_plan_snapshot
9c145b7b086b11ebbd5fac1f6bf848b6,2wikimultihop,0,1,False,False,,,False,False,no_frozen_plan_snapshot
9c1fee900bdb11eba7f7acde48001122,2wikimultihop,0,1,False,False,,,False,False,no_frozen_plan_snapshot
9c2990060bdd11eba7f7acde48001122,2wikimultihop,1,2,False,False,,,False,False,no_frozen_plan_snapshot
9c4a7a4f090c11ebbdadac1f6bf848b6,2wikimultihop,0,1,False,False,,,False,False,no_frozen_plan_snapshot
9c5173de0bdb11eba7f7acde48001122,2wikimultihop,0,1,False,False,,,False,False,no_frozen_plan_snapshot
9c67e2e60bda11eba7f7acde48001122,2wikimultihop,0,1,False,False,,,False,False,no_frozen_plan_snapshot
9c6b6ee108bd11ebbd8aac1f6bf848b6,2wikimultihop,0,1,False,False,,,False,False,no_frozen_plan_snapshot
9c6e982e08a711ebbd7fac1f6bf848b6,2wikimultihop,0,1,False,False,,,False,False,no_frozen_plan_snapshot
9c7847ac087511ebbd67ac1f6bf848b6,2wikimultihop,0,1,False,False,,,False,False,no_frozen_plan_snapshot
9c7a105b08e311ebbda4ac1f6bf848b6,2wikimultihop,0,1,False,False,,,False,False,no_frozen_plan_snapshot
9c7da57508d111ebbd95ac1f6bf848b6,2wikimultihop,2,3,True,True,2,True,True,False,deep_hops_not_shallow
9c944f8e08e711ebbda6ac1f6bf848b6,2wikimultihop,0,1,False,False,,,False,False,no_frozen_plan_snapshot
9c99602708bc11ebbd88ac1f6bf848b6,2wikimultihop,1,2,False,False,,,False,False,no_frozen_plan_snapshot
9cb70ed60bdd11eba7f7acde48001122,2wikimultihop,0,1,False,False,,,False,False,no_frozen_plan_snapshot
9cba304f088a11ebbd6fac1f6bf848b6,2wikimultihop,0,1,False,False,,,False,False,no_frozen_plan_snapshot
9cc8ac040bdd11eba7f7acde48001122,2wikimultihop,0,1,False,False,,,False,False,no_frozen_plan_snapshot
9cdd635f093911ebbdaeac1f6bf848b6,2wikimultihop,0,1,False,False,,,False,False,no_frozen_plan_snapshot
9ce636d708d411ebbd96ac1f6bf848b6,2wikimultihop,0,1,False,False,,,False,False,no_frozen_plan_snapshot
9ce6b5080bda11eba7f7acde48001122,2wikimultihop,0,1,False,False,,,False,False,no_frozen_plan_snapshot
9d06ec120bdd11eba7f7acde48001122,2wikimultihop,0,1,False,False,,,False,False,no_frozen_plan_snapshot
9d3c3b060bdd11eba7f7acde48001122,2wikimultihop,0,1,False,False,,,False,False,no_frozen_plan_snapshot
9d3cb40b089011ebbd72ac1f6bf848b6,2wikimultihop,0,1,False,False,,,False,False,no_frozen_plan_snapshot
9d482cae0bdd11eba7f7acde48001122,2wikimultihop,0,1,False,False,,,False,False,no_frozen_plan_snapshot
9d527e340bdd11eba7f7acde48001122,2wikimultihop,0,1,False,False,,,False,False,no_frozen_plan_snapshot
9d570e6e0baf11ebab90acde48001122,2wikimultihop,0,1,False,False,,,False,False,no_frozen_plan_snapshot
9d5ec862097b11ebbdb0ac1f6bf848b6,2wikimultihop,0,1,False,False,,,False,False,no_frozen_plan_snapshot
9d7e5cba0bd911eba7f7acde48001122,2wikimultihop,0,1,False,False,,,False,False,no_frozen_plan_snapshot
9d895a8308de11ebbd9eac1f6bf848b6,2wikimultihop,0,1,False,False,,,False,False,no_frozen_plan_snapshot
9dab7e3208f711ebbdaaac1f6bf848b6,2wikimultihop,0,1,False,False,,,False,False,no_frozen_plan_snapshot
9dc413af090311ebbdadac1f6bf848b6,2wikimultihop,0,1,False,False,,,False,False,no_frozen_plan_snapshot
9de82c500bdc11eba7f7acde48001122,2wikimultihop,0,1,False,False,,,False,False,no_frozen_plan_snapshot
9e1457800baf11ebab90acde48001122,2wikimultihop,0,1,False,False,,,False,False,no_frozen_plan_snapshot
9e62228008d711ebbd9aac1f6bf848b6,2wikimultihop,1,2,False,False,,,False,False,no_frozen_plan_snapshot
9e68b794091311ebbdadac1f6bf848b6,2wikimultihop,0,1,False,False,,,False,False,no_frozen_plan_snapshot
9e6d7bdc08a111ebbd79ac1f6bf848b6,2wikimultihop,0,1,False,False,,,False,False,no_frozen_plan_snapshot
9ec997120baf11ebab90acde48001122,2wikimultihop,0,1,False,False,,,False,False,no_frozen_plan_snapshot
9f00dfe2089411ebbd75ac1f6bf848b6,2wikimultihop,0,1,False,False,,,False,False,no_frozen_plan_snapshot
9f3beeca08e911ebbda7ac1f6bf848b6,2wikimultihop,0,1,False,False,,,False,False,no_frozen_plan_snapshot
9f4264080baf11ebab90acde48001122,2wikimultihop,0,1,False,False,,,False,False,no_frozen_plan_snapshot
9f4d8f080bdd11eba7f7acde48001122,2wikimultihop,0,1,False,False,,,False,False,no_frozen_plan_snapshot
9f500386089111ebbd73ac1f6bf848b6,2wikimultihop,0,1,False,False,,,False,False,no_frozen_plan_snapshot
9faa890408ba11ebbd88ac1f6bf848b6,2wikimultihop,0,1,False,False,,,False,False,no_frozen_plan_snapshot
9fdcd5ce0baf11ebab90acde48001122,2wikimultihop,0,1,False,False,,,False,False,no_frozen_plan_snapshot
9fdd6a9408b811ebbd88ac1f6bf848b6,2wikimultihop,0,1,False,False,,,False,False,no_frozen_plan_snapshot
9fe6a6760baf11ebab90acde48001122,2wikimultihop,0,1,False,False,,,False,False,no_frozen_plan_snapshot
9ff4972208b211ebbd85ac1f6bf848b6,2wikimultihop,0,1,False,False,,,False,False,no_frozen_plan_snapshot
9ffc814e0baf11ebab90acde48001122,2wikimultihop,0,1,False,False,,,False,False,no_frozen_plan_snapshot
9ffcc4f60baf11ebab90acde48001122,2wikimultihop,0,1,False,False,,,False,False,no_frozen_plan_snapshot
a0065fe9085f11ebbd5dac1f6bf848b6,2wikimultihop,0,1,False,False,,,False,False,no_frozen_plan_snapshot
a007de01084d11ebbd56ac1f6bf848b6,2wikimultihop,0,1,False,False,,,False,False,no_frozen_plan_snapshot
a022d8580bdc11eba7f7acde48001122,2wikimultihop,0,1,False,False,,,False,False,no_frozen_plan_snapshot
a03679a008b011ebbd85ac1f6bf848b6,2wikimultihop,0,1,False,False,,,False,False,no_frozen_plan_snapshot
a06faa8e085311ebbd59ac1f6bf848b6,2wikimultihop,0,1,False,False,,,False,False,no_frozen_plan_snapshot
a07044500bda11eba7f7acde48001122,2wikimultihop,1,2,False,False,,,False,False,no_frozen_plan_snapshot
a0a12e3c0bdd11eba7f7acde48001122,2wikimultihop,0,1,False,False,,,False,False,no_frozen_plan_snapshot
a0a6336e0bdd11eba7f7acde48001122,2wikimultihop,0,1,False,False,,,False,False,no_frozen_plan_snapshot
a0ae26f60baf11ebab90acde48001122,2wikimultihop,0,1,False,False,,,False,False,no_frozen_plan_snapshot
a0c0b0720bdd11eba7f7acde48001122,2wikimultihop,0,1,False,False,,,False,False,no_frozen_plan_snapshot
a100cd1b08f911ebbdaaac1f6bf848b6,2wikimultihop,0,1,False,False,,,False,False,no_frozen_plan_snapshot
a10cf3c6090811ebbdadac1f6bf848b6,2wikimultihop,0,1,False,False,,,False,False,no_frozen_plan_snapshot
a10e2c8508be11ebbd8aac1f6bf848b6,2wikimultihop,0,1,False,False,,,False,False,no_frozen_plan_snapshot
a111296e086111ebbd5dac1f6bf848b6,2wikimultihop,0,1,False,False,,,False,False,no_frozen_plan_snapshot
a11b23f8093a11ebbdaeac1f6bf848b6,2wikimultihop,0,1,False,False,,,False,False,no_frozen_plan_snapshot
a13fae9108d111ebbd95ac1f6bf848b6,2wikimultihop,0,1,False,False,,,False,False,no_frozen_plan_snapshot
a14e5c3e0bdc11eba7f7acde48001122,2wikimultihop,0,1,False,False,,,False,False,no_frozen_plan_snapshot
a16f91c00bdb11eba7f7acde48001122,2wikimultihop,0,1,False,False,,,False,False,no_frozen_plan_snapshot
a199ab840bdd11eba7f7acde48001122,2wikimultihop,0,1,False,False,,,False,False,no_frozen_plan_snapshot
a19ca5c80bdd11eba7f7acde48001122,2wikimultihop,0,1,False,False,,,False,False,no_frozen_plan_snapshot
a1a823e6086111ebbd5dac1f6bf848b6,2wikimultihop,0,1,False,False,,,False,False,no_frozen_plan_snapshot
a1c37dc40bdd11eba7f7acde48001122,2wikimultihop,0,1,False,False,,,False,False,no_frozen_plan_snapshot
a1ca083c0bd911eba7f7acde48001122,2wikimultihop,0,1,False,False,,,False,False,no_frozen_plan_snapshot
a1d87cb008c211ebbd8cac1f6bf848b6,2wikimultihop,3,4,True,True,3,True,True,False,deep_hops_not_shallow
a1e68bee08c111ebbd8bac1f6bf848b6,2wikimultihop,0,1,False,False,,,False,False,no_frozen_plan_snapshot
a214276e08dc11ebbd9cac1f6bf848b6,2wikimultihop,0,1,False,False,,,False,False,no_frozen_plan_snapshot
a246875408d211ebbd96ac1f6bf848b6,2wikimultihop,1,2,False,False,,,False,False,no_frozen_plan_snapshot
a2503fd5089f11ebbd78ac1f6bf848b6,2wikimultihop,0,1,False,False,,,False,False,no_frozen_plan_snapshot
a27849740bd911eba7f7acde48001122,2wikimultihop,0,1,False,False,,,False,False,no_frozen_plan_snapshot
a27e91f1094811ebbdaeac1f6bf848b6,2wikimultihop,0,1,False,False,,,False,False,no_frozen_plan_snapshot
a2baae73086411ebbd5eac1f6bf848b6,2wikimultihop,0,1,False,False,,,False,False,no_frozen_plan_snapshot
a2c1645c0bdd11eba7f7acde48001122,2wikimultihop,0,1,False,False,,,False,False,no_frozen_plan_snapshot
a2cb47b308b611ebbd88ac1f6bf848b6,2wikimultihop,0,1,False,False,,,False,False,no_frozen_plan_snapshot
a2d4e322087e11ebbd6bac1f6bf848b6,2wikimultihop,0,1,False,False,,,False,False,no_frozen_plan_snapshot
a2e196f60bdc11eba7f7acde48001122,2wikimultihop,0,1,False,False,,,False,False,no_frozen_plan_snapshot
a2e29a8e0bdb11eba7f7acde48001122,2wikimultihop,0,1,False,False,,,False,False,no_frozen_plan_snapshot
a328c0e0099611ebbdb0ac1f6bf848b6,2wikimultihop,0,1,False,False,,,False,False,no_frozen_plan_snapshot
a32aa3a60bdb11eba7f7acde48001122,2wikimultihop,2,3,True,True,0,False,True,False,deep_hops_not_shallow
a33c6cf60bdd11eba7f7acde48001122,2wikimultihop,0,1,False,False,,,False,False,no_frozen_plan_snapshot
a344d7460bd911eba7f7acde48001122,2wikimultihop,0,1,False,False,,,False,False,no_frozen_plan_snapshot
a346f150089811ebbd77ac1f6bf848b6,2wikimultihop,0,1,False,False,,,False,False,no_frozen_plan_snapshot
a352b1e60bdd11eba7f7acde48001122,2wikimultihop,0,1,False,False,,,False,False,no_frozen_plan_snapshot
a361e9420bdb11eba7f7acde48001122,2wikimultihop,0,1,False,False,,,False,False,no_frozen_plan_snapshot
a365b85a08c111ebbd8bac1f6bf848b6,2wikimultihop,0,1,False,False,,,False,False,no_frozen_plan_snapshot
a37fc3a60bd911eba7f7acde48001122,2wikimultihop,2,3,True,True,2,True,True,False,deep_hops_not_shallow
a380ab7c08b911ebbd88ac1f6bf848b6,2wikimultihop,0,1,False,False,,,False,False,no_frozen_plan_snapshot
a3b95abe0bdc11eba7f7acde48001122,2wikimultihop,0,1,False,False,,,False,False,no_frozen_plan_snapshot
a3cd3223086811ebbd5eac1f6bf848b6,2wikimultihop,0,1,False,False,,,False,False,no_frozen_plan_snapshot
a3ec33780bda11eba7f7acde48001122,2wikimultihop,0,1,False,False,,,False,False,no_frozen_plan_snapshot
a41c3c8808bc11ebbd89ac1f6bf848b6,2wikimultihop,0,1,False,False,,,False,False,no_frozen_plan_snapshot
a4263dc80bdc11eba7f7acde48001122,2wikimultihop,0,1,False,False,,,False,False,no_frozen_plan_snapshot
a458e6be088a11ebbd6fac1f6bf848b6,2wikimultihop,0,1,False,False,,,False,False,no_frozen_plan_snapshot
a469ea08084b11ebbd56ac1f6bf848b6,2wikimultihop,0,1,False,False,,,False,False,no_frozen_plan_snapshot
a4721ae4092f11ebbdaeac1f6bf848b6,2wikimultihop,0,1,False,False,,,False,False,no_frozen_plan_snapshot
a47b0f720bd911eba7f7acde48001122,2wikimultihop,0,1,False,False,,,False,False,no_frozen_plan_snapshot
a47fa3f508e411ebbda4ac1f6bf848b6,2wikimultihop,0,1,False,False,,,False,False,no_frozen_plan_snapshot
a48cb0f1088811ebbd6eac1f6bf848b6,2wikimultihop,0,1,False,False,,,False,False,no_frozen_plan_snapshot
a4937e2608ec11ebbda7ac1f6bf848b6,2wikimultihop,0,1,False,False,,,False,False,no_frozen_plan_snapshot
a4939cfc08f711ebbdaaac1f6bf848b6,2wikimultihop,0,1,False,False,,,False,False,no_frozen_plan_snapshot
a4d7a95c086511ebbd5eac1f6bf848b6,2wikimultihop,0,1,False,False,,,False,False,no_frozen_plan_snapshot
a4d8ea760bdd11eba7f7acde48001122,2wikimultihop,0,1,False,False,,,False,False,no_frozen_plan_snapshot
a4f3103c0baf11ebab90acde48001122,2wikimultihop,0,1,False,False,,,False,False,no_frozen_plan_snapshot
a4f57a360bda11eba7f7acde48001122,2wikimultihop,0,1,False,False,,,False,False,no_frozen_plan_snapshot
a4f725e5088c11ebbd6fac1f6bf848b6,2wikimultihop,0,1,False,False,,,False,False,no_frozen_plan_snapshot
a51e4a460bdb11eba7f7acde48001122,2wikimultihop,0,1,False,False,,,False,False,no_frozen_plan_snapshot
a51fa5c00bdc11eba7f7acde48001122,2wikimultihop,0,1,False,False,,,False,False,no_frozen_plan_snapshot
a520ee480bdd11eba7f7acde48001122,2wikimultihop,0,1,False,False,,,False,False,no_frozen_plan_snapshot
a52e9e1908b711ebbd88ac1f6bf848b6,2wikimultihop,-1,0,False,False,,,False,False,no_frozen_plan_snapshot
a52f86cd08d011ebbd95ac1f6bf848b6,2wikimultihop,1,2,False,False,,,False,False,no_frozen_plan_snapshot
a5316b6c0bdb11eba7f7acde48001122,2wikimultihop,0,1,False,False,,,False,False,no_frozen_plan_snapshot
a539b2d408a611ebbd7fac1f6bf848b6,2wikimultihop,0,1,False,False,,,False,False,no_frozen_plan_snapshot
a53ed74a091a11ebbdaeac1f6bf848b6,2wikimultihop,0,1,False,False,,,False,False,no_frozen_plan_snapshot
a571fbe008bc11ebbd89ac1f6bf848b6,2wikimultihop,0,1,False,False,,,False,False,no_frozen_plan_snapshot
a5763409086c11ebbd61ac1f6bf848b6,2wikimultihop,0,1,False,False,,,False,False,no_frozen_plan_snapshot
a585aba5092711ebbdaeac1f6bf848b6,2wikimultihop,-1,0,False,False,,,False,False,no_frozen_plan_snapshot
a58964d8097511ebbdb0ac1f6bf848b6,2wikimultihop,3,4,True,True,3,True,True,False,deep_hops_not_shallow
a591f7380baf11ebab90acde48001122,2wikimultihop,0,1,False,False,,,False,False,no_frozen_plan_snapshot
a594836a0bda11eba7f7acde48001122,2wikimultihop,0,1,False,False,,,False,False,no_frozen_plan_snapshot
a5b060a00bdd11eba7f7acde48001122,2wikimultihop,0,1,False,False,,,False,False,no_frozen_plan_snapshot
a5bed06e0bdc11eba7f7acde48001122,2wikimultihop,0,1,False,False,,,False,False,no_frozen_plan_snapshot
a5c2c52908a211ebbd7bac1f6bf848b6,2wikimultihop,0,1,False,False,,,False,False,no_frozen_plan_snapshot
a5e0af240bda11eba7f7acde48001122,2wikimultihop,0,1,False,False,,,False,False,no_frozen_plan_snapshot
a5e486bc0bda11eba7f7acde48001122,2wikimultihop,0,1,False,False,,,False,False,no_frozen_plan_snapshot
a5e94ab0086711ebbd5eac1f6bf848b6,2wikimultihop,0,1,False,False,,,False,False,no_frozen_plan_snapshot
a5f6cf9c08f211ebbdaaac1f6bf848b6,2wikimultihop,0,1,False,False,,,False,False,no_frozen_plan_snapshot
a601a62608e611ebbda5ac1f6bf848b6,2wikimultihop,0,1,False,False,,,False,False,no_frozen_plan_snapshot
a6160eee0bda11eba7f7acde48001122,2wikimultihop,0,1,False,False,,,False,False,no_frozen_plan_snapshot
a643672c0bda11eba7f7acde48001122,2wikimultihop,0,1,False,False,,,False,False,no_frozen_plan_snapshot
a651b80b085f11ebbd5dac1f6bf848b6,2wikimultihop,0,1,False,False,,,False,False,no_frozen_plan_snapshot
a6651e4c089e11ebbd78ac1f6bf848b6,2wikimultihop,0,1,False,False,,,False,False,no_frozen_plan_snapshot
a6b118a00bdd11eba7f7acde48001122,2wikimultihop,0,1,False,False,,,False,False,no_frozen_plan_snapshot
a6d861000bdb11eba7f7acde48001122,2wikimultihop,0,1,False,False,,,False,False,no_frozen_plan_snapshot
a6ecf1040bdd11eba7f7acde48001122,2wikimultihop,0,1,False,False,,,False,False,no_frozen_plan_snapshot
a6edd4fb087e11ebbd6bac1f6bf848b6,2wikimultihop,0,1,False,False,,,False,False,no_frozen_plan_snapshot
a702db460baf11ebab90acde48001122,2wikimultihop,0,1,False,False,,,False,False,no_frozen_plan_snapshot
a70548900baf11ebab90acde48001122,2wikimultihop,1,2,False,False,,,False,False,no_frozen_plan_snapshot
a70f3a840bdd11eba7f7acde48001122,2wikimultihop,0,1,False,False,,,False,False,no_frozen_plan_snapshot
a738633e0bdb11eba7f7acde48001122,2wikimultihop,0,1,False,False,,,False,False,no_frozen_plan_snapshot
a738b60d08e011ebbda2ac1f6bf848b6,2wikimultihop,0,1,False,False,,,False,False,no_frozen_plan_snapshot
a7419bf3092e11ebbdaeac1f6bf848b6,2wikimultihop,-1,0,False,False,,,False,False,no_frozen_plan_snapshot
a79d3abe0bdd11eba7f7acde48001122,2wikimultihop,0,1,False,False,,,False,False,no_frozen_plan_snapshot
a7b05294088a11ebbd6fac1f6bf848b6,2wikimultihop,0,1,False,False,,,False,False,no_frozen_plan_snapshot
a7c1f38708d111ebbd95ac1f6bf848b6,2wikimultihop,0,1,False,False,,,False,False,no_frozen_plan_snapshot
a7e043d60bdd11eba7f7acde48001122,2wikimultihop,0,1,False,False,,,False,False,no_frozen_plan_snapshot
a7f5782a0bdb11eba7f7acde48001122,2wikimultihop,0,1,False,False,,,False,False,no_frozen_plan_snapshot
a7f91a000bdd11eba7f7acde48001122,2wikimultihop,0,1,False,False,,,False,False,no_frozen_plan_snapshot
a802de8e0bdb11eba7f7acde48001122,2wikimultihop,0,1,False,False,,,False,False,no_frozen_plan_snapshot
a83d0a42087e11ebbd6bac1f6bf848b6,2wikimultihop,0,1,False,False,,,False,False,no_frozen_plan_snapshot
a84ba2780bda11eba7f7acde48001122,2wikimultihop,0,1,False,False,,,False,False,no_frozen_plan_snapshot
a85c9b480bdd11eba7f7acde48001122,2wikimultihop,0,1,False,False,,,False,False,no_frozen_plan_snapshot
a86662fc0bda11eba7f7acde48001122,2wikimultihop,0,1,False,False,,,False,False,no_frozen_plan_snapshot
a871a22c0bdd11eba7f7acde48001122,2wikimultihop,0,1,False,False,,,False,False,no_frozen_plan_snapshot
a879a14b092111ebbdaeac1f6bf848b6,2wikimultihop,0,1,False,False,,,False,False,no_frozen_plan_snapshot
a87f4858086511ebbd5eac1f6bf848b6,2wikimultihop,0,1,False,False,,,False,False,no_frozen_plan_snapshot
a88f9d96090c11ebbdadac1f6bf848b6,2wikimultihop,1,2,False,False,,,False,False,no_frozen_plan_snapshot
a8aa71860bda11eba7f7acde48001122,2wikimultihop,0,1,False,False,,,False,False,no_frozen_plan_snapshot
a8b90372089211ebbd73ac1f6bf848b6,2wikimultihop,0,1,False,False,,,False,False,no_frozen_plan_snapshot
a8dc19ef08fa11ebbdacac1f6bf848b6,2wikimultihop,0,1,False,False,,,False,False,no_frozen_plan_snapshot
a8f04a7f090211ebbdadac1f6bf848b6,2wikimultihop,0,1,False,False,,,False,False,no_frozen_plan_snapshot
a8f8be800bdb11eba7f7acde48001122,2wikimultihop,0,1,False,False,,,False,False,no_frozen_plan_snapshot
a8fd65140bdd11eba7f7acde48001122,2wikimultihop,0,1,False,False,,,False,False,no_frozen_plan_snapshot
a903fc140bdb11eba7f7acde48001122,2wikimultihop,0,1,False,False,,,False,False,no_frozen_plan_snapshot
a9277caa0bdd11eba7f7acde48001122,2wikimultihop,0,1,False,False,,,False,False,no_frozen_plan_snapshot
a92ce88108a811ebbd7fac1f6bf848b6,2wikimultihop,0,1,False,False,,,False,False,no_frozen_plan_snapshot
a944870c0bdb11eba7f7acde48001122,2wikimultihop,0,1,False,False,,,False,False,no_frozen_plan_snapshot
a9459e98086211ebbd5dac1f6bf848b6,2wikimultihop,0,1,False,False,,,False,False,no_frozen_plan_snapshot
a94f39220bdb11eba7f7acde48001122,2wikimultihop,0,1,False,False,,,False,False,no_frozen_plan_snapshot
a95e8ae40bdb11eba7f7acde48001122,2wikimultihop,0,1,False,False,,,False,False,no_frozen_plan_snapshot
a96fec4c0bdd11eba7f7acde48001122,2wikimultihop,0,1,False,False,,,False,False,no_frozen_plan_snapshot
a9ab265b087b11ebbd68ac1f6bf848b6,2wikimultihop,0,1,False,False,,,False,False,no_frozen_plan_snapshot
a9d68b0c0bdb11eba7f7acde48001122,2wikimultihop,0,1,False,False,,,False,False,no_frozen_plan_snapshot
a9d6c4e40bdd11eba7f7acde48001122,2wikimultihop,0,1,False,False,,,False,False,no_frozen_plan_snapshot
a9e07fe308e111ebbda3ac1f6bf848b6,2wikimultihop,0,1,False,False,,,False,False,no_frozen_plan_snapshot
a9ea9ef60bdd11eba7f7acde48001122,2wikimultihop,0,1,False,False,,,False,False,no_frozen_plan_snapshot
aa0330c20bda11eba7f7acde48001122,2wikimultihop,0,1,False,False,,,False,False,no_frozen_plan_snapshot
aa0370860bdb11eba7f7acde48001122,2wikimultihop,0,1,False,False,,,False,False,no_frozen_plan_snapshot
aa0380a40bda11eba7f7acde48001122,2wikimultihop,0,1,False,False,,,False,False,no_frozen_plan_snapshot
aa0f65420bdd11eba7f7acde48001122,2wikimultihop,0,1,False,False,,,False,False,no_frozen_plan_snapshot
aa40eda8096e11ebbdb0ac1f6bf848b6,2wikimultihop,0,1,False,False,,,False,False,no_frozen_plan_snapshot
aa5c2cb20bdb11eba7f7acde48001122,2wikimultihop,0,1,False,False,,,False,False,no_frozen_plan_snapshot
aa72cb6a0baf11ebab90acde48001122,2wikimultihop,0,1,False,False,,,False,False,no_frozen_plan_snapshot
aa7520b80baf11ebab90acde48001122,2wikimultihop,0,1,False,False,,,False,False,no_frozen_plan_snapshot
aa75b4ba0baf11ebab90acde48001122,2wikimultihop,0,1,False,False,,,False,False,no_frozen_plan_snapshot
aa8cbbf20bdb11eba7f7acde48001122,2wikimultihop,0,1,False,False,,,False,False,no_frozen_plan_snapshot
aabd2f90088d11ebbd70ac1f6bf848b6,2wikimultihop,0,1,False,False,,,False,False,no_frozen_plan_snapshot
aabdb95608c411ebbd8eac1f6bf848b6,2wikimultihop,0,1,False,False,,,False,False,no_frozen_plan_snapshot
aac82ae20baf11ebab90acde48001122,2wikimultihop,0,1,False,False,,,False,False,no_frozen_plan_snapshot
aac8784c087d11ebbd6bac1f6bf848b6,2wikimultihop,0,1,False,False,,,False,False,no_frozen_plan_snapshot
aae0d09b087011ebbd63ac1f6bf848b6,2wikimultihop,0,1,False,False,,,False,False,no_frozen_plan_snapshot
ab17df260bda11eba7f7acde48001122,2wikimultihop,0,1,False,False,,,False,False,no_frozen_plan_snapshot
ab1d47a108d211ebbd96ac1f6bf848b6,2wikimultihop,0,1,False,False,,,False,False,no_frozen_plan_snapshot
ab4cf04e089711ebbd77ac1f6bf848b6,2wikimultihop,0,1,False,False,,,False,False,no_frozen_plan_snapshot
ab74ab8709c111ebbdb0ac1f6bf848b6,2wikimultihop,0,1,False,False,,,False,False,no_frozen_plan_snapshot
ab7b2e080baf11ebab90acde48001122,2wikimultihop,0,1,False,False,,,False,False,no_frozen_plan_snapshot
ab8ae3a4088311ebbd6dac1f6bf848b6,2wikimultihop,3,4,True,True,3,True,True,False,deep_hops_not_shallow
ab8e3e620baf11ebab90acde48001122,2wikimultihop,0,1,False,False,,,False,False,no_frozen_plan_snapshot
ab95c9260bdb11eba7f7acde48001122,2wikimultihop,0,1,False,False,,,False,False,no_frozen_plan_snapshot
ab9e91140bdb11eba7f7acde48001122,2wikimultihop,0,1,False,False,,,False,False,no_frozen_plan_snapshot
abab8b2408f111ebbda9ac1f6bf848b6,2wikimultihop,0,1,False,False,,,False,False,no_frozen_plan_snapshot
abaff0940bdb11eba7f7acde48001122,2wikimultihop,0,1,False,False,,,False,False,no_frozen_plan_snapshot
abb55bf20bda11eba7f7acde48001122,2wikimultihop,0,1,False,False,,,False,False,no_frozen_plan_snapshot
abc40bcf08bb11ebbd88ac1f6bf848b6,2wikimultihop,0,1,False,False,,,False,False,no_frozen_plan_snapshot
abc68a180bd911eba7f7acde48001122,2wikimultihop,0,1,False,False,,,False,False,no_frozen_plan_snapshot
abcaaa1e08cb11ebbd92ac1f6bf848b6,2wikimultihop,0,1,False,False,,,False,False,no_frozen_plan_snapshot
ac2e1b900bdb11eba7f7acde48001122,2wikimultihop,0,1,False,False,,,False,False,no_frozen_plan_snapshot
ac3e7fc3093711ebbdaeac1f6bf848b6,2wikimultihop,0,1,False,False,,,False,False,no_frozen_plan_snapshot
ac4de5220bdd11eba7f7acde48001122,2wikimultihop,0,1,False,False,,,False,False,no_frozen_plan_snapshot
ac7e29440bdd11eba7f7acde48001122,2wikimultihop,0,1,False,False,,,False,False,no_frozen_plan_snapshot
ac90d99c0bdb11eba7f7acde48001122,2wikimultihop,0,1,False,False,,,False,False,no_frozen_plan_snapshot
ac9f4fae0bdb11eba7f7acde48001122,2wikimultihop,0,1,False,False,,,False,False,no_frozen_plan_snapshot
aca606aa0bdb11eba7f7acde48001122,2wikimultihop,0,1,False,False,,,False,False,no_frozen_plan_snapshot
aca6514c0bda11eba7f7acde48001122,2wikimultihop,0,1,False,False,,,False,False,no_frozen_plan_snapshot
acb55a6c0bd911eba7f7acde48001122,2wikimultihop,0,1,False,False,,,False,False,no_frozen_plan_snapshot
acb9940c0bdd11eba7f7acde48001122,2wikimultihop,0,1,False,False,,,False,False,no_frozen_plan_snapshot
accfdb580bd911eba7f7acde48001122,2wikimultihop,0,1,False,False,,,False,False,no_frozen_plan_snapshot
acd70b040bdd11eba7f7acde48001122,2wikimultihop,0,1,False,False,,,False,False,no_frozen_plan_snapshot
ace8554a0baf11ebab90acde48001122,2wikimultihop,0,1,False,False,,,False,False,no_frozen_plan_snapshot
aced599e08c811ebbd92ac1f6bf848b6,2wikimultihop,0,1,False,False,,,False,False,no_frozen_plan_snapshot
ad059f55093611ebbdaeac1f6bf848b6,2wikimultihop,1,2,False,False,,,False,False,no_frozen_plan_snapshot
ad06f84c0bdc11eba7f7acde48001122,2wikimultihop,0,1,False,False,,,False,False,no_frozen_plan_snapshot
ad193b1808b411ebbd88ac1f6bf848b6,2wikimultihop,0,1,False,False,,,False,False,no_frozen_plan_snapshot
ad3f58ce08e911ebbda7ac1f6bf848b6,2wikimultihop,0,1,False,False,,,False,False,no_frozen_plan_snapshot
ad43c9300bdb11eba7f7acde48001122,2wikimultihop,0,1,False,False,,,False,False,no_frozen_plan_snapshot
ad5795f80bdd11eba7f7acde48001122,2wikimultihop,0,1,False,False,,,False,False,no_frozen_plan_snapshot
ad5f66c60baf11ebab90acde48001122,2wikimultihop,0,1,False,False,,,False,False,no_frozen_plan_snapshot
ad68fdfc086811ebbd5eac1f6bf848b6,2wikimultihop,0,1,False,False,,,False,False,no_frozen_plan_snapshot
ad6a4eba0bdc11eba7f7acde48001122,2wikimultihop,0,1,False,False,,,False,False,no_frozen_plan_snapshot
ad99dad00bdd11eba7f7acde48001122,2wikimultihop,0,1,False,False,,,False,False,no_frozen_plan_snapshot
ad9a0d700bdd11eba7f7acde48001122,2wikimultihop,0,1,False,False,,,False,False,no_frozen_plan_snapshot
add8ae83088011ebbd6dac1f6bf848b6,2wikimultihop,0,1,False,False,,,False,False,no_frozen_plan_snapshot
adf59bec0bdb11eba7f7acde48001122,2wikimultihop,0,1,False,False,,,False,False,no_frozen_plan_snapshot
adf6e99108a011ebbd78ac1f6bf848b6,2wikimultihop,0,1,False,False,,,False,False,no_frozen_plan_snapshot
ae08cb4a0bdb11eba7f7acde48001122,2wikimultihop,0,1,False,False,,,False,False,no_frozen_plan_snapshot
ae2c67dc085f11ebbd5dac1f6bf848b6,2wikimultihop,0,1,False,False,,,False,False,no_frozen_plan_snapshot
ae3836900bdc11eba7f7acde48001122,2wikimultihop,0,1,False,False,,,False,False,no_frozen_plan_snapshot
ae481a5c0bdb11eba7f7acde48001122,2wikimultihop,0,1,False,False,,,False,False,no_frozen_plan_snapshot
ae5597b80bdb11eba7f7acde48001122,2wikimultihop,0,1,False,False,,,False,False,no_frozen_plan_snapshot
ae585fc20bd911eba7f7acde48001122,2wikimultihop,0,1,False,False,,,False,False,no_frozen_plan_snapshot
ae623ebe086111ebbd5dac1f6bf848b6,2wikimultihop,1,2,False,False,,,False,False,no_frozen_plan_snapshot
ae7a5f42089211ebbd73ac1f6bf848b6,2wikimultihop,0,1,False,False,,,False,False,no_frozen_plan_snapshot
ae95e8e40baf11ebab90acde48001122,2wikimultihop,0,1,False,False,,,False,False,no_frozen_plan_snapshot
aebab3640bdb11eba7f7acde48001122,2wikimultihop,0,1,False,False,,,False,False,no_frozen_plan_snapshot
aed7dc2d087111ebbd63ac1f6bf848b6,2wikimultihop,0,1,False,False,,,False,False,no_frozen_plan_snapshot
aef6771208b311ebbd86ac1f6bf848b6,2wikimultihop,0,1,False,False,,,False,False,no_frozen_plan_snapshot
aef6771308b311ebbd86ac1f6bf848b6,2wikimultihop,0,1,False,False,,,False,False,no_frozen_plan_snapshot
aef8b45408af11ebbd83ac1f6bf848b6,2wikimultihop,0,1,False,False,,,False,False,no_frozen_plan_snapshot
af16832e0bdb11eba7f7acde48001122,2wikimultihop,0,1,False,False,,,False,False,no_frozen_plan_snapshot
af168fc9089711ebbd77ac1f6bf848b6,2wikimultihop,0,1,False,False,,,False,False,no_frozen_plan_snapshot
afabab100bdc11eba7f7acde48001122,2wikimultihop,0,1,False,False,,,False,False,no_frozen_plan_snapshot
afc663b80bd911eba7f7acde48001122,2wikimultihop,0,1,False,False,,,False,False,no_frozen_plan_snapshot
afe9ab1208d111ebbd95ac1f6bf848b6,2wikimultihop,1,2,False,False,,,False,False,no_frozen_plan_snapshot
aff36dd4092411ebbdaeac1f6bf848b6,2wikimultihop,0,1,False,False,,,False,False,no_frozen_plan_snapshot
b0093fea0bdd11eba7f7acde48001122,2wikimultihop,0,1,False,False,,,False,False,no_frozen_plan_snapshot
b00f07ea08bd11ebbd8aac1f6bf848b6,2wikimultihop,0,1,False,False,,,False,False,no_frozen_plan_snapshot
b0178909094c11ebbdaeac1f6bf848b6,2wikimultihop,0,1,False,False,,,False,False,no_frozen_plan_snapshot
b035afca0bd911eba7f7acde48001122,2wikimultihop,0,1,False,False,,,False,False,no_frozen_plan_snapshot
b04e5cfe0bda11eba7f7acde48001122,2wikimultihop,0,1,False,False,,,False,False,no_frozen_plan_snapshot
b07065000bdb11eba7f7acde48001122,2wikimultihop,0,1,False,False,,,False,False,no_frozen_plan_snapshot
b088d3ca08e211ebbda4ac1f6bf848b6,2wikimultihop,0,1,False,False,,,False,False,no_frozen_plan_snapshot
b0985e760bda11eba7f7acde48001122,2wikimultihop,0,1,False,False,,,False,False,no_frozen_plan_snapshot
b0a03b3208a111ebbd79ac1f6bf848b6,2wikimultihop,-1,0,False,False,,,False,False,no_frozen_plan_snapshot
b0dd21c00bdd11eba7f7acde48001122,2wikimultihop,0,1,False,False,,,False,False,no_frozen_plan_snapshot
b0e0bc900bdd11eba7f7acde48001122,2wikimultihop,0,1,False,False,,,False,False,no_frozen_plan_snapshot
b0f2c5c00bdd11eba7f7acde48001122,2wikimultihop,0,1,False,False,,,False,False,no_frozen_plan_snapshot
b0f5302e085611ebbd59ac1f6bf848b6,2wikimultihop,0,1,False,False,,,False,False,no_frozen_plan_snapshot
b0f743e3094f11ebbdaeac1f6bf848b6,2wikimultihop,0,1,False,False,,,False,False,no_frozen_plan_snapshot
b118f26308f011ebbda8ac1f6bf848b6,2wikimultihop,0,1,False,False,,,False,False,no_frozen_plan_snapshot
b12090980bda11eba7f7acde48001122,2wikimultihop,0,1,False,False,,,False,False,no_frozen_plan_snapshot
b124d0640bd911eba7f7acde48001122,2wikimultihop,0,1,False,False,,,False,False,no_frozen_plan_snapshot
b130234608a611ebbd7fac1f6bf848b6,2wikimultihop,0,1,False,False,,,False,False,no_frozen_plan_snapshot
b131e96a08d811ebbd9cac1f6bf848b6,2wikimultihop,0,1,False,False,,,False,False,no_frozen_plan_snapshot
b1395d3e089311ebbd75ac1f6bf848b6,2wikimultihop,0,1,False,False,,,False,False,no_frozen_plan_snapshot
b16d1ab40bdd11eba7f7acde48001122,2wikimultihop,0,1,False,False,,,False,False,no_frozen_plan_snapshot
b1b03e8a0bdc11eba7f7acde48001122,2wikimultihop,0,1,False,False,,,False,False,no_frozen_plan_snapshot
b1d1edc6086911ebbd5eac1f6bf848b6,2wikimultihop,0,1,False,False,,,False,False,no_frozen_plan_snapshot
b1e64cc60bd911eba7f7acde48001122,2wikimultihop,0,1,False,False,,,False,False,no_frozen_plan_snapshot
b212a39a087b11ebbd68ac1f6bf848b6,2wikimultihop,3,4,True,True,3,True,True,False,deep_hops_not_shallow
b22b87b40bd911eba7f7acde48001122,2wikimultihop,0,1,False,False,,,False,False,no_frozen_plan_snapshot
b249aa840bdc11eba7f7acde48001122,2wikimultihop,0,1,False,False,,,False,False,no_frozen_plan_snapshot
b26e04e80bdb11eba7f7acde48001122,2wikimultihop,0,1,False,False,,,False,False,no_frozen_plan_snapshot
b276773a0bdc11eba7f7acde48001122,2wikimultihop,0,1,False,False,,,False,False,no_frozen_plan_snapshot
b2a175300bdb11eba7f7acde48001122,2wikimultihop,0,1,False,False,,,False,False,no_frozen_plan_snapshot
b2a1b19e096e11ebbdb0ac1f6bf848b6,2wikimultihop,0,1,False,False,,,False,False,no_frozen_plan_snapshot
b2bbb9500bda11eba7f7acde48001122,2wikimultihop,0,1,False,False,,,False,False,no_frozen_plan_snapshot
b2ed53540bdd11eba7f7acde48001122,2wikimultihop,0,1,False,False,,,False,False,no_frozen_plan_snapshot
b2fd7d7e0bdd11eba7f7acde48001122,2wikimultihop,0,1,False,False,,,False,False,no_frozen_plan_snapshot
b33f4d7b08aa11ebbd80ac1f6bf848b6,2wikimultihop,1,2,False,False,,,False,False,no_frozen_plan_snapshot
b358b348084e11ebbd56ac1f6bf848b6,2wikimultihop,0,1,False,False,,,False,False,no_frozen_plan_snapshot
b368318308bd11ebbd8aac1f6bf848b6,2wikimultihop,0,1,False,False,,,False,False,no_frozen_plan_snapshot
b3939df20bda11eba7f7acde48001122,2wikimultihop,0,1,False,False,,,False,False,no_frozen_plan_snapshot
b3bab9fa0bda11eba7f7acde48001122,2wikimultihop,0,1,False,False,,,False,False,no_frozen_plan_snapshot
b3c4e7c40bdd11eba7f7acde48001122,2wikimultihop,0,1,False,False,,,False,False,no_frozen_plan_snapshot
b3c7f126086311ebbd5eac1f6bf848b6,2wikimultihop,0,1,False,False,,,False,False,no_frozen_plan_snapshot
b3d918160bdd11eba7f7acde48001122,2wikimultihop,0,1,False,False,,,False,False,no_frozen_plan_snapshot
b40e36b60bda11eba7f7acde48001122,2wikimultihop,0,1,False,False,,,False,False,no_frozen_plan_snapshot
b41511480bda11eba7f7acde48001122,2wikimultihop,0,1,False,False,,,False,False,no_frozen_plan_snapshot
b41c5e6a098d11ebbdb0ac1f6bf848b6,2wikimultihop,0,1,False,False,,,False,False,no_frozen_plan_snapshot
b436fe68087211ebbd66ac1f6bf848b6,2wikimultihop,0,1,False,False,,,False,False,no_frozen_plan_snapshot
b43d2c2e093a11ebbdaeac1f6bf848b6,2wikimultihop,0,1,False,False,,,False,False,no_frozen_plan_snapshot
b45f11560bdc11eba7f7acde48001122,2wikimultihop,0,1,False,False,,,False,False,no_frozen_plan_snapshot
b48109ab089e11ebbd78ac1f6bf848b6,2wikimultihop,0,1,False,False,,,False,False,no_frozen_plan_snapshot
b4bac67c0bdc11eba7f7acde48001122,2wikimultihop,0,1,False,False,,,False,False,no_frozen_plan_snapshot
b4c67eb40bdb11eba7f7acde48001122,2wikimultihop,0,1,False,False,,,False,False,no_frozen_plan_snapshot
b4ecd693086911ebbd5eac1f6bf848b6,2wikimultihop,0,1,False,False,,,False,False,no_frozen_plan_snapshot
b50759c3087811ebbd67ac1f6bf848b6,2wikimultihop,0,1,False,False,,,False,False,no_frozen_plan_snapshot
b529c58a0bdd11eba7f7acde48001122,2wikimultihop,0,1,False,False,,,False,False,no_frozen_plan_snapshot
b52a4d7e0bd911eba7f7acde48001122,2wikimultihop,0,1,False,False,,,False,False,no_frozen_plan_snapshot
b53238960bdd11eba7f7acde48001122,2wikimultihop,0,1,False,False,,,False,False,no_frozen_plan_snapshot
b53db2b80bdb11eba7f7acde48001122,2wikimultihop,0,1,False,False,,,False,False,no_frozen_plan_snapshot
b543df5208a811ebbd7fac1f6bf848b6,2wikimultihop,0,1,False,False,,,False,False,no_frozen_plan_snapshot
b586beca084a11ebbd56ac1f6bf848b6,2wikimultihop,-1,0,False,False,,,False,False,no_frozen_plan_snapshot
b5b3eb7a0bdd11eba7f7acde48001122,2wikimultihop,0,1,False,False,,,False,False,no_frozen_plan_snapshot
b5b51fde0bda11eba7f7acde48001122,2wikimultihop,2,3,True,True,2,False,True,False,deep_hops_not_shallow
b5b63b160bdb11eba7f7acde48001122,2wikimultihop,0,1,False,False,,,False,False,no_frozen_plan_snapshot
b5ccd3ba0bdd11eba7f7acde48001122,2wikimultihop,0,1,False,False,,,False,False,no_frozen_plan_snapshot
b642318c0bdd11eba7f7acde48001122,2wikimultihop,0,1,False,False,,,False,False,no_frozen_plan_snapshot
b64c031d087011ebbd63ac1f6bf848b6,2wikimultihop,0,1,False,False,,,False,False,no_frozen_plan_snapshot
b65557620bdd11eba7f7acde48001122,2wikimultihop,0,1,False,False,,,False,False,no_frozen_plan_snapshot
b677b1f8089611ebbd76ac1f6bf848b6,2wikimultihop,0,1,False,False,,,False,False,no_frozen_plan_snapshot
b677d27c0bda11eba7f7acde48001122,2wikimultihop,0,1,False,False,,,False,False,no_frozen_plan_snapshot
b678eea20bdd11eba7f7acde48001122,2wikimultihop,0,1,False,False,,,False,False,no_frozen_plan_snapshot
b67ef6380bda11eba7f7acde48001122,2wikimultihop,1,2,False,False,,,False,False,no_frozen_plan_snapshot
b68e41620bdd11eba7f7acde48001122,2wikimultihop,0,1,False,False,,,False,False,no_frozen_plan_snapshot
b6a7f42e086611ebbd5eac1f6bf848b6,2wikimultihop,0,1,False,False,,,False,False,no_frozen_plan_snapshot
b6adcb55094811ebbdaeac1f6bf848b6,2wikimultihop,0,1,False,False,,,False,False,no_frozen_plan_snapshot
b6afbad60bdd11eba7f7acde48001122,2wikimultihop,0,1,False,False,,,False,False,no_frozen_plan_snapshot
b6cbc462085711ebbd5aac1f6bf848b6,2wikimultihop,3,4,True,True,3,True,True,False,deep_hops_not_shallow
b6f2bce20baf11ebab90acde48001122,2wikimultihop,0,1,False,False,,,False,False,no_frozen_plan_snapshot
b6f9dfce086f11ebbd62ac1f6bf848b6,2wikimultihop,3,4,True,True,3,True,True,False,deep_hops_not_shallow
b70542bc0bdd11eba7f7acde48001122,2wikimultihop,0,1,False,False,,,False,False,no_frozen_plan_snapshot
b705493e08f811ebbdaaac1f6bf848b6,2wikimultihop,0,1,False,False,,,False,False,no_frozen_plan_snapshot
b71b778e088911ebbd6eac1f6bf848b6,2wikimultihop,0,1,False,False,,,False,False,no_frozen_plan_snapshot
b728e70c094411ebbdaeac1f6bf848b6,2wikimultihop,0,1,False,False,,,False,False,no_frozen_plan_snapshot
b729a3c80bdd11eba7f7acde48001122,2wikimultihop,0,1,False,False,,,False,False,no_frozen_plan_snapshot
b72c73d3088611ebbd6dac1f6bf848b6,2wikimultihop,0,1,False,False,,,False,False,no_frozen_plan_snapshot
b73268780bdd11eba7f7acde48001122,2wikimultihop,0,1,False,False,,,False,False,no_frozen_plan_snapshot
b735f25e0bdd11eba7f7acde48001122,2wikimultihop,0,1,False,False,,,False,False,no_frozen_plan_snapshot
b79798ca0baf11ebab90acde48001122,2wikimultihop,0,1,False,False,,,False,False,no_frozen_plan_snapshot
b7afade20bdd11eba7f7acde48001122,2wikimultihop,0,1,False,False,,,False,False,no_frozen_plan_snapshot
b7b8d60908a711ebbd7fac1f6bf848b6,2wikimultihop,-1,0,False,False,,,False,False,no_frozen_plan_snapshot
b7ca18a80bdd11eba7f7acde48001122,2wikimultihop,0,1,False,False,,,False,False,no_frozen_plan_snapshot
b7cc87140bdd11eba7f7acde48001122,2wikimultihop,0,1,False,False,,,False,False,no_frozen_plan_snapshot
b7d447220bda11eba7f7acde48001122,2wikimultihop,0,1,False,False,,,False,False,no_frozen_plan_snapshot
b7e51fae089011ebbd72ac1f6bf848b6,2wikimultihop,0,1,False,False,,,False,False,no_frozen_plan_snapshot
b7f10d940bda11eba7f7acde48001122,2wikimultihop,2,3,True,True,0,False,True,False,deep_hops_not_shallow
b7fa1522089911ebbd77ac1f6bf848b6,2wikimultihop,0,1,False,False,,,False,False,no_frozen_plan_snapshot
b8032b5308bd11ebbd8aac1f6bf848b6,2wikimultihop,0,1,False,False,,,False,False,no_frozen_plan_snapshot
b80e0520088811ebbd6eac1f6bf848b6,2wikimultihop,0,1,False,False,,,False,False,no_frozen_plan_snapshot
b82ce9420bdd11eba7f7acde48001122,2wikimultihop,0,1,False,False,,,False,False,no_frozen_plan_snapshot
b8310aea0bdd11eba7f7acde48001122,2wikimultihop,0,1,False,False,,,False,False,no_frozen_plan_snapshot
b838d62f086711ebbd5eac1f6bf848b6,2wikimultihop,0,1,False,False,,,False,False,no_frozen_plan_snapshot
b8407b060bdd11eba7f7acde48001122,2wikimultihop,0,1,False,False,,,False,False,no_frozen_plan_snapshot
b886bb8e0bdd11eba7f7acde48001122,2wikimultihop,0,1,False,False,,,False,False,no_frozen_plan_snapshot
b890f2420bd911eba7f7acde48001122,2wikimultihop,0,1,False,False,,,False,False,no_frozen_plan_snapshot
b897a2aa08cb11ebbd92ac1f6bf848b6,2wikimultihop,0,1,False,False,,,False,False,no_frozen_plan_snapshot
b8a8f33a08a311ebbd7cac1f6bf848b6,2wikimultihop,0,1,False,False,,,False,False,no_frozen_plan_snapshot
b8be5e8e08ec11ebbda7ac1f6bf848b6,2wikimultihop,0,1,False,False,,,False,False,no_frozen_plan_snapshot
b8c2ba8c0bdb11eba7f7acde48001122,2wikimultihop,0,1,False,False,,,False,False,no_frozen_plan_snapshot
b8ca7f38088911ebbd6eac1f6bf848b6,2wikimultihop,0,1,False,False,,,False,False,no_frozen_plan_snapshot
b8df7ba80baf11ebab90acde48001122,2wikimultihop,0,1,False,False,,,False,False,no_frozen_plan_snapshot
b8ef144a0bdd11eba7f7acde48001122,2wikimultihop,0,1,False,False,,,False,False,no_frozen_plan_snapshot
b8fd57ac0bd911eba7f7acde48001122,2wikimultihop,0,1,False,False,,,False,False,no_frozen_plan_snapshot
b90556ce08c711ebbd91ac1f6bf848b6,2wikimultihop,0,1,False,False,,,False,False,no_frozen_plan_snapshot
b908f4920bdc11eba7f7acde48001122,2wikimultihop,0,1,False,False,,,False,False,no_frozen_plan_snapshot
b914b05c085811ebbd5bac1f6bf848b6,2wikimultihop,0,1,False,False,,,False,False,no_frozen_plan_snapshot
b93c6aca099011ebbdb0ac1f6bf848b6,2wikimultihop,0,1,False,False,,,False,False,no_frozen_plan_snapshot
b94fd2500bdb11eba7f7acde48001122,2wikimultihop,2,3,True,True,2,True,True,False,deep_hops_not_shallow
b963389a092911ebbdaeac1f6bf848b6,2wikimultihop,2,3,True,True,2,True,False,False,deep_hops_not_shallow
b96d74c40bd911eba7f7acde48001122,2wikimultihop,0,1,False,False,,,False,False,no_frozen_plan_snapshot
b98ee93a0baf11ebab90acde48001122,2wikimultihop,0,1,False,False,,,False,False,no_frozen_plan_snapshot
b98f8d7c0baf11ebab90acde48001122,2wikimultihop,0,1,False,False,,,False,False,no_frozen_plan_snapshot
b99c67ae0baf11ebab90acde48001122,2wikimultihop,0,1,False,False,,,False,False,no_frozen_plan_snapshot
b9a391dc0baf11ebab90acde48001122,2wikimultihop,0,1,False,False,,,False,False,no_frozen_plan_snapshot
b9ae783c089d11ebbd78ac1f6bf848b6,2wikimultihop,0,1,False,False,,,False,False,no_frozen_plan_snapshot
b9d18962093511ebbdaeac1f6bf848b6,2wikimultihop,0,1,False,False,,,False,False,no_frozen_plan_snapshot
b9dfbe48084c11ebbd56ac1f6bf848b6,2wikimultihop,0,1,False,False,,,False,False,no_frozen_plan_snapshot
b9fe088e084d11ebbd56ac1f6bf848b6,2wikimultihop,0,1,False,False,,,False,False,no_frozen_plan_snapshot
ba048c980bdd11eba7f7acde48001122,2wikimultihop,0,1,False,False,,,False,False,no_frozen_plan_snapshot
ba0a418c089611ebbd76ac1f6bf848b6,2wikimultihop,0,1,False,False,,,False,False,no_frozen_plan_snapshot
ba1542d00bd911eba7f7acde48001122,2wikimultihop,0,1,False,False,,,False,False,no_frozen_plan_snapshot
ba3380fe0bdb11eba7f7acde48001122,2wikimultihop,0,1,False,False,,,False,False,no_frozen_plan_snapshot
ba4e11260bdb11eba7f7acde48001122,2wikimultihop,0,1,False,False,,,False,False,no_frozen_plan_snapshot
ba6055720bd911eba7f7acde48001122,2wikimultihop,0,1,False,False,,,False,False,no_frozen_plan_snapshot
ba6e88c40bdc11eba7f7acde48001122,2wikimultihop,0,1,False,False,,,False,False,no_frozen_plan_snapshot
ba903d160baf11ebab90acde48001122,2wikimultihop,0,1,False,False,,,False,False,no_frozen_plan_snapshot
baa08dbf085411ebbd59ac1f6bf848b6,2wikimultihop,0,1,False,False,,,False,False,no_frozen_plan_snapshot
bac6c6d9092211ebbdaeac1f6bf848b6,2wikimultihop,0,1,False,False,,,False,False,no_frozen_plan_snapshot
bac99ab40bd911eba7f7acde48001122,2wikimultihop,0,1,False,False,,,False,False,no_frozen_plan_snapshot
bacbc6580bda11eba7f7acde48001122,2wikimultihop,0,1,False,False,,,False,False,no_frozen_plan_snapshot
bafe95720bdc11eba7f7acde48001122,2wikimultihop,2,3,True,True,2,True,True,False,deep_hops_not_shallow
bb12fd1a0bdb11eba7f7acde48001122,2wikimultihop,2,3,True,True,0,False,True,False,deep_hops_not_shallow
bb275b6808a011ebbd78ac1f6bf848b6,2wikimultihop,0,1,False,False,,,False,False,no_frozen_plan_snapshot
bb5828f2090811ebbdadac1f6bf848b6,2wikimultihop,0,1,False,False,,,False,False,no_frozen_plan_snapshot
bb73c78a0bdb11eba7f7acde48001122,2wikimultihop,0,1,False,False,,,False,False,no_frozen_plan_snapshot
bb7527e4089b11ebbd78ac1f6bf848b6,2wikimultihop,0,1,False,False,,,False,False,no_frozen_plan_snapshot
bb792556091811ebbdaeac1f6bf848b6,2wikimultihop,0,1,False,False,,,False,False,no_frozen_plan_snapshot
bb80633c08b311ebbd86ac1f6bf848b6,2wikimultihop,0,1,False,False,,,False,False,no_frozen_plan_snapshot
bb93fea608e811ebbda6ac1f6bf848b6,2wikimultihop,1,2,False,False,,,False,False,no_frozen_plan_snapshot
bbc587ba0bda11eba7f7acde48001122,2wikimultihop,0,1,False,False,,,False,False,no_frozen_plan_snapshot
bbefa25e08cc11ebbd93ac1f6bf848b6,2wikimultihop,0,1,False,False,,,False,False,no_frozen_plan_snapshot
bc1d1d10095011ebbdaeac1f6bf848b6,2wikimultihop,0,1,False,False,,,False,False,no_frozen_plan_snapshot
bc631e700bdb11eba7f7acde48001122,2wikimultihop,0,1,False,False,,,False,False,no_frozen_plan_snapshot
bc6ac3f7095511ebbdaeac1f6bf848b6,2wikimultihop,0,1,False,False,,,False,False,no_frozen_plan_snapshot
bc7073a80baf11ebab90acde48001122,2wikimultihop,1,2,False,False,,,False,False,no_frozen_plan_snapshot
bc7c589d08aa11ebbd80ac1f6bf848b6,2wikimultihop,0,1,False,False,,,False,False,no_frozen_plan_snapshot
bc8673e60bdd11eba7f7acde48001122,2wikimultihop,0,1,False,False,,,False,False,no_frozen_plan_snapshot
bca5eaaf089b11ebbd78ac1f6bf848b6,2wikimultihop,-1,0,False,False,,,False,False,no_frozen_plan_snapshot
bca6c0f2090c11ebbdadac1f6bf848b6,2wikimultihop,0,1,False,False,,,False,False,no_frozen_plan_snapshot
bcc4e26c08c111ebbd8bac1f6bf848b6,2wikimultihop,0,1,False,False,,,False,False,no_frozen_plan_snapshot
bcd84d4e0bdb11eba7f7acde48001122,2wikimultihop,0,1,False,False,,,False,False,no_frozen_plan_snapshot
bce838820bd911eba7f7acde48001122,2wikimultihop,0,1,False,False,,,False,False,no_frozen_plan_snapshot
bd058dbd08fd11ebbdadac1f6bf848b6,2wikimultihop,1,2,False,False,,,False,False,no_frozen_plan_snapshot
bd185f7a08bc11ebbd89ac1f6bf848b6,2wikimultihop,0,1,False,False,,,False,False,no_frozen_plan_snapshot
bd28d8c60baf11ebab90acde48001122,2wikimultihop,0,1,False,False,,,False,False,no_frozen_plan_snapshot
bd29365e0baf11ebab90acde48001122,2wikimultihop,1,2,False,False,,,False,False,no_frozen_plan_snapshot
bd34477e0baf11ebab90acde48001122,2wikimultihop,0,1,False,False,,,False,False,no_frozen_plan_snapshot
bd46e5d20baf11ebab90acde48001122,2wikimultihop,0,1,False,False,,,False,False,no_frozen_plan_snapshot
bd4f3ef20bdd11eba7f7acde48001122,2wikimultihop,2,3,True,True,2,False,True,False,deep_hops_not_shallow
bd688cd60bdd11eba7f7acde48001122,2wikimultihop,0,1,False,False,,,False,False,no_frozen_plan_snapshot
bd69a8af088c11ebbd6fac1f6bf848b6,2wikimultihop,0,1,False,False,,,False,False,no_frozen_plan_snapshot
bd7d269908b611ebbd88ac1f6bf848b6,2wikimultihop,0,1,False,False,,,False,False,no_frozen_plan_snapshot
bd8cb9320bdb11eba7f7acde48001122,2wikimultihop,0,1,False,False,,,False,False,no_frozen_plan_snapshot
bd9054fc0bdb11eba7f7acde48001122,2wikimultihop,0,1,False,False,,,False,False,no_frozen_plan_snapshot
bd9609880bdb11eba7f7acde48001122,2wikimultihop,0,1,False,False,,,False,False,no_frozen_plan_snapshot
bd9ab21208fc11ebbdadac1f6bf848b6,2wikimultihop,0,1,False,False,,,False,False,no_frozen_plan_snapshot
bdc86e100bda11eba7f7acde48001122,2wikimultihop,0,1,False,False,,,False,False,no_frozen_plan_snapshot
bde91bf60bda11eba7f7acde48001122,2wikimultihop,0,1,False,False,,,False,False,no_frozen_plan_snapshot
be0a95ca0bd911eba7f7acde48001122,2wikimultihop,0,1,False,False,,,False,False,no_frozen_plan_snapshot
be2c7ad1086311ebbd5eac1f6bf848b6,2wikimultihop,0,1,False,False,,,False,False,no_frozen_plan_snapshot
be53860608d011ebbd95ac1f6bf848b6,2wikimultihop,3,4,True,True,3,True,True,False,deep_hops_not_shallow
be5518320bdb11eba7f7acde48001122,2wikimultihop,0,1,False,False,,,False,False,no_frozen_plan_snapshot
be851b660bdd11eba7f7acde48001122,2wikimultihop,0,1,False,False,,,False,False,no_frozen_plan_snapshot
be9164e80bdd11eba7f7acde48001122,2wikimultihop,0,1,False,False,,,False,False,no_frozen_plan_snapshot
be9369c80bdd11eba7f7acde48001122,2wikimultihop,2,3,True,True,2,True,True,False,deep_hops_not_shallow
be9c294a089b11ebbd78ac1f6bf848b6,2wikimultihop,0,1,False,False,,,False,False,no_frozen_plan_snapshot
beb823060bda11eba7f7acde48001122,2wikimultihop,0,1,False,False,,,False,False,no_frozen_plan_snapshot
beda709d090e11ebbdadac1f6bf848b6,2wikimultihop,0,1,False,False,,,False,False,no_frozen_plan_snapshot
bedf588e0baf11ebab90acde48001122,2wikimultihop,0,1,False,False,,,False,False,no_frozen_plan_snapshot
bedfa2300baf11ebab90acde48001122,2wikimultihop,0,1,False,False,,,False,False,no_frozen_plan_snapshot
bef95be60bda11eba7f7acde48001122,2wikimultihop,0,1,False,False,,,False,False,no_frozen_plan_snapshot
befbd60c0bdd11eba7f7acde48001122,2wikimultihop,0,1,False,False,,,False,False,no_frozen_plan_snapshot
befd140a088511ebbd6dac1f6bf848b6,2wikimultihop,0,1,False,False,,,False,False,no_frozen_plan_snapshot
bf122d2c0bdc11eba7f7acde48001122,2wikimultihop,1,2,False,False,,,False,False,no_frozen_plan_snapshot
bf37120208aa11ebbd80ac1f6bf848b6,2wikimultihop,0,1,False,False,,,False,False,no_frozen_plan_snapshot
bf3f6dbc0bd911eba7f7acde48001122,2wikimultihop,0,1,False,False,,,False,False,no_frozen_plan_snapshot
bf67b3e7089e11ebbd78ac1f6bf848b6,2wikimultihop,1,2,False,False,,,False,False,no_frozen_plan_snapshot
bf6e0302089611ebbd76ac1f6bf848b6,2wikimultihop,0,1,False,False,,,False,False,no_frozen_plan_snapshot
bf803720087311ebbd66ac1f6bf848b6,2wikimultihop,0,1,False,False,,,False,False,no_frozen_plan_snapshot
bf847e1a086511ebbd5eac1f6bf848b6,2wikimultihop,0,1,False,False,,,False,False,no_frozen_plan_snapshot
bf880fd808b711ebbd88ac1f6bf848b6,2wikimultihop,0,1,False,False,,,False,False,no_frozen_plan_snapshot
bf9d9ad008a611ebbd7fac1f6bf848b6,2wikimultihop,0,1,False,False,,,False,False,no_frozen_plan_snapshot
bfb3c5880baf11ebab90acde48001122,2wikimultihop,1,2,False,False,,,False,False,no_frozen_plan_snapshot
bfec064d089311ebbd75ac1f6bf848b6,2wikimultihop,0,1,False,False,,,False,False,no_frozen_plan_snapshot
bfefe280089d11ebbd78ac1f6bf848b6,2wikimultihop,0,1,False,False,,,False,False,no_frozen_plan_snapshot
bff878b0089c11ebbd78ac1f6bf848b6,2wikimultihop,1,2,False,False,,,False,False,no_frozen_plan_snapshot
c01458f20bdd11eba7f7acde48001122,2wikimultihop,0,1,False,False,,,False,False,no_frozen_plan_snapshot
c01a2fa8087111ebbd63ac1f6bf848b6,2wikimultihop,3,4,True,True,3,True,True,False,deep_hops_not_shallow
c03620360bdd11eba7f7acde48001122,2wikimultihop,2,3,True,True,2,True,True,False,deep_hops_not_shallow
c03bc4820bdd11eba7f7acde48001122,2wikimultihop,0,1,False,False,,,False,False,no_frozen_plan_snapshot
c03e86180bdd11eba7f7acde48001122,2wikimultihop,0,1,False,False,,,False,False,no_frozen_plan_snapshot
c03ebb7e0bdd11eba7f7acde48001122,2wikimultihop,0,1,False,False,,,False,False,no_frozen_plan_snapshot
c0409500088f11ebbd72ac1f6bf848b6,2wikimultihop,0,1,False,False,,,False,False,no_frozen_plan_snapshot
c04d7e5008d311ebbd96ac1f6bf848b6,2wikimultihop,0,1,False,False,,,False,False,no_frozen_plan_snapshot
c04fd88f088b11ebbd6fac1f6bf848b6,2wikimultihop,0,1,False,False,,,False,False,no_frozen_plan_snapshot
c058eb020bdd11eba7f7acde48001122,2wikimultihop,2,3,True,True,3,False,True,False,deep_hops_not_shallow
c05925fe0bdd11eba7f7acde48001122,2wikimultihop,0,1,False,False,,,False,False,no_frozen_plan_snapshot
c076e821089a11ebbd77ac1f6bf848b6,2wikimultihop,0,1,False,False,,,False,False,no_frozen_plan_snapshot
c077f89508e711ebbda6ac1f6bf848b6,2wikimultihop,0,1,False,False,,,False,False,no_frozen_plan_snapshot
c07f9b1a08ab11ebbd82ac1f6bf848b6,2wikimultihop,0,1,False,False,,,False,False,no_frozen_plan_snapshot
c0859f040baf11ebab90acde48001122,2wikimultihop,0,1,False,False,,,False,False,no_frozen_plan_snapshot
c08b31300baf11ebab90acde48001122,2wikimultihop,0,1,False,False,,,False,False,no_frozen_plan_snapshot
c091b7620baf11ebab90acde48001122,2wikimultihop,0,1,False,False,,,False,False,no_frozen_plan_snapshot
c0960922089c11ebbd78ac1f6bf848b6,2wikimultihop,0,1,False,False,,,False,False,no_frozen_plan_snapshot
c0d8a92e097211ebbdb0ac1f6bf848b6,2wikimultihop,0,1,False,False,,,False,False,no_frozen_plan_snapshot
c1139a99088a11ebbd6fac1f6bf848b6,2wikimultihop,0,1,False,False,,,False,False,no_frozen_plan_snapshot
c116cee408ac11ebbd83ac1f6bf848b6,2wikimultihop,0,1,False,False,,,False,False,no_frozen_plan_snapshot
c1353b5f085711ebbd5aac1f6bf848b6,2wikimultihop,0,1,False,False,,,False,False,no_frozen_plan_snapshot
c151069f08ad11ebbd83ac1f6bf848b6,2wikimultihop,0,1,False,False,,,False,False,no_frozen_plan_snapshot
c168561d08e611ebbda5ac1f6bf848b6,2wikimultihop,1,2,False,False,,,False,False,no_frozen_plan_snapshot
c1b2e3ae0bdd11eba7f7acde48001122,2wikimultihop,0,1,False,False,,,False,False,no_frozen_plan_snapshot
c1bda6060bdb11eba7f7acde48001122,2wikimultihop,0,1,False,False,,,False,False,no_frozen_plan_snapshot
c1cd208a0baf11ebab90acde48001122,2wikimultihop,0,1,False,False,,,False,False,no_frozen_plan_snapshot
c1d45a9e0baf11ebab90acde48001122,2wikimultihop,0,1,False,False,,,False,False,no_frozen_plan_snapshot
c1d6a4ac0baf11ebab90acde48001122,2wikimultihop,1,2,False,False,,,False,False,no_frozen_plan_snapshot
c1ed092a0bd911eba7f7acde48001122,2wikimultihop,0,1,False,False,,,False,False,no_frozen_plan_snapshot
c202011808c811ebbd92ac1f6bf848b6,2wikimultihop,0,1,False,False,,,False,False,no_frozen_plan_snapshot
c20226440bdd11eba7f7acde48001122,2wikimultihop,0,1,False,False,,,False,False,no_frozen_plan_snapshot
c20c14a00bd911eba7f7acde48001122,2wikimultihop,0,1,False,False,,,False,False,no_frozen_plan_snapshot
c218f9d20bdd11eba7f7acde48001122,2wikimultihop,0,1,False,False,,,False,False,no_frozen_plan_snapshot
c221ce2e0bdb11eba7f7acde48001122,2wikimultihop,0,1,False,False,,,False,False,no_frozen_plan_snapshot
c226ad120bdc11eba7f7acde48001122,2wikimultihop,0,1,False,False,,,False,False,no_frozen_plan_snapshot
c231feaa0bdd11eba7f7acde48001122,2wikimultihop,0,1,False,False,,,False,False,no_frozen_plan_snapshot
c2339a6c0bdd11eba7f7acde48001122,2wikimultihop,0,1,False,False,,,False,False,no_frozen_plan_snapshot
c240018708a311ebbd7cac1f6bf848b6,2wikimultihop,0,1,False,False,,,False,False,no_frozen_plan_snapshot
c244022c0baf11ebab90acde48001122,2wikimultihop,0,1,False,False,,,False,False,no_frozen_plan_snapshot
c24448720baf11ebab90acde48001122,2wikimultihop,0,1,False,False,,,False,False,no_frozen_plan_snapshot
c244d6980baf11ebab90acde48001122,2wikimultihop,0,1,False,False,,,False,False,no_frozen_plan_snapshot
c24c92ac0baf11ebab90acde48001122,2wikimultihop,0,1,False,False,,,False,False,no_frozen_plan_snapshot
c251d723096011ebbdafac1f6bf848b6,2wikimultihop,0,1,False,False,,,False,False,no_frozen_plan_snapshot
c27b592008b411ebbd88ac1f6bf848b6,2wikimultihop,0,1,False,False,,,False,False,no_frozen_plan_snapshot
c27cd4120bdc11eba7f7acde48001122,2wikimultihop,0,1,False,False,,,False,False,no_frozen_plan_snapshot
c2872f9408ca11ebbd92ac1f6bf848b6,2wikimultihop,0,1,False,False,,,False,False,no_frozen_plan_snapshot
c2c7992e08bd11ebbd8aac1f6bf848b6,2wikimultihop,3,4,True,True,3,True,True,False,deep_hops_not_shallow
c2cc1ed9086611ebbd5eac1f6bf848b6,2wikimultihop,0,1,False,False,,,False,False,no_frozen_plan_snapshot
c2d71c980bdb11eba7f7acde48001122,2wikimultihop,0,1,False,False,,,False,False,no_frozen_plan_snapshot
c2d86f85094f11ebbdaeac1f6bf848b6,2wikimultihop,0,1,False,False,,,False,False,no_frozen_plan_snapshot
c2e783960bd911eba7f7acde48001122,2wikimultihop,0,1,False,False,,,False,False,no_frozen_plan_snapshot
c2edf440089811ebbd77ac1f6bf848b6,2wikimultihop,0,1,False,False,,,False,False,no_frozen_plan_snapshot
c2fc21d60baf11ebab90acde48001122,2wikimultihop,0,1,False,False,,,False,False,no_frozen_plan_snapshot
c30408c40baf11ebab90acde48001122,2wikimultihop,1,2,False,False,,,False,False,no_frozen_plan_snapshot
c305f0c008a911ebbd80ac1f6bf848b6,2wikimultihop,0,1,False,False,,,False,False,no_frozen_plan_snapshot
c30b9f8108b211ebbd85ac1f6bf848b6,2wikimultihop,0,1,False,False,,,False,False,no_frozen_plan_snapshot
c31b2d920bdc11eba7f7acde48001122,2wikimultihop,0,1,False,False,,,False,False,no_frozen_plan_snapshot
c32ac4ca0bda11eba7f7acde48001122,2wikimultihop,0,1,False,False,,,False,False,no_frozen_plan_snapshot
c33155440bdd11eba7f7acde48001122,2wikimultihop,0,1,False,False,,,False,False,no_frozen_plan_snapshot
c33acbb40bd911eba7f7acde48001122,2wikimultihop,0,1,False,False,,,False,False,no_frozen_plan_snapshot
c3692572089611ebbd76ac1f6bf848b6,2wikimultihop,0,1,False,False,,,False,False,no_frozen_plan_snapshot
c36b35bf08c911ebbd92ac1f6bf848b6,2wikimultihop,0,1,False,False,,,False,False,no_frozen_plan_snapshot
c37b86260bda11eba7f7acde48001122,2wikimultihop,2,3,True,True,2,True,True,False,deep_hops_not_shallow
c387443908e811ebbda6ac1f6bf848b6,2wikimultihop,0,1,False,False,,,False,False,no_frozen_plan_snapshot
c38bd9b80bda11eba7f7acde48001122,2wikimultihop,1,2,False,False,,,False,False,no_frozen_plan_snapshot
c39a9f5108c611ebbd91ac1f6bf848b6,2wikimultihop,0,1,False,False,,,False,False,no_frozen_plan_snapshot
c3a04dcc08a511ebbd7dac1f6bf848b6,2wikimultihop,0,1,False,False,,,False,False,no_frozen_plan_snapshot
c3afead60baf11ebab90acde48001122,2wikimultihop,0,1,False,False,,,False,False,no_frozen_plan_snapshot
c3bed13408fc11ebbdadac1f6bf848b6,2wikimultihop,0,1,False,False,,,False,False,no_frozen_plan_snapshot
c3c94d0a0bdc11eba7f7acde48001122,2wikimultihop,0,1,False,False,,,False,False,no_frozen_plan_snapshot
c3d904dc08fa11ebbdacac1f6bf848b6,2wikimultihop,0,1,False,False,,,False,False,no_frozen_plan_snapshot
c3e1ad9e090d11ebbdadac1f6bf848b6,2wikimultihop,0,1,False,False,,,False,False,no_frozen_plan_snapshot
c3f4d7a908a911ebbd80ac1f6bf848b6,2wikimultihop,0,1,False,False,,,False,False,no_frozen_plan_snapshot
c40d35580bda11eba7f7acde48001122,2wikimultihop,0,1,False,False,,,False,False,no_frozen_plan_snapshot
c42683980bdd11eba7f7acde48001122,2wikimultihop,0,1,False,False,,,False,False,no_frozen_plan_snapshot
c42bcfc0084911ebbd55ac1f6bf848b6,2wikimultihop,0,1,False,False,,,False,False,no_frozen_plan_snapshot
c42ecf5508cb11ebbd93ac1f6bf848b6,2wikimultihop,3,4,True,True,3,True,True,False,deep_hops_not_shallow
c44558940bd911eba7f7acde48001122,2wikimultihop,0,1,False,False,,,False,False,no_frozen_plan_snapshot
c451c9500bdc11eba7f7acde48001122,2wikimultihop,0,1,False,False,,,False,False,no_frozen_plan_snapshot
c45543a6089f11ebbd78ac1f6bf848b6,2wikimultihop,0,1,False,False,,,False,False,no_frozen_plan_snapshot
c47475c2097c11ebbdb0ac1f6bf848b6,2wikimultihop,0,1,False,False,,,False,False,no_frozen_plan_snapshot
c479659e0bd911eba7f7acde48001122,2wikimultihop,0,1,False,False,,,False,False,no_frozen_plan_snapshot
c4835786085d11ebbd5cac1f6bf848b6,2wikimultihop,0,1,False,False,,,False,False,no_frozen_plan_snapshot
c48e882608fb11ebbdacac1f6bf848b6,2wikimultihop,0,1,False,False,,,False,False,no_frozen_plan_snapshot
c4946a840bdd11eba7f7acde48001122,2wikimultihop,0,1,False,False,,,False,False,no_frozen_plan_snapshot
c4962ee20bdc11eba7f7acde48001122,2wikimultihop,2,3,True,True,2,True,True,False,deep_hops_not_shallow
c49f7f3c0bdd11eba7f7acde48001122,2wikimultihop,3,4,True,True,2,False,True,False,deep_hops_not_shallow
c4aaea040bdb11eba7f7acde48001122,2wikimultihop,0,1,False,False,,,False,False,no_frozen_plan_snapshot
c4b0d44e0bdd11eba7f7acde48001122,2wikimultihop,0,1,False,False,,,False,False,no_frozen_plan_snapshot
c4f59d31087f11ebbd6cac1f6bf848b6,2wikimultihop,0,1,False,False,,,False,False,no_frozen_plan_snapshot
c50db07a0baf11ebab90acde48001122,2wikimultihop,0,1,False,False,,,False,False,no_frozen_plan_snapshot
c517ffcf088c11ebbd6fac1f6bf848b6,2wikimultihop,0,1,False,False,,,False,False,no_frozen_plan_snapshot
c573992a089f11ebbd78ac1f6bf848b6,2wikimultihop,0,1,False,False,,,False,False,no_frozen_plan_snapshot
c574293308ca11ebbd92ac1f6bf848b6,2wikimultihop,0,1,False,False,,,False,False,no_frozen_plan_snapshot
c581e00c08ae11ebbd83ac1f6bf848b6,2wikimultihop,0,1,False,False,,,False,False,no_frozen_plan_snapshot
c58a7e3e0bdc11eba7f7acde48001122,2wikimultihop,0,1,False,False,,,False,False,no_frozen_plan_snapshot
c593cdc40bda11eba7f7acde48001122,2wikimultihop,0,1,False,False,,,False,False,no_frozen_plan_snapshot
c5a9a69e0bda11eba7f7acde48001122,2wikimultihop,0,1,False,False,,,False,False,no_frozen_plan_snapshot
c5ac4c80090111ebbdadac1f6bf848b6,2wikimultihop,0,1,False,False,,,False,False,no_frozen_plan_snapshot
c5ae29fc0bdb11eba7f7acde48001122,2wikimultihop,0,1,False,False,,,False,False,no_frozen_plan_snapshot
c5e2fc9a0bdb11eba7f7acde48001122,2wikimultihop,2,3,True,True,0,False,True,False,deep_hops_not_shallow
c5e999c208b811ebbd88ac1f6bf848b6,2wikimultihop,0,1,False,False,,,False,False,no_frozen_plan_snapshot
c5f3f8820baf11ebab90acde48001122,2wikimultihop,0,1,False,False,,,False,False,no_frozen_plan_snapshot
c5ffa16a0bdb11eba7f7acde48001122,2wikimultihop,0,1,False,False,,,False,False,no_frozen_plan_snapshot
c6243b900bdd11eba7f7acde48001122,2wikimultihop,0,1,False,False,,,False,False,no_frozen_plan_snapshot
c624a31e0bdd11eba7f7acde48001122,2wikimultihop,0,1,False,False,,,False,False,no_frozen_plan_snapshot
c6413a3e088011ebbd6dac1f6bf848b6,2wikimultihop,0,1,False,False,,,False,False,no_frozen_plan_snapshot
c67624640bdd11eba7f7acde48001122,2wikimultihop,0,1,False,False,,,False,False,no_frozen_plan_snapshot
c67ed80c092b11ebbdaeac1f6bf848b6,2wikimultihop,0,1,False,False,,,False,False,no_frozen_plan_snapshot
c6816a87085411ebbd59ac1f6bf848b6,2wikimultihop,0,1,False,False,,,False,False,no_frozen_plan_snapshot
c6b372a60bdd11eba7f7acde48001122,2wikimultihop,0,1,False,False,,,False,False,no_frozen_plan_snapshot
c6c356800bdd11eba7f7acde48001122,2wikimultihop,2,3,True,True,2,True,True,False,deep_hops_not_shallow
c6c4ebde08be11ebbd8aac1f6bf848b6,2wikimultihop,0,1,False,False,,,False,False,no_frozen_plan_snapshot
c7138ea20bdd11eba7f7acde48001122,2wikimultihop,0,1,False,False,,,False,False,no_frozen_plan_snapshot
c731fe020bdb11eba7f7acde48001122,2wikimultihop,0,1,False,False,,,False,False,no_frozen_plan_snapshot
c73c503a0bdd11eba7f7acde48001122,2wikimultihop,0,1,False,False,,,False,False,no_frozen_plan_snapshot
c74ed73b088d11ebbd70ac1f6bf848b6,2wikimultihop,-1,0,False,False,,,False,False,no_frozen_plan_snapshot
c75f333208ba11ebbd88ac1f6bf848b6,2wikimultihop,0,1,False,False,,,False,False,no_frozen_plan_snapshot
c77037480baf11ebab90acde48001122,2wikimultihop,0,1,False,False,,,False,False,no_frozen_plan_snapshot
c7784ed00bda11eba7f7acde48001122,2wikimultihop,0,1,False,False,,,False,False,no_frozen_plan_snapshot
c7807a7608ef11ebbda8ac1f6bf848b6,2wikimultihop,0,1,False,False,,,False,False,no_frozen_plan_snapshot
c787a5cc08a811ebbd7fac1f6bf848b6,2wikimultihop,0,1,False,False,,,False,False,no_frozen_plan_snapshot
c789bc3b087211ebbd66ac1f6bf848b6,2wikimultihop,0,1,False,False,,,False,False,no_frozen_plan_snapshot
c7a4943508bc11ebbd89ac1f6bf848b6,2wikimultihop,3,4,True,True,3,True,True,False,deep_hops_not_shallow
c7a79d2c0bdd11eba7f7acde48001122,2wikimultihop,0,1,False,False,,,False,False,no_frozen_plan_snapshot
c7c0fbdc0bdd11eba7f7acde48001122,2wikimultihop,0,1,False,False,,,False,False,no_frozen_plan_snapshot
c7d040e80bdc11eba7f7acde48001122,2wikimultihop,0,1,False,False,,,False,False,no_frozen_plan_snapshot
c7e4808a087611ebbd67ac1f6bf848b6,2wikimultihop,0,1,False,False,,,False,False,no_frozen_plan_snapshot
c7ea6b080baf11ebab90acde48001122,2wikimultihop,0,1,False,False,,,False,False,no_frozen_plan_snapshot
c7f219200bdc11eba7f7acde48001122,2wikimultihop,2,3,True,True,0,False,True,False,deep_hops_not_shallow
c7f3790e0bdd11eba7f7acde48001122,2wikimultihop,0,1,False,False,,,False,False,no_frozen_plan_snapshot
c807422a0bda11eba7f7acde48001122,2wikimultihop,3,4,True,True,3,True,True,False,deep_hops_not_shallow
c81d185a0baf11ebab90acde48001122,2wikimultihop,0,1,False,False,,,False,False,no_frozen_plan_snapshot
c83446220bd911eba7f7acde48001122,2wikimultihop,1,2,False,False,,,False,False,no_frozen_plan_snapshot
c83aa11c0bdd11eba7f7acde48001122,2wikimultihop,0,1,False,False,,,False,False,no_frozen_plan_snapshot
c87d5ab508e211ebbda4ac1f6bf848b6,2wikimultihop,0,1,False,False,,,False,False,no_frozen_plan_snapshot
c884d9e308c411ebbd8eac1f6bf848b6,2wikimultihop,0,1,False,False,,,False,False,no_frozen_plan_snapshot
c891efc708f111ebbdaaac1f6bf848b6,2wikimultihop,0,1,False,False,,,False,False,no_frozen_plan_snapshot
c89eb11408a611ebbd7fac1f6bf848b6,2wikimultihop,3,4,True,True,3,True,True,False,deep_hops_not_shallow
c8c5f3ee0baf11ebab90acde48001122,2wikimultihop,0,1,False,False,,,False,False,no_frozen_plan_snapshot
c8c9d8d80baf11ebab90acde48001122,2wikimultihop,0,1,False,False,,,False,False,no_frozen_plan_snapshot
c8d8cca208b511ebbd88ac1f6bf848b6,2wikimultihop,0,1,False,False,,,False,False,no_frozen_plan_snapshot
c8e87df60bdc11eba7f7acde48001122,2wikimultihop,2,3,True,True,0,False,True,False,deep_hops_not_shallow
c8edf21008d811ebbd9cac1f6bf848b6,2wikimultihop,0,1,False,False,,,False,False,no_frozen_plan_snapshot
c90e5160091611ebbdaeac1f6bf848b6,2wikimultihop,0,1,False,False,,,False,False,no_frozen_plan_snapshot
c92dac4e0bd911eba7f7acde48001122,2wikimultihop,0,1,False,False,,,False,False,no_frozen_plan_snapshot
c95dbd080bd911eba7f7acde48001122,2wikimultihop,0,1,False,False,,,False,False,no_frozen_plan_snapshot
c9a4f37409b511ebbdb0ac1f6bf848b6,2wikimultihop,0,1,False,False,,,False,False,no_frozen_plan_snapshot
c9a769c608be11ebbd8aac1f6bf848b6,2wikimultihop,0,1,False,False,,,False,False,no_frozen_plan_snapshot
c9ba19e708b311ebbd86ac1f6bf848b6,2wikimultihop,0,1,False,False,,,False,False,no_frozen_plan_snapshot
c9eb430908c311ebbd8dac1f6bf848b6,2wikimultihop,0,1,False,False,,,False,False,no_frozen_plan_snapshot
ca4bbe1a08f811ebbdaaac1f6bf848b6,2wikimultihop,0,1,False,False,,,False,False,no_frozen_plan_snapshot
ca5a81740bdd11eba7f7acde48001122,2wikimultihop,0,1,False,False,,,False,False,no_frozen_plan_snapshot
ca66c10308f111ebbdaaac1f6bf848b6,2wikimultihop,0,1,False,False,,,False,False,no_frozen_plan_snapshot
ca74cee20bda11eba7f7acde48001122,2wikimultihop,0,1,False,False,,,False,False,no_frozen_plan_snapshot
ca79e18308f811ebbdaaac1f6bf848b6,2wikimultihop,0,1,False,False,,,False,False,no_frozen_plan_snapshot
ca94728a0bdd11eba7f7acde48001122,2wikimultihop,0,1,False,False,,,False,False,no_frozen_plan_snapshot
cab3205608d411ebbd98ac1f6bf848b6,2wikimultihop,0,1,False,False,,,False,False,no_frozen_plan_snapshot
caccb6f208d811ebbd9cac1f6bf848b6,2wikimultihop,0,1,False,False,,,False,False,no_frozen_plan_snapshot
cae96036085111ebbd58ac1f6bf848b6,2wikimultihop,0,1,False,False,,,False,False,no_frozen_plan_snapshot
cb729e42086b11ebbd60ac1f6bf848b6,2wikimultihop,1,2,False,False,,,False,False,no_frozen_plan_snapshot
cb9d5ad408a911ebbd80ac1f6bf848b6,2wikimultihop,0,1,False,False,,,False,False,no_frozen_plan_snapshot
cbf53ed8084b11ebbd56ac1f6bf848b6,2wikimultihop,1,2,False,False,,,False,False,no_frozen_plan_snapshot
cbf8ea2e085511ebbd59ac1f6bf848b6,2wikimultihop,0,1,False,False,,,False,False,no_frozen_plan_snapshot
cc1013260bdd11eba7f7acde48001122,2wikimultihop,0,1,False,False,,,False,False,no_frozen_plan_snapshot
cc2516f80bd911eba7f7acde48001122,2wikimultihop,0,1,False,False,,,False,False,no_frozen_plan_snapshot
cc2f5ace0bdd11eba7f7acde48001122,2wikimultihop,0,1,False,False,,,False,False,no_frozen_plan_snapshot
cc2fd612088f11ebbd72ac1f6bf848b6,2wikimultihop,0,1,False,False,,,False,False,no_frozen_plan_snapshot
cc5bf2fe092d11ebbdaeac1f6bf848b6,2wikimultihop,0,1,False,False,,,False,False,no_frozen_plan_snapshot
cc96bdc00bda11eba7f7acde48001122,2wikimultihop,0,1,False,False,,,False,False,no_frozen_plan_snapshot
cca291da08c511ebbd8fac1f6bf848b6,2wikimultihop,0,1,False,False,,,False,False,no_frozen_plan_snapshot
cce18dc7086211ebbd5dac1f6bf848b6,2wikimultihop,0,1,False,False,,,False,False,no_frozen_plan_snapshot
ccefb6f40bdb11eba7f7acde48001122,2wikimultihop,0,1,False,False,,,False,False,no_frozen_plan_snapshot
cd05ac2e08bc11ebbd89ac1f6bf848b6,2wikimultihop,0,1,False,False,,,False,False,no_frozen_plan_snapshot
cd0964240bda11eba7f7acde48001122,2wikimultihop,0,1,False,False,,,False,False,no_frozen_plan_snapshot
cd1dfa560bda11eba7f7acde48001122,2wikimultihop,0,1,False,False,,,False,False,no_frozen_plan_snapshot
cd26a90c085e11ebbd5cac1f6bf848b6,2wikimultihop,0,1,False,False,,,False,False,no_frozen_plan_snapshot
cd28d63f087511ebbd67ac1f6bf848b6,2wikimultihop,0,1,False,False,,,False,False,no_frozen_plan_snapshot
cd38b7580bdd11eba7f7acde48001122,2wikimultihop,3,4,True,True,2,False,True,False,deep_hops_not_shallow
cd48a8e60bda11eba7f7acde48001122,2wikimultihop,0,1,False,False,,,False,False,no_frozen_plan_snapshot
cd59a6660bdd11eba7f7acde48001122,2wikimultihop,-1,0,False,False,,,False,False,no_frozen_plan_snapshot
cd667ca308d011ebbd95ac1f6bf848b6,2wikimultihop,0,1,False,False,,,False,False,no_frozen_plan_snapshot
cd791c8a0bdd11eba7f7acde48001122,2wikimultihop,0,1,False,False,,,False,False,no_frozen_plan_snapshot
cd80e22a08d711ebbd9aac1f6bf848b6,2wikimultihop,0,1,False,False,,,False,False,no_frozen_plan_snapshot
cd813efe0bda11eba7f7acde48001122,2wikimultihop,0,1,False,False,,,False,False,no_frozen_plan_snapshot
cd832ab808b311ebbd86ac1f6bf848b6,2wikimultihop,0,1,False,False,,,False,False,no_frozen_plan_snapshot
cd8c16b20bda11eba7f7acde48001122,2wikimultihop,0,1,False,False,,,False,False,no_frozen_plan_snapshot
cda7579c08b011ebbd85ac1f6bf848b6,2wikimultihop,0,1,False,False,,,False,False,no_frozen_plan_snapshot
cdb47af40bd911eba7f7acde48001122,2wikimultihop,0,1,False,False,,,False,False,no_frozen_plan_snapshot
cdc8af4d085a11ebbd5cac1f6bf848b6,2wikimultihop,0,1,False,False,,,False,False,no_frozen_plan_snapshot
ce0005f6087211ebbd66ac1f6bf848b6,2wikimultihop,0,1,False,False,,,False,False,no_frozen_plan_snapshot
ce0e7ddf08d111ebbd95ac1f6bf848b6,2wikimultihop,0,1,False,False,,,False,False,no_frozen_plan_snapshot
ce30a8d00bda11eba7f7acde48001122,2wikimultihop,0,1,False,False,,,False,False,no_frozen_plan_snapshot
ce38104e08f711ebbdaaac1f6bf848b6,2wikimultihop,0,1,False,False,,,False,False,no_frozen_plan_snapshot
ce6bd0b008a411ebbd7dac1f6bf848b6,2wikimultihop,0,1,False,False,,,False,False,no_frozen_plan_snapshot
ce7b3145088411ebbd6dac1f6bf848b6,2wikimultihop,0,1,False,False,,,False,False,no_frozen_plan_snapshot
ce82a5d8093a11ebbdaeac1f6bf848b6,2wikimultihop,0,1,False,False,,,False,False,no_frozen_plan_snapshot
ce86d7c808ba11ebbd88ac1f6bf848b6,2wikimultihop,0,1,False,False,,,False,False,no_frozen_plan_snapshot
cea1f56e0bdd11eba7f7acde48001122,2wikimultihop,0,1,False,False,,,False,False,no_frozen_plan_snapshot
ceadeee60bdd11eba7f7acde48001122,2wikimultihop,0,1,False,False,,,False,False,no_frozen_plan_snapshot
cece8b7e0bdd11eba7f7acde48001122,2wikimultihop,0,1,False,False,,,False,False,no_frozen_plan_snapshot
ced10b880bdd11eba7f7acde48001122,2wikimultihop,0,1,False,False,,,False,False,no_frozen_plan_snapshot
ced4db140bdd11eba7f7acde48001122,2wikimultihop,0,1,False,False,,,False,False,no_frozen_plan_snapshot
cf1008dc085511ebbd59ac1f6bf848b6,2wikimultihop,0,1,False,False,,,False,False,no_frozen_plan_snapshot
cf2f578a0bdb11eba7f7acde48001122,2wikimultihop,0,1,False,False,,,False,False,no_frozen_plan_snapshot
cf34e0600bdb11eba7f7acde48001122,2wikimultihop,0,1,False,False,,,False,False,no_frozen_plan_snapshot
cf54b54408ab11ebbd82ac1f6bf848b6,2wikimultihop,0,1,False,False,,,False,False,no_frozen_plan_snapshot
cf6f5bbe08cf11ebbd95ac1f6bf848b6,2wikimultihop,0,1,False,False,,,False,False,no_frozen_plan_snapshot
cf838fa608a911ebbd80ac1f6bf848b6,2wikimultihop,0,1,False,False,,,False,False,no_frozen_plan_snapshot
cf9733f20bd911eba7f7acde48001122,2wikimultihop,0,1,False,False,,,False,False,no_frozen_plan_snapshot
cf9a08f608c911ebbd92ac1f6bf848b6,2wikimultihop,0,1,False,False,,,False,False,no_frozen_plan_snapshot
cfa0840208dc11ebbd9dac1f6bf848b6,2wikimultihop,3,4,True,True,3,True,True,False,deep_hops_not_shallow
cfc07ac60bdb11eba7f7acde48001122,2wikimultihop,3,4,True,True,3,False,True,False,deep_hops_not_shallow
cfd9bbba087711ebbd67ac1f6bf848b6,2wikimultihop,0,1,False,False,,,False,False,no_frozen_plan_snapshot
cff95a4108b011ebbd85ac1f6bf848b6,2wikimultihop,0,1,False,False,,,False,False,no_frozen_plan_snapshot
d0046f940bd911eba7f7acde48001122,2wikimultihop,0,1,False,False,,,False,False,no_frozen_plan_snapshot
d01da635086011ebbd5dac1f6bf848b6,2wikimultihop,0,1,False,False,,,False,False,no_frozen_plan_snapshot
d03663e108e211ebbda4ac1f6bf848b6,2wikimultihop,0,1,False,False,,,False,False,no_frozen_plan_snapshot
d057431e0bdd11eba7f7acde48001122,2wikimultihop,0,1,False,False,,,False,False,no_frozen_plan_snapshot
d05ec6000bda11eba7f7acde48001122,2wikimultihop,0,1,False,False,,,False,False,no_frozen_plan_snapshot
d08fea200bdd11eba7f7acde48001122,2wikimultihop,0,1,False,False,,,False,False,no_frozen_plan_snapshot
d0976c960bdd11eba7f7acde48001122,2wikimultihop,0,1,False,False,,,False,False,no_frozen_plan_snapshot
d0995a680bda11eba7f7acde48001122,2wikimultihop,0,1,False,False,,,False,False,no_frozen_plan_snapshot
d0998b640bda11eba7f7acde48001122,2wikimultihop,0,1,False,False,,,False,False,no_frozen_plan_snapshot
d0cadba7088f11ebbd72ac1f6bf848b6,2wikimultihop,0,1,False,False,,,False,False,no_frozen_plan_snapshot
d10f0894089c11ebbd78ac1f6bf848b6,2wikimultihop,1,2,False,False,,,False,False,no_frozen_plan_snapshot
d146745a089211ebbd74ac1f6bf848b6,2wikimultihop,0,1,False,False,,,False,False,no_frozen_plan_snapshot
d14813e1086b11ebbd60ac1f6bf848b6,2wikimultihop,0,1,False,False,,,False,False,no_frozen_plan_snapshot
d15bca5e0bd911eba7f7acde48001122,2wikimultihop,2,3,True,True,2,True,True,False,deep_hops_not_shallow
d16aef420bda11eba7f7acde48001122,2wikimultihop,0,1,False,False,,,False,False,no_frozen_plan_snapshot
d17265b80baf11ebab90acde48001122,2wikimultihop,0,1,False,False,,,False,False,no_frozen_plan_snapshot
d1767a180baf11ebab90acde48001122,2wikimultihop,0,1,False,False,,,False,False,no_frozen_plan_snapshot
d179926a0bdd11eba7f7acde48001122,2wikimultihop,2,3,True,True,2,True,True,False,deep_hops_not_shallow
d18fc6640bda11eba7f7acde48001122,2wikimultihop,0,1,False,False,,,False,False,no_frozen_plan_snapshot
d1bdbdbe087711ebbd67ac1f6bf848b6,2wikimultihop,2,3,True,True,0,False,True,False,deep_hops_not_shallow
d1c2e8d40bdd11eba7f7acde48001122,2wikimultihop,1,2,False,False,,,False,False,no_frozen_plan_snapshot
d1e8842b085611ebbd59ac1f6bf848b6,2wikimultihop,0,1,False,False,,,False,False,no_frozen_plan_snapshot
d1f042ee0bdc11eba7f7acde48001122,2wikimultihop,0,1,False,False,,,False,False,no_frozen_plan_snapshot
d1f0b1b00bdd11eba7f7acde48001122,2wikimultihop,2,3,True,True,0,False,True,False,deep_hops_not_shallow
d20c8a3e0bdd11eba7f7acde48001122,2wikimultihop,0,1,False,False,,,False,False,no_frozen_plan_snapshot
d23341a60bdd11eba7f7acde48001122,2wikimultihop,0,1,False,False,,,False,False,no_frozen_plan_snapshot
d23a19520bda11eba7f7acde48001122,2wikimultihop,0,1,False,False,,,False,False,no_frozen_plan_snapshot
d24eec2a0bd911eba7f7acde48001122,2wikimultihop,0,1,False,False,,,False,False,no_frozen_plan_snapshot
d262d231088c11ebbd70ac1f6bf848b6,2wikimultihop,0,1,False,False,,,False,False,no_frozen_plan_snapshot
d26308ff088c11ebbd70ac1f6bf848b6,2wikimultihop,0,1,False,False,,,False,False,no_frozen_plan_snapshot
d26888eb08a211ebbd7bac1f6bf848b6,2wikimultihop,0,1,False,False,,,False,False,no_frozen_plan_snapshot
d2781aee086611ebbd5eac1f6bf848b6,2wikimultihop,0,1,False,False,,,False,False,no_frozen_plan_snapshot
d282955e0baf11ebab90acde48001122,2wikimultihop,0,1,False,False,,,False,False,no_frozen_plan_snapshot
d2911abd08ca11ebbd92ac1f6bf848b6,2wikimultihop,0,1,False,False,,,False,False,no_frozen_plan_snapshot
d2b2c30008a811ebbd7fac1f6bf848b6,2wikimultihop,3,4,True,True,3,True,True,False,deep_hops_not_shallow
d2d43732088611ebbd6dac1f6bf848b6,2wikimultihop,0,1,False,False,,,False,False,no_frozen_plan_snapshot
d2daa92b086611ebbd5eac1f6bf848b6,2wikimultihop,0,1,False,False,,,False,False,no_frozen_plan_snapshot
d2ecc4c1088911ebbd6eac1f6bf848b6,2wikimultihop,0,1,False,False,,,False,False,no_frozen_plan_snapshot
d301fe960bd911eba7f7acde48001122,2wikimultihop,0,1,False,False,,,False,False,no_frozen_plan_snapshot
d3061581096511ebbdafac1f6bf848b6,2wikimultihop,0,1,False,False,,,False,False,no_frozen_plan_snapshot
d323fb0208c011ebbd8aac1f6bf848b6,2wikimultihop,0,1,False,False,,,False,False,no_frozen_plan_snapshot
d35ce724089911ebbd77ac1f6bf848b6,2wikimultihop,0,1,False,False,,,False,False,no_frozen_plan_snapshot
d37081460bdd11eba7f7acde48001122,2wikimultihop,0,1,False,False,,,False,False,no_frozen_plan_snapshot
d370f0b1085711ebbd5aac1f6bf848b6,2wikimultihop,3,4,True,True,3,True,True,False,deep_hops_not_shallow
d37ac8a40bdd11eba7f7acde48001122,2wikimultihop,0,1,False,False,,,False,False,no_frozen_plan_snapshot
d3835ee6086911ebbd5fac1f6bf848b6,2wikimultihop,3,4,True,True,3,True,True,False,deep_hops_not_shallow
d3949a8e08c111ebbd8bac1f6bf848b6,2wikimultihop,0,1,False,False,,,False,False,no_frozen_plan_snapshot
d3c779240bdd11eba7f7acde48001122,2wikimultihop,1,2,False,False,,,False,False,no_frozen_plan_snapshot
d3cbda480bdb11eba7f7acde48001122,2wikimultihop,0,1,False,False,,,False,False,no_frozen_plan_snapshot
d3e9671e0bdd11eba7f7acde48001122,2wikimultihop,0,1,False,False,,,False,False,no_frozen_plan_snapshot
d3faf22c096411ebbdafac1f6bf848b6,2wikimultihop,0,1,False,False,,,False,False,no_frozen_plan_snapshot
d4052464087611ebbd67ac1f6bf848b6,2wikimultihop,0,1,False,False,,,False,False,no_frozen_plan_snapshot
d41835da08d811ebbd9cac1f6bf848b6,2wikimultihop,0,1,False,False,,,False,False,no_frozen_plan_snapshot
d43a01540bda11eba7f7acde48001122,2wikimultihop,0,1,False,False,,,False,False,no_frozen_plan_snapshot
d43c730a086d11ebbd62ac1f6bf848b6,2wikimultihop,0,1,False,False,,,False,False,no_frozen_plan_snapshot
d43cbe6c089c11ebbd78ac1f6bf848b6,2wikimultihop,0,1,False,False,,,False,False,no_frozen_plan_snapshot
d43d62ab089611ebbd76ac1f6bf848b6,2wikimultihop,0,1,False,False,,,False,False,no_frozen_plan_snapshot
d46179b9092411ebbdaeac1f6bf848b6,2wikimultihop,0,1,False,False,,,False,False,no_frozen_plan_snapshot
d465a2460bda11eba7f7acde48001122,2wikimultihop,0,1,False,False,,,False,False,no_frozen_plan_snapshot
d4ad94f60bdb11eba7f7acde48001122,2wikimultihop,0,1,False,False,,,False,False,no_frozen_plan_snapshot
d4e0f9880bd911eba7f7acde48001122,2wikimultihop,0,1,False,False,,,False,False,no_frozen_plan_snapshot
d4ec39a80bdc11eba7f7acde48001122,2wikimultihop,0,1,False,False,,,False,False,no_frozen_plan_snapshot
d51346140bdd11eba7f7acde48001122,2wikimultihop,3,4,True,True,3,True,True,False,deep_hops_not_shallow
d536361e08a511ebbd7dac1f6bf848b6,2wikimultihop,0,1,False,False,,,False,False,no_frozen_plan_snapshot
d53d7f72089211ebbd74ac1f6bf848b6,2wikimultihop,0,1,False,False,,,False,False,no_frozen_plan_snapshot
d543d1a7085611ebbd59ac1f6bf848b6,2wikimultihop,0,1,False,False,,,False,False,no_frozen_plan_snapshot
d545acd20bdb11eba7f7acde48001122,2wikimultihop,0,1,False,False,,,False,False,no_frozen_plan_snapshot
d56b4352086111ebbd5dac1f6bf848b6,2wikimultihop,0,1,False,False,,,False,False,no_frozen_plan_snapshot
d5a1a526088311ebbd6dac1f6bf848b6,2wikimultihop,1,2,False,False,,,False,False,no_frozen_plan_snapshot
d5c1ecc2084b11ebbd56ac1f6bf848b6,2wikimultihop,0,1,False,False,,,False,False,no_frozen_plan_snapshot
d5d62d4c08fd11ebbdadac1f6bf848b6,2wikimultihop,0,1,False,False,,,False,False,no_frozen_plan_snapshot
d5e6d5ba089011ebbd72ac1f6bf848b6,2wikimultihop,0,1,False,False,,,False,False,no_frozen_plan_snapshot
d60529440baf11ebab90acde48001122,2wikimultihop,0,1,False,False,,,False,False,no_frozen_plan_snapshot
d612d6fe087911ebbd67ac1f6bf848b6,2wikimultihop,3,4,True,True,3,True,True,False,deep_hops_not_shallow
d61c419e08dd11ebbd9eac1f6bf848b6,2wikimultihop,0,1,False,False,,,False,False,no_frozen_plan_snapshot
d6250a780bd911eba7f7acde48001122,2wikimultihop,0,1,False,False,,,False,False,no_frozen_plan_snapshot
d65c9be908e911ebbda7ac1f6bf848b6,2wikimultihop,-1,0,False,False,,,False,False,no_frozen_plan_snapshot
d667e18f08d911ebbd9cac1f6bf848b6,2wikimultihop,3,4,True,True,3,True,True,False,deep_hops_not_shallow
d66b7cac08bd11ebbd8aac1f6bf848b6,2wikimultihop,0,1,False,False,,,False,False,no_frozen_plan_snapshot
d68e71f80bdd11eba7f7acde48001122,2wikimultihop,0,1,False,False,,,False,False,no_frozen_plan_snapshot
d69310fe08b911ebbd88ac1f6bf848b6,2wikimultihop,3,4,True,True,3,True,True,False,deep_hops_not_shallow
d6b29805087b11ebbd69ac1f6bf848b6,2wikimultihop,0,1,False,False,,,False,False,no_frozen_plan_snapshot
d6b4117a0baf11ebab90acde48001122,2wikimultihop,0,1,False,False,,,False,False,no_frozen_plan_snapshot
d6e0f7f00bda11eba7f7acde48001122,2wikimultihop,0,1,False,False,,,False,False,no_frozen_plan_snapshot
d6f62a7e0bdc11eba7f7acde48001122,2wikimultihop,0,1,False,False,,,False,False,no_frozen_plan_snapshot
d6f86e420bdc11eba7f7acde48001122,2wikimultihop,0,1,False,False,,,False,False,no_frozen_plan_snapshot
d7004d5c0bdb11eba7f7acde48001122,2wikimultihop,0,1,False,False,,,False,False,no_frozen_plan_snapshot
d7281cbe0baf11ebab90acde48001122,2wikimultihop,0,1,False,False,,,False,False,no_frozen_plan_snapshot
d73fa07c0bdd11eba7f7acde48001122,2wikimultihop,0,1,False,False,,,False,False,no_frozen_plan_snapshot
d75f0592084b11ebbd56ac1f6bf848b6,2wikimultihop,1,2,False,False,,,False,False,no_frozen_plan_snapshot
d76a9dfc08ba11ebbd88ac1f6bf848b6,2wikimultihop,0,1,False,False,,,False,False,no_frozen_plan_snapshot
d799f6e5094411ebbdaeac1f6bf848b6,2wikimultihop,0,1,False,False,,,False,False,no_frozen_plan_snapshot
d79e3bc3097e11ebbdb0ac1f6bf848b6,2wikimultihop,0,1,False,False,,,False,False,no_frozen_plan_snapshot
d7d277720baf11ebab90acde48001122,2wikimultihop,0,1,False,False,,,False,False,no_frozen_plan_snapshot
d81b6a400bdc11eba7f7acde48001122,2wikimultihop,0,1,False,False,,,False,False,no_frozen_plan_snapshot
d83437560bdb11eba7f7acde48001122,2wikimultihop,0,1,False,False,,,False,False,no_frozen_plan_snapshot
d8390b36093e11ebbdaeac1f6bf848b6,2wikimultihop,0,1,False,False,,,False,False,no_frozen_plan_snapshot
d84a6e5c0bdd11eba7f7acde48001122,2wikimultihop,0,1,False,False,,,False,False,no_frozen_plan_snapshot
d84ac9c608c011ebbd8aac1f6bf848b6,2wikimultihop,0,1,False,False,,,False,False,no_frozen_plan_snapshot
d85864ee0bdd11eba7f7acde48001122,2wikimultihop,0,1,False,False,,,False,False,no_frozen_plan_snapshot
d86c01f20bdd11eba7f7acde48001122,2wikimultihop,0,1,False,False,,,False,False,no_frozen_plan_snapshot
d87dda7c08c611ebbd91ac1f6bf848b6,2wikimultihop,-1,0,False,False,,,False,False,no_frozen_plan_snapshot
d8a042780bdd11eba7f7acde48001122,2wikimultihop,0,1,False,False,,,False,False,no_frozen_plan_snapshot
d8c144f4088911ebbd6eac1f6bf848b6,2wikimultihop,0,1,False,False,,,False,False,no_frozen_plan_snapshot
d8c1e2ac0bdd11eba7f7acde48001122,2wikimultihop,0,1,False,False,,,False,False,no_frozen_plan_snapshot
d8dd595708fb11ebbdacac1f6bf848b6,2wikimultihop,0,1,False,False,,,False,False,no_frozen_plan_snapshot
d8fdc1d2087c11ebbd6aac1f6bf848b6,2wikimultihop,0,1,False,False,,,False,False,no_frozen_plan_snapshot
d8ffd42a0bda11eba7f7acde48001122,2wikimultihop,0,1,False,False,,,False,False,no_frozen_plan_snapshot
d933980c0bdd11eba7f7acde48001122,2wikimultihop,0,1,False,False,,,False,False,no_frozen_plan_snapshot
d94da1da088f11ebbd72ac1f6bf848b6,2wikimultihop,0,1,False,False,,,False,False,no_frozen_plan_snapshot
d975407b08dd11ebbd9eac1f6bf848b6,2wikimultihop,0,1,False,False,,,False,False,no_frozen_plan_snapshot
d9976b0c0bdd11eba7f7acde48001122,2wikimultihop,0,1,False,False,,,False,False,no_frozen_plan_snapshot
d9b98ec5085b11ebbd5cac1f6bf848b6,2wikimultihop,0,1,False,False,,,False,False,no_frozen_plan_snapshot
d9d7844e0bdd11eba7f7acde48001122,2wikimultihop,0,1,False,False,,,False,False,no_frozen_plan_snapshot
d9d7c2ce0bdd11eba7f7acde48001122,2wikimultihop,0,1,False,False,,,False,False,no_frozen_plan_snapshot
d9d9e0c40bdb11eba7f7acde48001122,2wikimultihop,0,1,False,False,,,False,False,no_frozen_plan_snapshot
d9f5fd9a0bdb11eba7f7acde48001122,2wikimultihop,3,4,True,True,3,True,True,False,deep_hops_not_shallow
d9f699040bda11eba7f7acde48001122,2wikimultihop,0,1,False,False,,,False,False,no_frozen_plan_snapshot
d9fa78a8084c11ebbd56ac1f6bf848b6,2wikimultihop,1,2,False,False,,,False,False,no_frozen_plan_snapshot
da0d4708086211ebbd5dac1f6bf848b6,2wikimultihop,0,1,False,False,,,False,False,no_frozen_plan_snapshot
da1268560bd911eba7f7acde48001122,2wikimultihop,0,1,False,False,,,False,False,no_frozen_plan_snapshot
da177f520bda11eba7f7acde48001122,2wikimultihop,0,1,False,False,,,False,False,no_frozen_plan_snapshot
da208aa4084911ebbd55ac1f6bf848b6,2wikimultihop,0,1,False,False,,,False,False,no_frozen_plan_snapshot
da24924c088711ebbd6eac1f6bf848b6,2wikimultihop,0,1,False,False,,,False,False,no_frozen_plan_snapshot
da3721aa0bd911eba7f7acde48001122,2wikimultihop,0,1,False,False,,,False,False,no_frozen_plan_snapshot
da8b3d7708fc11ebbdadac1f6bf848b6,2wikimultihop,0,1,False,False,,,False,False,no_frozen_plan_snapshot
da8fe7f4085a11ebbd5cac1f6bf848b6,2wikimultihop,0,1,False,False,,,False,False,no_frozen_plan_snapshot
da9eb08e0bdb11eba7f7acde48001122,2wikimultihop,0,1,False,False,,,False,False,no_frozen_plan_snapshot
dab5d7f40baf11ebab90acde48001122,2wikimultihop,1,2,False,False,,,False,False,no_frozen_plan_snapshot
dab85d440baf11ebab90acde48001122,2wikimultihop,0,1,False,False,,,False,False,no_frozen_plan_snapshot
dab94c6c0bdd11eba7f7acde48001122,2wikimultihop,0,1,False,False,,,False,False,no_frozen_plan_snapshot
dac1f66e0bdd11eba7f7acde48001122,2wikimultihop,2,3,True,True,2,False,True,False,deep_hops_not_shallow
db060dfa0bdc11eba7f7acde48001122,2wikimultihop,0,1,False,False,,,False,False,no_frozen_plan_snapshot
db19bf4c086e11ebbd62ac1f6bf848b6,2wikimultihop,0,1,False,False,,,False,False,no_frozen_plan_snapshot
db30797c0bdd11eba7f7acde48001122,2wikimultihop,1,2,False,False,,,False,False,no_frozen_plan_snapshot
db371cbb088011ebbd6dac1f6bf848b6,2wikimultihop,0,1,False,False,,,False,False,no_frozen_plan_snapshot
db424f760bdd11eba7f7acde48001122,2wikimultihop,1,2,False,False,,,False,False,no_frozen_plan_snapshot
db456131089411ebbd75ac1f6bf848b6,2wikimultihop,0,1,False,False,,,False,False,no_frozen_plan_snapshot
db637b380bdd11eba7f7acde48001122,2wikimultihop,0,1,False,False,,,False,False,no_frozen_plan_snapshot
db72500e08fe11ebbdadac1f6bf848b6,2wikimultihop,0,1,False,False,,,False,False,no_frozen_plan_snapshot
db787f5c0bdc11eba7f7acde48001122,2wikimultihop,0,1,False,False,,,False,False,no_frozen_plan_snapshot
db8e09f808f311ebbdaaac1f6bf848b6,2wikimultihop,0,1,False,False,,,False,False,no_frozen_plan_snapshot
db96156a0bd911eba7f7acde48001122,2wikimultihop,0,1,False,False,,,False,False,no_frozen_plan_snapshot
db9c0cd80baf11ebab90acde48001122,2wikimultihop,0,1,False,False,,,False,False,no_frozen_plan_snapshot
dba424900baf11ebab90acde48001122,2wikimultihop,0,1,False,False,,,False,False,no_frozen_plan_snapshot
dbcd3f5e0bd911eba7f7acde48001122,2wikimultihop,0,1,False,False,,,False,False,no_frozen_plan_snapshot
dbd506960bdc11eba7f7acde48001122,2wikimultihop,0,1,False,False,,,False,False,no_frozen_plan_snapshot
dbd9551d086b11ebbd60ac1f6bf848b6,2wikimultihop,0,1,False,False,,,False,False,no_frozen_plan_snapshot
dbf4357e0bdd11eba7f7acde48001122,2wikimultihop,0,1,False,False,,,False,False,no_frozen_plan_snapshot
dc0b7028090711ebbdadac1f6bf848b6,2wikimultihop,0,1,False,False,,,False,False,no_frozen_plan_snapshot
dc25ffa00bdd11eba7f7acde48001122,2wikimultihop,0,1,False,False,,,False,False,no_frozen_plan_snapshot
dc2e28020bdc11eba7f7acde48001122,2wikimultihop,0,1,False,False,,,False,False,no_frozen_plan_snapshot
dc3725a5096811ebbdafac1f6bf848b6,2wikimultihop,0,1,False,False,,,False,False,no_frozen_plan_snapshot
dc4754a80bdc11eba7f7acde48001122,2wikimultihop,0,1,False,False,,,False,False,no_frozen_plan_snapshot
dc549d2008bc11ebbd89ac1f6bf848b6,2wikimultihop,0,1,False,False,,,False,False,no_frozen_plan_snapshot
dc5b9266091f11ebbdaeac1f6bf848b6,2wikimultihop,0,1,False,False,,,False,False,no_frozen_plan_snapshot
dc619d4808b911ebbd88ac1f6bf848b6,2wikimultihop,0,1,False,False,,,False,False,no_frozen_plan_snapshot
dc68effd08d811ebbd9cac1f6bf848b6,2wikimultihop,0,1,False,False,,,False,False,no_frozen_plan_snapshot
dc69969e0bdc11eba7f7acde48001122,2wikimultihop,0,1,False,False,,,False,False,no_frozen_plan_snapshot
dc6c75820bda11eba7f7acde48001122,2wikimultihop,2,3,True,True,2,True,True,False,deep_hops_not_shallow
dc7525360baf11ebab90acde48001122,2wikimultihop,0,1,False,False,,,False,False,no_frozen_plan_snapshot
dc80e30908da11ebbd9cac1f6bf848b6,2wikimultihop,0,1,False,False,,,False,False,no_frozen_plan_snapshot
dc93b4e60bdd11eba7f7acde48001122,2wikimultihop,0,1,False,False,,,False,False,no_frozen_plan_snapshot
dcb113fc088011ebbd6dac1f6bf848b6,2wikimultihop,0,1,False,False,,,False,False,no_frozen_plan_snapshot
dcb25ba40bdc11eba7f7acde48001122,2wikimultihop,0,1,False,False,,,False,False,no_frozen_plan_snapshot
dcbee4b608b011ebbd85ac1f6bf848b6,2wikimultihop,0,1,False,False,,,False,False,no_frozen_plan_snapshot
dcbee4b708b011ebbd85ac1f6bf848b6,2wikimultihop,0,1,False,False,,,False,False,no_frozen_plan_snapshot
dce5cfac0bdc11eba7f7acde48001122,2wikimultihop,3,4,True,True,0,False,True,False,deep_hops_not_shallow
dcec8a9e095c11ebbdaeac1f6bf848b6,2wikimultihop,1,2,False,False,,,False,False,no_frozen_plan_snapshot
dcfe2a500bd911eba7f7acde48001122,2wikimultihop,1,2,False,False,,,False,False,no_frozen_plan_snapshot
dd04b44e0baf11ebab90acde48001122,2wikimultihop,0,1,False,False,,,False,False,no_frozen_plan_snapshot
dd17999f08d811ebbd9cac1f6bf848b6,2wikimultihop,3,4,True,True,3,True,True,False,deep_hops_not_shallow
dd1a82740baf11ebab90acde48001122,2wikimultihop,0,1,False,False,,,False,False,no_frozen_plan_snapshot
dd1b6eb6087e11ebbd6bac1f6bf848b6,2wikimultihop,0,1,False,False,,,False,False,no_frozen_plan_snapshot
dd2b76c60bda11eba7f7acde48001122,2wikimultihop,0,1,False,False,,,False,False,no_frozen_plan_snapshot
dd41d993086b11ebbd60ac1f6bf848b6,2wikimultihop,0,1,False,False,,,False,False,no_frozen_plan_snapshot
dd4a0ba5089711ebbd77ac1f6bf848b6,2wikimultihop,0,1,False,False,,,False,False,no_frozen_plan_snapshot
dd7bd1a6085c11ebbd5cac1f6bf848b6,2wikimultihop,0,1,False,False,,,False,False,no_frozen_plan_snapshot
dd94108f088a11ebbd6fac1f6bf848b6,2wikimultihop,0,1,False,False,,,False,False,no_frozen_plan_snapshot
dd95e56e089811ebbd77ac1f6bf848b6,2wikimultihop,0,1,False,False,,,False,False,no_frozen_plan_snapshot
dd98f482089511ebbd75ac1f6bf848b6,2wikimultihop,0,1,False,False,,,False,False,no_frozen_plan_snapshot
ddacf7580baf11ebab90acde48001122,2wikimultihop,0,1,False,False,,,False,False,no_frozen_plan_snapshot
ddbc0f6c0bdd11eba7f7acde48001122,2wikimultihop,0,1,False,False,,,False,False,no_frozen_plan_snapshot
ddd0bb3e08bc11ebbd89ac1f6bf848b6,2wikimultihop,3,4,True,True,3,True,True,False,deep_hops_not_shallow
ddd7f12c086911ebbd5fac1f6bf848b6,2wikimultihop,0,1,False,False,,,False,False,no_frozen_plan_snapshot
ddf04e3f08af11ebbd83ac1f6bf848b6,2wikimultihop,0,1,False,False,,,False,False,no_frozen_plan_snapshot
ddf2caf4085211ebbd58ac1f6bf848b6,2wikimultihop,0,1,False,False,,,False,False,no_frozen_plan_snapshot
de26abaa095411ebbdaeac1f6bf848b6,2wikimultihop,0,1,False,False,,,False,False,no_frozen_plan_snapshot
de29b27e089a11ebbd78ac1f6bf848b6,2wikimultihop,0,1,False,False,,,False,False,no_frozen_plan_snapshot
de30da2c0bdd11eba7f7acde48001122,2wikimultihop,0,1,False,False,,,False,False,no_frozen_plan_snapshot
de5b5922087811ebbd67ac1f6bf848b6,2wikimultihop,0,1,False,False,,,False,False,no_frozen_plan_snapshot
de60de160bdd11eba7f7acde48001122,2wikimultihop,0,1,False,False,,,False,False,no_frozen_plan_snapshot
de76260008bc11ebbd89ac1f6bf848b6,2wikimultihop,0,1,False,False,,,False,False,no_frozen_plan_snapshot
de7b90800bdd11eba7f7acde48001122,2wikimultihop,0,1,False,False,,,False,False,no_frozen_plan_snapshot
de95e2e408ad11ebbd83ac1f6bf848b6,2wikimultihop,0,1,False,False,,,False,False,no_frozen_plan_snapshot
de993350087311ebbd67ac1f6bf848b6,2wikimultihop,0,1,False,False,,,False,False,no_frozen_plan_snapshot
dea18cf408c211ebbd8cac1f6bf848b6,2wikimultihop,0,1,False,False,,,False,False,no_frozen_plan_snapshot
debc2faa0bdd11eba7f7acde48001122,2wikimultihop,0,1,False,False,,,False,False,no_frozen_plan_snapshot
debdef6c085811ebbd5bac1f6bf848b6,2wikimultihop,0,1,False,False,,,False,False,no_frozen_plan_snapshot
dec6d80c0baf11ebab90acde48001122,2wikimultihop,0,1,False,False,,,False,False,no_frozen_plan_snapshot
deea8eb80bdd11eba7f7acde48001122,2wikimultihop,0,1,False,False,,,False,False,no_frozen_plan_snapshot
df13ddf40bdd11eba7f7acde48001122,2wikimultihop,0,1,False,False,,,False,False,no_frozen_plan_snapshot
df14cd5308ec11ebbda7ac1f6bf848b6,2wikimultihop,0,1,False,False,,,False,False,no_frozen_plan_snapshot
df3322da08dc11ebbd9dac1f6bf848b6,2wikimultihop,0,1,False,False,,,False,False,no_frozen_plan_snapshot
df41588c0bd911eba7f7acde48001122,2wikimultihop,0,1,False,False,,,False,False,no_frozen_plan_snapshot
df588582087011ebbd63ac1f6bf848b6,2wikimultihop,0,1,False,False,,,False,False,no_frozen_plan_snapshot
df5d00060bdd11eba7f7acde48001122,2wikimultihop,0,1,False,False,,,False,False,no_frozen_plan_snapshot
df6b3eda086f11ebbd62ac1f6bf848b6,2wikimultihop,0,1,False,False,,,False,False,no_frozen_plan_snapshot
df6ec5f60bd911eba7f7acde48001122,2wikimultihop,2,3,True,True,2,True,True,False,deep_hops_not_shallow
df77d6d40baf11ebab90acde48001122,2wikimultihop,0,1,False,False,,,False,False,no_frozen_plan_snapshot
df90c8440bda11eba7f7acde48001122,2wikimultihop,0,1,False,False,,,False,False,no_frozen_plan_snapshot
dfb1d2c8085611ebbd59ac1f6bf848b6,2wikimultihop,1,2,False,False,,,False,False,no_frozen_plan_snapshot
dfc85c160bdd11eba7f7acde48001122,2wikimultihop,0,1,False,False,,,False,False,no_frozen_plan_snapshot
dfdff31c0bdd11eba7f7acde48001122,2wikimultihop,0,1,False,False,,,False,False,no_frozen_plan_snapshot
dfe3407a088211ebbd6dac1f6bf848b6,2wikimultihop,0,1,False,False,,,False,False,no_frozen_plan_snapshot
dffa1f8a0bdd11eba7f7acde48001122,2wikimultihop,0,1,False,False,,,False,False,no_frozen_plan_snapshot
e007f858087211ebbd66ac1f6bf848b6,2wikimultihop,3,4,True,True,3,True,True,False,deep_hops_not_shallow
e01e25380bdd11eba7f7acde48001122,2wikimultihop,0,1,False,False,,,False,False,no_frozen_plan_snapshot
e026fe600bdd11eba7f7acde48001122,2wikimultihop,0,1,False,False,,,False,False,no_frozen_plan_snapshot
e0316287089c11ebbd78ac1f6bf848b6,2wikimultihop,0,1,False,False,,,False,False,no_frozen_plan_snapshot
e06bb25e08c611ebbd91ac1f6bf848b6,2wikimultihop,0,1,False,False,,,False,False,no_frozen_plan_snapshot
e06e9794084d11ebbd56ac1f6bf848b6,2wikimultihop,0,1,False,False,,,False,False,no_frozen_plan_snapshot
e0780f7608b811ebbd88ac1f6bf848b6,2wikimultihop,0,1,False,False,,,False,False,no_frozen_plan_snapshot
e0797e3c08f511ebbdaaac1f6bf848b6,2wikimultihop,0,1,False,False,,,False,False,no_frozen_plan_snapshot
e07a39e80bda11eba7f7acde48001122,2wikimultihop,0,1,False,False,,,False,False,no_frozen_plan_snapshot
e08da9460bdb11eba7f7acde48001122,2wikimultihop,0,1,False,False,,,False,False,no_frozen_plan_snapshot
e0906daa098011ebbdb0ac1f6bf848b6,2wikimultihop,0,1,False,False,,,False,False,no_frozen_plan_snapshot
e0a3d1860bda11eba7f7acde48001122,2wikimultihop,0,1,False,False,,,False,False,no_frozen_plan_snapshot
e115506c0bdb11eba7f7acde48001122,2wikimultihop,0,1,False,False,,,False,False,no_frozen_plan_snapshot
e1228e9f08ca11ebbd92ac1f6bf848b6,2wikimultihop,0,1,False,False,,,False,False,no_frozen_plan_snapshot
e12d637508e211ebbda4ac1f6bf848b6,2wikimultihop,0,1,False,False,,,False,False,no_frozen_plan_snapshot
e1314496084a11ebbd56ac1f6bf848b6,2wikimultihop,0,1,False,False,,,False,False,no_frozen_plan_snapshot
e1575dd00baf11ebab90acde48001122,2wikimultihop,0,1,False,False,,,False,False,no_frozen_plan_snapshot
e15b1fe20baf11ebab90acde48001122,2wikimultihop,0,1,False,False,,,False,False,no_frozen_plan_snapshot
e166d3380bdb11eba7f7acde48001122,2wikimultihop,2,3,True,True,2,True,True,False,deep_hops_not_shallow
e16c33720baf11ebab90acde48001122,2wikimultihop,0,1,False,False,,,False,False,no_frozen_plan_snapshot
e170bd3a08b111ebbd85ac1f6bf848b6,2wikimultihop,0,1,False,False,,,False,False,no_frozen_plan_snapshot
e181508a0bdd11eba7f7acde48001122,2wikimultihop,0,1,False,False,,,False,False,no_frozen_plan_snapshot
e19960120bdd11eba7f7acde48001122,2wikimultihop,0,1,False,False,,,False,False,no_frozen_plan_snapshot
e1a43dce086e11ebbd62ac1f6bf848b6,2wikimultihop,0,1,False,False,,,False,False,no_frozen_plan_snapshot
e1a69e46088911ebbd6eac1f6bf848b6,2wikimultihop,0,1,False,False,,,False,False,no_frozen_plan_snapshot
e1cfab340bda11eba7f7acde48001122,2wikimultihop,0,1,False,False,,,False,False,no_frozen_plan_snapshot
e1db74e80bdd11eba7f7acde48001122,2wikimultihop,0,1,False,False,,,False,False,no_frozen_plan_snapshot
e1fc1b9a08d011ebbd95ac1f6bf848b6,2wikimultihop,0,1,False,False,,,False,False,no_frozen_plan_snapshot
e228dccb08ad11ebbd83ac1f6bf848b6,2wikimultihop,0,1,False,False,,,False,False,no_frozen_plan_snapshot
e229fc5508df11ebbda1ac1f6bf848b6,2wikimultihop,3,4,True,True,3,True,True,False,deep_hops_not_shallow
e2381a480bda11eba7f7acde48001122,2wikimultihop,0,1,False,False,,,False,False,no_frozen_plan_snapshot
e23b081e08b711ebbd88ac1f6bf848b6,2wikimultihop,0,1,False,False,,,False,False,no_frozen_plan_snapshot
e25ebd760bdd11eba7f7acde48001122,2wikimultihop,2,3,True,True,2,False,True,False,deep_hops_not_shallow
e28e209e0bdc11eba7f7acde48001122,2wikimultihop,0,1,False,False,,,False,False,no_frozen_plan_snapshot
e29609520bdd11eba7f7acde48001122,2wikimultihop,0,1,False,False,,,False,False,no_frozen_plan_snapshot
e29a23e408bc11ebbd89ac1f6bf848b6,2wikimultihop,0,1,False,False,,,False,False,no_frozen_plan_snapshot
e2a16b000bdb11eba7f7acde48001122,2wikimultihop,2,3,True,True,2,True,True,False,deep_hops_not_shallow
e2a3bf2a0bdd11eba7f7acde48001122,2wikimultihop,2,3,True,True,2,False,True,False,deep_hops_not_shallow
e2a4192a0bdd11eba7f7acde48001122,2wikimultihop,0,1,False,False,,,False,False,no_frozen_plan_snapshot
e2bddff60bae11ebab90acde48001122,2wikimultihop,0,1,False,False,,,False,False,no_frozen_plan_snapshot
e2bfd3100bae11ebab90acde48001122,2wikimultihop,0,1,False,False,,,False,False,no_frozen_plan_snapshot
e2c19fd80bae11ebab90acde48001122,2wikimultihop,0,1,False,False,,,False,False,no_frozen_plan_snapshot
e2c1f3520bae11ebab90acde48001122,2wikimultihop,0,1,False,False,,,False,False,no_frozen_plan_snapshot
e2cecd29096711ebbdafac1f6bf848b6,2wikimultihop,1,2,False,False,,,False,False,no_frozen_plan_snapshot
e2e9a9560bdb11eba7f7acde48001122,2wikimultihop,0,1,False,False,,,False,False,no_frozen_plan_snapshot
e30dc7fe08d011ebbd95ac1f6bf848b6,2wikimultihop,0,1,False,False,,,False,False,no_frozen_plan_snapshot
e320b6e00bda11eba7f7acde48001122,2wikimultihop,0,1,False,False,,,False,False,no_frozen_plan_snapshot
e3267290085311ebbd59ac1f6bf848b6,2wikimultihop,0,1,False,False,,,False,False,no_frozen_plan_snapshot
e34899f408aa11ebbd80ac1f6bf848b6,2wikimultihop,0,1,False,False,,,False,False,no_frozen_plan_snapshot
e348e0f40bdd11eba7f7acde48001122,2wikimultihop,0,1,False,False,,,False,False,no_frozen_plan_snapshot
e3507058087c11ebbd6aac1f6bf848b6,2wikimultihop,0,1,False,False,,,False,False,no_frozen_plan_snapshot
e353ff9f088511ebbd6dac1f6bf848b6,2wikimultihop,0,1,False,False,,,False,False,no_frozen_plan_snapshot
e35df97a0bd911eba7f7acde48001122,2wikimultihop,0,1,False,False,,,False,False,no_frozen_plan_snapshot
e3651fb40bae11ebab90acde48001122,2wikimultihop,0,1,False,False,,,False,False,no_frozen_plan_snapshot
e36b76dc0bdd11eba7f7acde48001122,2wikimultihop,0,1,False,False,,,False,False,no_frozen_plan_snapshot
e36e776408dc11ebbd9dac1f6bf848b6,2wikimultihop,0,1,False,False,,,False,False,no_frozen_plan_snapshot
e37181580bdd11eba7f7acde48001122,2wikimultihop,0,1,False,False,,,False,False,no_frozen_plan_snapshot
e3789596087d11ebbd6bac1f6bf848b6,2wikimultihop,0,1,False,False,,,False,False,no_frozen_plan_snapshot
e38f4ba208bd11ebbd8aac1f6bf848b6,2wikimultihop,0,1,False,False,,,False,False,no_frozen_plan_snapshot
e3d274ec0bae11ebab90acde48001122,2wikimultihop,0,1,False,False,,,False,False,no_frozen_plan_snapshot
e3d2e2b00bae11ebab90acde48001122,2wikimultihop,0,1,False,False,,,False,False,no_frozen_plan_snapshot
e3d357bc08d511ebbd98ac1f6bf848b6,2wikimultihop,0,1,False,False,,,False,False,no_frozen_plan_snapshot
e3f8885d08af11ebbd83ac1f6bf848b6,2wikimultihop,0,1,False,False,,,False,False,no_frozen_plan_snapshot
e3fe2a600bdb11eba7f7acde48001122,2wikimultihop,0,1,False,False,,,False,False,no_frozen_plan_snapshot
e40339fc08ab11ebbd82ac1f6bf848b6,2wikimultihop,0,1,False,False,,,False,False,no_frozen_plan_snapshot
e41c14820bd911eba7f7acde48001122,2wikimultihop,0,1,False,False,,,False,False,no_frozen_plan_snapshot
e41f805c0bdb11eba7f7acde48001122,2wikimultihop,0,1,False,False,,,False,False,no_frozen_plan_snapshot
e4364efd088111ebbd6dac1f6bf848b6,2wikimultihop,0,1,False,False,,,False,False,no_frozen_plan_snapshot
e43ef7b20bda11eba7f7acde48001122,2wikimultihop,0,1,False,False,,,False,False,no_frozen_plan_snapshot
e43f26380bda11eba7f7acde48001122,2wikimultihop,0,1,False,False,,,False,False,no_frozen_plan_snapshot
e43ff03b08ac11ebbd83ac1f6bf848b6,2wikimultihop,-1,0,False,False,,,False,False,no_frozen_plan_snapshot
e4713d77089211ebbd74ac1f6bf848b6,2wikimultihop,0,1,False,False,,,False,False,no_frozen_plan_snapshot
e476b380090c11ebbdadac1f6bf848b6,2wikimultihop,1,2,False,False,,,False,False,no_frozen_plan_snapshot
e48935f308b011ebbd85ac1f6bf848b6,2wikimultihop,0,1,False,False,,,False,False,no_frozen_plan_snapshot
e4a48f9408c111ebbd8bac1f6bf848b6,2wikimultihop,0,1,False,False,,,False,False,no_frozen_plan_snapshot
e4ccf7f1096411ebbdafac1f6bf848b6,2wikimultihop,0,1,False,False,,,False,False,no_frozen_plan_snapshot
e4db3498085511ebbd59ac1f6bf848b6,2wikimultihop,0,1,False,False,,,False,False,no_frozen_plan_snapshot
e4e02a240bda11eba7f7acde48001122,2wikimultihop,0,1,False,False,,,False,False,no_frozen_plan_snapshot
e4ed56d7084911ebbd55ac1f6bf848b6,2wikimultihop,0,1,False,False,,,False,False,no_frozen_plan_snapshot
e4f7ea6a0bda11eba7f7acde48001122,2wikimultihop,0,1,False,False,,,False,False,no_frozen_plan_snapshot
e4fbb7ad08b611ebbd88ac1f6bf848b6,2wikimultihop,0,1,False,False,,,False,False,no_frozen_plan_snapshot
e50c35fa0bdb11eba7f7acde48001122,2wikimultihop,0,1,False,False,,,False,False,no_frozen_plan_snapshot
e519fa3c0bae11ebab90acde48001122,2wikimultihop,1,2,False,False,,,False,False,no_frozen_plan_snapshot
e522a9a20bae11ebab90acde48001122,2wikimultihop,0,1,False,False,,,False,False,no_frozen_plan_snapshot
e525d2da0bae11ebab90acde48001122,2wikimultihop,0,1,False,False,,,False,False,no_frozen_plan_snapshot
e53937d00bae11ebab90acde48001122,2wikimultihop,0,1,False,False,,,False,False,no_frozen_plan_snapshot
e55600c6089e11ebbd78ac1f6bf848b6,2wikimultihop,0,1,False,False,,,False,False,no_frozen_plan_snapshot
e56744640bda11eba7f7acde48001122,2wikimultihop,0,1,False,False,,,False,False,no_frozen_plan_snapshot
e56e5c7e089c11ebbd78ac1f6bf848b6,2wikimultihop,0,1,False,False,,,False,False,no_frozen_plan_snapshot
e598d0600bda11eba7f7acde48001122,2wikimultihop,2,3,True,True,0,False,True,False,deep_hops_not_shallow
e59b7d5f092a11ebbdaeac1f6bf848b6,2wikimultihop,0,1,False,False,,,False,False,no_frozen_plan_snapshot
e5a6f0b208a811ebbd7fac1f6bf848b6,2wikimultihop,0,1,False,False,,,False,False,no_frozen_plan_snapshot
e5bc717c0bdb11eba7f7acde48001122,2wikimultihop,0,1,False,False,,,False,False,no_frozen_plan_snapshot
e5c51aa80bda11eba7f7acde48001122,2wikimultihop,0,1,False,False,,,False,False,no_frozen_plan_snapshot
e5d895ee0bdd11eba7f7acde48001122,2wikimultihop,0,1,False,False,,,False,False,no_frozen_plan_snapshot
e61631fa089611ebbd76ac1f6bf848b6,2wikimultihop,3,4,True,True,3,True,True,False,deep_hops_not_shallow
e62621160bdc11eba7f7acde48001122,2wikimultihop,0,1,False,False,,,False,False,no_frozen_plan_snapshot
e639c91e088a11ebbd6fac1f6bf848b6,2wikimultihop,0,1,False,False,,,False,False,no_frozen_plan_snapshot
e642225a08ab11ebbd82ac1f6bf848b6,2wikimultihop,0,1,False,False,,,False,False,no_frozen_plan_snapshot
e6435d1c0baf11ebab90acde48001122,2wikimultihop,0,1,False,False,,,False,False,no_frozen_plan_snapshot
e64443260bdc11eba7f7acde48001122,2wikimultihop,0,1,False,False,,,False,False,no_frozen_plan_snapshot
e647af1208c011ebbd8aac1f6bf848b6,2wikimultihop,0,1,False,False,,,False,False,no_frozen_plan_snapshot
e64bd34a0bda11eba7f7acde48001122,2wikimultihop,0,1,False,False,,,False,False,no_frozen_plan_snapshot
e65189820baf11ebab90acde48001122,2wikimultihop,0,1,False,False,,,False,False,no_frozen_plan_snapshot
e6606da80baf11ebab90acde48001122,2wikimultihop,0,1,False,False,,,False,False,no_frozen_plan_snapshot
e67c313b08a511ebbd7dac1f6bf848b6,2wikimultihop,0,1,False,False,,,False,False,no_frozen_plan_snapshot
e67cb3e3088411ebbd6dac1f6bf848b6,2wikimultihop,0,1,False,False,,,False,False,no_frozen_plan_snapshot
e67fed800bdd11eba7f7acde48001122,2wikimultihop,0,1,False,False,,,False,False,no_frozen_plan_snapshot
e6838c8d085a11ebbd5cac1f6bf848b6,2wikimultihop,0,1,False,False,,,False,False,no_frozen_plan_snapshot
e69a4b4408d611ebbd99ac1f6bf848b6,2wikimultihop,0,1,False,False,,,False,False,no_frozen_plan_snapshot
e6a4ff4c0bda11eba7f7acde48001122,2wikimultihop,0,1,False,False,,,False,False,no_frozen_plan_snapshot
e6aa2ea60bdd11eba7f7acde48001122,2wikimultihop,3,4,True,True,0,False,True,False,deep_hops_not_shallow
e6af07300bda11eba7f7acde48001122,2wikimultihop,0,1,False,False,,,False,False,no_frozen_plan_snapshot
e6b3f29c0bdd11eba7f7acde48001122,2wikimultihop,0,1,False,False,,,False,False,no_frozen_plan_snapshot
e6be34b00bdc11eba7f7acde48001122,2wikimultihop,2,3,True,True,1,False,True,False,deep_hops_not_shallow
e6de25e40bdd11eba7f7acde48001122,2wikimultihop,0,1,False,False,,,False,False,no_frozen_plan_snapshot
e6e38bc40bdd11eba7f7acde48001122,2wikimultihop,0,1,False,False,,,False,False,no_frozen_plan_snapshot
e700d8be0bdd11eba7f7acde48001122,2wikimultihop,0,1,False,False,,,False,False,no_frozen_plan_snapshot
e710322e089911ebbd77ac1f6bf848b6,2wikimultihop,0,1,False,False,,,False,False,no_frozen_plan_snapshot
e73a5394089211ebbd74ac1f6bf848b6,2wikimultihop,0,1,False,False,,,False,False,no_frozen_plan_snapshot
e76edc34084e11ebbd56ac1f6bf848b6,2wikimultihop,3,4,True,True,3,True,True,False,deep_hops_not_shallow
e774a2a00bae11ebab90acde48001122,2wikimultihop,0,1,False,False,,,False,False,no_frozen_plan_snapshot
e7b1d7340bda11eba7f7acde48001122,2wikimultihop,0,1,False,False,,,False,False,no_frozen_plan_snapshot
e7ca70d00bdc11eba7f7acde48001122,2wikimultihop,0,1,False,False,,,False,False,no_frozen_plan_snapshot
e7d149fa0bdc11eba7f7acde48001122,2wikimultihop,0,1,False,False,,,False,False,no_frozen_plan_snapshot
e7dc72940baf11ebab90acde48001122,2wikimultihop,0,1,False,False,,,False,False,no_frozen_plan_snapshot
e7e127d00baf11ebab90acde48001122,2wikimultihop,0,1,False,False,,,False,False,no_frozen_plan_snapshot
e7ebb87508c811ebbd92ac1f6bf848b6,2wikimultihop,0,1,False,False,,,False,False,no_frozen_plan_snapshot
e7fafa0c08d011ebbd95ac1f6bf848b6,2wikimultihop,0,1,False,False,,,False,False,no_frozen_plan_snapshot
e81fc36c0bd911eba7f7acde48001122,2wikimultihop,2,3,True,True,2,True,True,False,deep_hops_not_shallow
e820bc480bae11ebab90acde48001122,2wikimultihop,0,1,False,False,,,False,False,no_frozen_plan_snapshot
e83437f7086a11ebbd5fac1f6bf848b6,2wikimultihop,0,1,False,False,,,False,False,no_frozen_plan_snapshot
e84c09e00bd911eba7f7acde48001122,2wikimultihop,0,1,False,False,,,False,False,no_frozen_plan_snapshot
e85d87f4095111ebbdaeac1f6bf848b6,2wikimultihop,0,1,False,False,,,False,False,no_frozen_plan_snapshot
e865739708e411ebbda4ac1f6bf848b6,2wikimultihop,0,1,False,False,,,False,False,no_frozen_plan_snapshot
e867c55a087711ebbd67ac1f6bf848b6,2wikimultihop,0,1,False,False,,,False,False,no_frozen_plan_snapshot
e86a03a60bdd11eba7f7acde48001122,2wikimultihop,0,1,False,False,,,False,False,no_frozen_plan_snapshot
e8814a640bda11eba7f7acde48001122,2wikimultihop,0,1,False,False,,,False,False,no_frozen_plan_snapshot
e88629000bdd11eba7f7acde48001122,2wikimultihop,0,1,False,False,,,False,False,no_frozen_plan_snapshot
e89a2c3e0bdd11eba7f7acde48001122,2wikimultihop,0,1,False,False,,,False,False,no_frozen_plan_snapshot
e89c551c0bd911eba7f7acde48001122,2wikimultihop,0,1,False,False,,,False,False,no_frozen_plan_snapshot
e8aad7f8089711ebbd77ac1f6bf848b6,2wikimultihop,3,4,True,True,3,True,True,False,deep_hops_not_shallow
e8ab96900bdd11eba7f7acde48001122,2wikimultihop,0,1,False,False,,,False,False,no_frozen_plan_snapshot
e8b086280bdd11eba7f7acde48001122,2wikimultihop,0,1,False,False,,,False,False,no_frozen_plan_snapshot
e8d37e800bdd11eba7f7acde48001122,2wikimultihop,0,1,False,False,,,False,False,no_frozen_plan_snapshot
e8d6be8c08e311ebbda4ac1f6bf848b6,2wikimultihop,0,1,False,False,,,False,False,no_frozen_plan_snapshot
e902aff708a511ebbd7dac1f6bf848b6,2wikimultihop,0,1,False,False,,,False,False,no_frozen_plan_snapshot
e91b328108aa11ebbd80ac1f6bf848b6,2wikimultihop,0,1,False,False,,,False,False,no_frozen_plan_snapshot
e92f10d20bd911eba7f7acde48001122,2wikimultihop,0,1,False,False,,,False,False,no_frozen_plan_snapshot
e92f53940bd911eba7f7acde48001122,2wikimultihop,0,1,False,False,,,False,False,no_frozen_plan_snapshot
e95af96908e611ebbda5ac1f6bf848b6,2wikimultihop,0,1,False,False,,,False,False,no_frozen_plan_snapshot
e9766740088711ebbd6eac1f6bf848b6,2wikimultihop,3,4,True,True,3,True,True,False,deep_hops_not_shallow
e9784b6c091f11ebbdaeac1f6bf848b6,2wikimultihop,-1,0,False,False,,,False,False,no_frozen_plan_snapshot
e9946c220baf11ebab90acde48001122,2wikimultihop,0,1,False,False,,,False,False,no_frozen_plan_snapshot
e9bb7d96086a11ebbd5fac1f6bf848b6,2wikimultihop,0,1,False,False,,,False,False,no_frozen_plan_snapshot
e9c2a7fa0bdb11eba7f7acde48001122,2wikimultihop,0,1,False,False,,,False,False,no_frozen_plan_snapshot
e9d001360bd911eba7f7acde48001122,2wikimultihop,0,1,False,False,,,False,False,no_frozen_plan_snapshot
e9dbd9780bae11ebab90acde48001122,2wikimultihop,0,1,False,False,,,False,False,no_frozen_plan_snapshot
e9e18ee608d811ebbd9cac1f6bf848b6,2wikimultihop,0,1,False,False,,,False,False,no_frozen_plan_snapshot
e9ef97b708e911ebbda7ac1f6bf848b6,2wikimultihop,0,1,False,False,,,False,False,no_frozen_plan_snapshot
ea031c87090111ebbdadac1f6bf848b6,2wikimultihop,0,1,False,False,,,False,False,no_frozen_plan_snapshot
ea151f3908e011ebbda2ac1f6bf848b6,2wikimultihop,0,1,False,False,,,False,False,no_frozen_plan_snapshot
ea294116094111ebbdaeac1f6bf848b6,2wikimultihop,1,2,False,False,,,False,False,no_frozen_plan_snapshot
ea3c4b2e08ce11ebbd94ac1f6bf848b6,2wikimultihop,0,1,False,False,,,False,False,no_frozen_plan_snapshot
ea4e1a1c08dc11ebbd9dac1f6bf848b6,2wikimultihop,0,1,False,False,,,False,False,no_frozen_plan_snapshot
ea578b51096b11ebbdafac1f6bf848b6,2wikimultihop,0,1,False,False,,,False,False,no_frozen_plan_snapshot
ea6738c60bd911eba7f7acde48001122,2wikimultihop,0,1,False,False,,,False,False,no_frozen_plan_snapshot
ea696896089911ebbd77ac1f6bf848b6,2wikimultihop,-1,0,False,False,,,False,False,no_frozen_plan_snapshot
ea7d22c808b211ebbd85ac1f6bf848b6,2wikimultihop,3,4,True,True,3,True,True,False,deep_hops_not_shallow
ea862fd00baf11ebab90acde48001122,2wikimultihop,1,2,False,False,,,False,False,no_frozen_plan_snapshot
ea8f4d240bda11eba7f7acde48001122,2wikimultihop,0,1,False,False,,,False,False,no_frozen_plan_snapshot
ea902554085711ebbd5aac1f6bf848b6,2wikimultihop,0,1,False,False,,,False,False,no_frozen_plan_snapshot
ea9250b20bdc11eba7f7acde48001122,2wikimultihop,0,1,False,False,,,False,False,no_frozen_plan_snapshot
ea9832140bd911eba7f7acde48001122,2wikimultihop,0,1,False,False,,,False,False,no_frozen_plan_snapshot
eabe923e0bdd11eba7f7acde48001122,2wikimultihop,0,1,False,False,,,False,False,no_frozen_plan_snapshot
eb11aa960bdd11eba7f7acde48001122,2wikimultihop,0,1,False,False,,,False,False,no_frozen_plan_snapshot
eb22870e0baf11ebab90acde48001122,2wikimultihop,0,1,False,False,,,False,False,no_frozen_plan_snapshot
eb26a9e20baf11ebab90acde48001122,2wikimultihop,0,1,False,False,,,False,False,no_frozen_plan_snapshot
eb3fa6d00bdd11eba7f7acde48001122,2wikimultihop,0,1,False,False,,,False,False,no_frozen_plan_snapshot
eb46e4360bdd11eba7f7acde48001122,2wikimultihop,0,1,False,False,,,False,False,no_frozen_plan_snapshot
eb54b8e60baf11ebab90acde48001122,2wikimultihop,0,1,False,False,,,False,False,no_frozen_plan_snapshot
eb5b6a640bdd11eba7f7acde48001122,2wikimultihop,1,2,False,False,,,False,False,no_frozen_plan_snapshot
eb63d1060bae11ebab90acde48001122,2wikimultihop,1,2,False,False,,,False,False,no_frozen_plan_snapshot
eb71840a08bf11ebbd8aac1f6bf848b6,2wikimultihop,0,1,False,False,,,False,False,no_frozen_plan_snapshot
eb7ece320bdd11eba7f7acde48001122,2wikimultihop,0,1,False,False,,,False,False,no_frozen_plan_snapshot
eb806da2089811ebbd77ac1f6bf848b6,2wikimultihop,0,1,False,False,,,False,False,no_frozen_plan_snapshot
ebd650640bae11ebab90acde48001122,2wikimultihop,0,1,False,False,,,False,False,no_frozen_plan_snapshot
ec02e327086c11ebbd61ac1f6bf848b6,2wikimultihop,0,1,False,False,,,False,False,no_frozen_plan_snapshot
ec0867d508e311ebbda4ac1f6bf848b6,2wikimultihop,0,1,False,False,,,False,False,no_frozen_plan_snapshot
ec23401c0bdc11eba7f7acde48001122,2wikimultihop,0,1,False,False,,,False,False,no_frozen_plan_snapshot
ec2b4d29086411ebbd5eac1f6bf848b6,2wikimultihop,0,1,False,False,,,False,False,no_frozen_plan_snapshot
ec9f5b89092d11ebbdaeac1f6bf848b6,2wikimultihop,0,1,False,False,,,False,False,no_frozen_plan_snapshot
ed0256800bdc11eba7f7acde48001122,2wikimultihop,0,1,False,False,,,False,False,no_frozen_plan_snapshot
ed0a255408d011ebbd95ac1f6bf848b6,2wikimultihop,0,1,False,False,,,False,False,no_frozen_plan_snapshot
ed1c878a0baf11ebab90acde48001122,2wikimultihop,0,1,False,False,,,False,False,no_frozen_plan_snapshot
ed92779008c811ebbd92ac1f6bf848b6,2wikimultihop,0,1,False,False,,,False,False,no_frozen_plan_snapshot
edaa049c0bdd11eba7f7acde48001122,2wikimultihop,0,1,False,False,,,False,False,no_frozen_plan_snapshot
edced8f6089c11ebbd78ac1f6bf848b6,2wikimultihop,0,1,False,False,,,False,False,no_frozen_plan_snapshot
eded9bbf08de11ebbd9fac1f6bf848b6,2wikimultihop,0,1,False,False,,,False,False,no_frozen_plan_snapshot
edf1154708de11ebbd9fac1f6bf848b6,2wikimultihop,0,1,False,False,,,False,False,no_frozen_plan_snapshot
ee22132a08c611ebbd91ac1f6bf848b6,2wikimultihop,0,1,False,False,,,False,False,no_frozen_plan_snapshot
ee22980a08a711ebbd7fac1f6bf848b6,2wikimultihop,0,1,False,False,,,False,False,no_frozen_plan_snapshot
ee42bc920bdc11eba7f7acde48001122,2wikimultihop,0,1,False,False,,,False,False,no_frozen_plan_snapshot
ee5ce46a087a11ebbd67ac1f6bf848b6,2wikimultihop,0,1,False,False,,,False,False,no_frozen_plan_snapshot
ee702173086311ebbd5eac1f6bf848b6,2wikimultihop,3,4,True,True,3,True,True,False,deep_hops_not_shallow
ee740c08089011ebbd72ac1f6bf848b6,2wikimultihop,0,1,False,False,,,False,False,no_frozen_plan_snapshot
ee77e24308ca11ebbd92ac1f6bf848b6,2wikimultihop,0,1,False,False,,,False,False,no_frozen_plan_snapshot
ee9346260baf11ebab90acde48001122,2wikimultihop,0,1,False,False,,,False,False,no_frozen_plan_snapshot
ee94ad900baf11ebab90acde48001122,2wikimultihop,0,1,False,False,,,False,False,no_frozen_plan_snapshot
eea5851e088c11ebbd70ac1f6bf848b6,2wikimultihop,3,4,True,True,3,True,True,False,deep_hops_not_shallow
eec1dcfb08b911ebbd88ac1f6bf848b6,2wikimultihop,0,1,False,False,,,False,False,no_frozen_plan_snapshot
eecbf0620bdb11eba7f7acde48001122,2wikimultihop,2,3,True,True,2,True,True,False,deep_hops_not_shallow
eee6c1ba0bdd11eba7f7acde48001122,2wikimultihop,0,1,False,False,,,False,False,no_frozen_plan_snapshot
eeec846e0bd911eba7f7acde48001122,2wikimultihop,0,1,False,False,,,False,False,no_frozen_plan_snapshot
eeef32180bd911eba7f7acde48001122,2wikimultihop,0,1,False,False,,,False,False,no_frozen_plan_snapshot
eef91b8c097311ebbdb0ac1f6bf848b6,2wikimultihop,0,1,False,False,,,False,False,no_frozen_plan_snapshot
ef0b2f6e0bdd11eba7f7acde48001122,2wikimultihop,3,4,True,True,0,False,True,False,deep_hops_not_shallow
ef0cdc2a085d11ebbd5cac1f6bf848b6,2wikimultihop,0,1,False,False,,,False,False,no_frozen_plan_snapshot
ef0e486b08aa11ebbd80ac1f6bf848b6,2wikimultihop,0,1,False,False,,,False,False,no_frozen_plan_snapshot
ef133a9b097f11ebbdb0ac1f6bf848b6,2wikimultihop,0,1,False,False,,,False,False,no_frozen_plan_snapshot
ef22b9d208b211ebbd85ac1f6bf848b6,2wikimultihop,0,1,False,False,,,False,False,no_frozen_plan_snapshot
ef7aac32088511ebbd6dac1f6bf848b6,2wikimultihop,0,1,False,False,,,False,False,no_frozen_plan_snapshot
ef7b692008d911ebbd9cac1f6bf848b6,2wikimultihop,0,1,False,False,,,False,False,no_frozen_plan_snapshot
ef7ba7760bdd11eba7f7acde48001122,2wikimultihop,0,1,False,False,,,False,False,no_frozen_plan_snapshot
efdee68e0bdc11eba7f7acde48001122,2wikimultihop,0,1,False,False,,,False,False,no_frozen_plan_snapshot
efef9258089a11ebbd78ac1f6bf848b6,2wikimultihop,0,1,False,False,,,False,False,no_frozen_plan_snapshot
f014a1e80bdc11eba7f7acde48001122,2wikimultihop,0,1,False,False,,,False,False,no_frozen_plan_snapshot
f01efe220baf11ebab90acde48001122,2wikimultihop,0,1,False,False,,,False,False,no_frozen_plan_snapshot
f02d1c2208b811ebbd88ac1f6bf848b6,2wikimultihop,0,1,False,False,,,False,False,no_frozen_plan_snapshot
f03fb0320bdb11eba7f7acde48001122,2wikimultihop,0,1,False,False,,,False,False,no_frozen_plan_snapshot
f05aae8a094911ebbdaeac1f6bf848b6,2wikimultihop,0,1,False,False,,,False,False,no_frozen_plan_snapshot
f0627cc80bdd11eba7f7acde48001122,2wikimultihop,0,1,False,False,,,False,False,no_frozen_plan_snapshot
f06f3f580bdd11eba7f7acde48001122,2wikimultihop,0,1,False,False,,,False,False,no_frozen_plan_snapshot
f07838cc088311ebbd6dac1f6bf848b6,2wikimultihop,0,1,False,False,,,False,False,no_frozen_plan_snapshot
f08688760bdc11eba7f7acde48001122,2wikimultihop,0,1,False,False,,,False,False,no_frozen_plan_snapshot
f090854008b911ebbd88ac1f6bf848b6,2wikimultihop,0,1,False,False,,,False,False,no_frozen_plan_snapshot
f09b5e4e0bdd11eba7f7acde48001122,2wikimultihop,0,1,False,False,,,False,False,no_frozen_plan_snapshot
f09faf260bdd11eba7f7acde48001122,2wikimultihop,0,1,False,False,,,False,False,no_frozen_plan_snapshot
f0a0282808ce11ebbd94ac1f6bf848b6,2wikimultihop,3,4,True,True,3,True,True,False,deep_hops_not_shallow
f0c2479f08cb11ebbd93ac1f6bf848b6,2wikimultihop,0,1,False,False,,,False,False,no_frozen_plan_snapshot
f0faeb9a0bdb11eba7f7acde48001122,2wikimultihop,0,1,False,False,,,False,False,no_frozen_plan_snapshot
f112c22c0bdd11eba7f7acde48001122,2wikimultihop,0,1,False,False,,,False,False,no_frozen_plan_snapshot
f113f24e08ad11ebbd83ac1f6bf848b6,2wikimultihop,0,1,False,False,,,False,False,no_frozen_plan_snapshot
f12b4dd80bdd11eba7f7acde48001122,2wikimultihop,0,1,False,False,,,False,False,no_frozen_plan_snapshot
f13389ac08c811ebbd92ac1f6bf848b6,2wikimultihop,0,1,False,False,,,False,False,no_frozen_plan_snapshot
f137fe640bda11eba7f7acde48001122,2wikimultihop,2,3,True,True,0,False,True,False,deep_hops_not_shallow
f1416dc00bdd11eba7f7acde48001122,2wikimultihop,0,1,False,False,,,False,False,no_frozen_plan_snapshot
f15dbb580bdb11eba7f7acde48001122,2wikimultihop,0,1,False,False,,,False,False,no_frozen_plan_snapshot
f166d402099611ebbdb0ac1f6bf848b6,2wikimultihop,0,1,False,False,,,False,False,no_frozen_plan_snapshot
f16d98a20bae11ebab90acde48001122,2wikimultihop,0,1,False,False,,,False,False,no_frozen_plan_snapshot
f16f2e820baf11ebab90acde48001122,2wikimultihop,0,1,False,False,,,False,False,no_frozen_plan_snapshot
f18206380baf11ebab90acde48001122,2wikimultihop,0,1,False,False,,,False,False,no_frozen_plan_snapshot
f18d54ec087911ebbd67ac1f6bf848b6,2wikimultihop,0,1,False,False,,,False,False,no_frozen_plan_snapshot
f194d7a40baf11ebab90acde48001122,2wikimultihop,0,1,False,False,,,False,False,no_frozen_plan_snapshot
f1a04d600bdb11eba7f7acde48001122,2wikimultihop,2,3,True,True,2,True,True,False,deep_hops_not_shallow
f1a794f20bdc11eba7f7acde48001122,2wikimultihop,0,1,False,False,,,False,False,no_frozen_plan_snapshot
f1aecdec085f11ebbd5dac1f6bf848b6,2wikimultihop,0,1,False,False,,,False,False,no_frozen_plan_snapshot
f1bb0b420bda11eba7f7acde48001122,2wikimultihop,0,1,False,False,,,False,False,no_frozen_plan_snapshot
f1cc94540bdd11eba7f7acde48001122,2wikimultihop,0,1,False,False,,,False,False,no_frozen_plan_snapshot
f1d023e40bdd11eba7f7acde48001122,2wikimultihop,0,1,False,False,,,False,False,no_frozen_plan_snapshot
f1d5f41e0bdc11eba7f7acde48001122,2wikimultihop,0,1,False,False,,,False,False,no_frozen_plan_snapshot
f1e802100bd911eba7f7acde48001122,2wikimultihop,0,1,False,False,,,False,False,no_frozen_plan_snapshot
f1e8165c0bdd11eba7f7acde48001122,2wikimultihop,0,1,False,False,,,False,False,no_frozen_plan_snapshot
f1ef00340bdd11eba7f7acde48001122,2wikimultihop,0,1,False,False,,,False,False,no_frozen_plan_snapshot
f1f3d447087311ebbd67ac1f6bf848b6,2wikimultihop,0,1,False,False,,,False,False,no_frozen_plan_snapshot
f207afbc092311ebbdaeac1f6bf848b6,2wikimultihop,0,1,False,False,,,False,False,no_frozen_plan_snapshot
f20ae8a80bdd11eba7f7acde48001122,2wikimultihop,0,1,False,False,,,False,False,no_frozen_plan_snapshot
f21ce3f20bae11ebab90acde48001122,2wikimultihop,0,1,False,False,,,False,False,no_frozen_plan_snapshot
f23c75180baf11ebab90acde48001122,2wikimultihop,0,1,False,False,,,False,False,no_frozen_plan_snapshot
f23ede46085f11ebbd5dac1f6bf848b6,2wikimultihop,0,1,False,False,,,False,False,no_frozen_plan_snapshot
f242bd7e0baf11ebab90acde48001122,2wikimultihop,0,1,False,False,,,False,False,no_frozen_plan_snapshot
f25178180bdd11eba7f7acde48001122,2wikimultihop,0,1,False,False,,,False,False,no_frozen_plan_snapshot
f253a3040bdd11eba7f7acde48001122,2wikimultihop,0,1,False,False,,,False,False,no_frozen_plan_snapshot
f284be3e0bd911eba7f7acde48001122,2wikimultihop,0,1,False,False,,,False,False,no_frozen_plan_snapshot
f29c4915088c11ebbd70ac1f6bf848b6,2wikimultihop,0,1,False,False,,,False,False,no_frozen_plan_snapshot
f2c94157088e11ebbd70ac1f6bf848b6,2wikimultihop,0,1,False,False,,,False,False,no_frozen_plan_snapshot
f2d520b00bdc11eba7f7acde48001122,2wikimultihop,0,1,False,False,,,False,False,no_frozen_plan_snapshot
f2d7b38208b911ebbd88ac1f6bf848b6,2wikimultihop,1,2,False,False,,,False,False,no_frozen_plan_snapshot
f2dbc5b4089e11ebbd78ac1f6bf848b6,2wikimultihop,0,1,False,False,,,False,False,no_frozen_plan_snapshot
f31afa16094511ebbdaeac1f6bf848b6,2wikimultihop,0,1,False,False,,,False,False,no_frozen_plan_snapshot
f31d220f08f111ebbdaaac1f6bf848b6,2wikimultihop,3,4,True,True,0,False,True,False,deep_hops_not_shallow
f3221459087411ebbd67ac1f6bf848b6,2wikimultihop,0,1,False,False,,,False,False,no_frozen_plan_snapshot
f32458660bae11ebab90acde48001122,2wikimultihop,0,1,False,False,,,False,False,no_frozen_plan_snapshot
f333552c088a11ebbd6fac1f6bf848b6,2wikimultihop,0,1,False,False,,,False,False,no_frozen_plan_snapshot
f33e95aa0bae11ebab90acde48001122,2wikimultihop,0,1,False,False,,,False,False,no_frozen_plan_snapshot
f35980360bae11ebab90acde48001122,2wikimultihop,0,1,False,False,,,False,False,no_frozen_plan_snapshot
f35cb30a0bae11ebab90acde48001122,2wikimultihop,0,1,False,False,,,False,False,no_frozen_plan_snapshot
f362a2ba0bae11ebab90acde48001122,2wikimultihop,0,1,False,False,,,False,False,no_frozen_plan_snapshot
f36595920bae11ebab90acde48001122,2wikimultihop,0,1,False,False,,,False,False,no_frozen_plan_snapshot
f36de03b086111ebbd5dac1f6bf848b6,2wikimultihop,0,1,False,False,,,False,False,no_frozen_plan_snapshot
f377a0fc089311ebbd75ac1f6bf848b6,2wikimultihop,0,1,False,False,,,False,False,no_frozen_plan_snapshot
f3988f4e0bd911eba7f7acde48001122,2wikimultihop,0,1,False,False,,,False,False,no_frozen_plan_snapshot
f39d7570089811ebbd77ac1f6bf848b6,2wikimultihop,1,2,False,False,,,False,False,no_frozen_plan_snapshot
f3a4ca900baf11ebab90acde48001122,2wikimultihop,1,2,False,False,,,False,False,no_frozen_plan_snapshot
f3bc1623086d11ebbd62ac1f6bf848b6,2wikimultihop,0,1,False,False,,,False,False,no_frozen_plan_snapshot
f3c57d120baf11ebab90acde48001122,2wikimultihop,0,1,False,False,,,False,False,no_frozen_plan_snapshot
f3e74f960bdc11eba7f7acde48001122,2wikimultihop,0,1,False,False,,,False,False,no_frozen_plan_snapshot
f4033b7c091611ebbdaeac1f6bf848b6,2wikimultihop,0,1,False,False,,,False,False,no_frozen_plan_snapshot
f414cc960bdc11eba7f7acde48001122,2wikimultihop,0,1,False,False,,,False,False,no_frozen_plan_snapshot
f418184a08be11ebbd8aac1f6bf848b6,2wikimultihop,0,1,False,False,,,False,False,no_frozen_plan_snapshot
f43809e20bda11eba7f7acde48001122,2wikimultihop,0,1,False,False,,,False,False,no_frozen_plan_snapshot
f44f55400bdd11eba7f7acde48001122,2wikimultihop,0,1,False,False,,,False,False,no_frozen_plan_snapshot
f47416a6085811ebbd5bac1f6bf848b6,2wikimultihop,0,1,False,False,,,False,False,no_frozen_plan_snapshot
f47bff600bdc11eba7f7acde48001122,2wikimultihop,0,1,False,False,,,False,False,no_frozen_plan_snapshot
f481a5960bdc11eba7f7acde48001122,2wikimultihop,0,1,False,False,,,False,False,no_frozen_plan_snapshot
f48667b80bda11eba7f7acde48001122,2wikimultihop,0,1,False,False,,,False,False,no_frozen_plan_snapshot
f48a4ace0bdd11eba7f7acde48001122,2wikimultihop,0,1,False,False,,,False,False,no_frozen_plan_snapshot
f49aa5d5087b11ebbd69ac1f6bf848b6,2wikimultihop,0,1,False,False,,,False,False,no_frozen_plan_snapshot
f4a52e17085e11ebbd5cac1f6bf848b6,2wikimultihop,3,4,True,True,3,True,True,False,deep_hops_not_shallow
f4a616ac0bae11ebab90acde48001122,2wikimultihop,0,1,False,False,,,False,False,no_frozen_plan_snapshot
f4bb10e808bb11ebbd88ac1f6bf848b6,2wikimultihop,0,1,False,False,,,False,False,no_frozen_plan_snapshot
f4c8fc73088d11ebbd70ac1f6bf848b6,2wikimultihop,1,2,False,False,,,False,False,no_frozen_plan_snapshot
f4c977620bdd11eba7f7acde48001122,2wikimultihop,0,1,False,False,,,False,False,no_frozen_plan_snapshot
f4d06fc9088011ebbd6dac1f6bf848b6,2wikimultihop,0,1,False,False,,,False,False,no_frozen_plan_snapshot
f4d37ea60bdd11eba7f7acde48001122,2wikimultihop,0,1,False,False,,,False,False,no_frozen_plan_snapshot
f4e4e862089011ebbd72ac1f6bf848b6,2wikimultihop,0,1,False,False,,,False,False,no_frozen_plan_snapshot
f4ef90280bdd11eba7f7acde48001122,2wikimultihop,1,2,False,False,,,False,False,no_frozen_plan_snapshot
f50f95d60bdc11eba7f7acde48001122,2wikimultihop,0,1,False,False,,,False,False,no_frozen_plan_snapshot
f51799420bdd11eba7f7acde48001122,2wikimultihop,0,1,False,False,,,False,False,no_frozen_plan_snapshot
f550bd66089b11ebbd78ac1f6bf848b6,2wikimultihop,0,1,False,False,,,False,False,no_frozen_plan_snapshot
f55724d60bdd11eba7f7acde48001122,2wikimultihop,0,1,False,False,,,False,False,no_frozen_plan_snapshot
f5855305089211ebbd74ac1f6bf848b6,2wikimultihop,0,1,False,False,,,False,False,no_frozen_plan_snapshot
f598ba6e0baf11ebab90acde48001122,2wikimultihop,0,1,False,False,,,False,False,no_frozen_plan_snapshot
f59c56560baf11ebab90acde48001122,2wikimultihop,0,1,False,False,,,False,False,no_frozen_plan_snapshot
f5aba0260bdb11eba7f7acde48001122,2wikimultihop,0,1,False,False,,,False,False,no_frozen_plan_snapshot
f5acf6e8088311ebbd6dac1f6bf848b6,2wikimultihop,3,4,True,True,3,True,True,False,deep_hops_not_shallow
f5b8d1ca095511ebbdaeac1f6bf848b6,2wikimultihop,0,1,False,False,,,False,False,no_frozen_plan_snapshot
f5c289da08b111ebbd85ac1f6bf848b6,2wikimultihop,0,1,False,False,,,False,False,no_frozen_plan_snapshot
f5d59f7e0bdc11eba7f7acde48001122,2wikimultihop,0,1,False,False,,,False,False,no_frozen_plan_snapshot
f5e3b9ca0bdb11eba7f7acde48001122,2wikimultihop,0,1,False,False,,,False,False,no_frozen_plan_snapshot
f5f37e4e0bdd11eba7f7acde48001122,2wikimultihop,0,1,False,False,,,False,False,no_frozen_plan_snapshot
f60858c308fa11ebbdacac1f6bf848b6,2wikimultihop,0,1,False,False,,,False,False,no_frozen_plan_snapshot
f625c1ba0bdd11eba7f7acde48001122,2wikimultihop,0,1,False,False,,,False,False,no_frozen_plan_snapshot
f64359840bae11ebab90acde48001122,2wikimultihop,0,1,False,False,,,False,False,no_frozen_plan_snapshot
f643bee20bae11ebab90acde48001122,2wikimultihop,0,1,False,False,,,False,False,no_frozen_plan_snapshot
f643f9180bd911eba7f7acde48001122,2wikimultihop,0,1,False,False,,,False,False,no_frozen_plan_snapshot
f64be57a0bdd11eba7f7acde48001122,2wikimultihop,0,1,False,False,,,False,False,no_frozen_plan_snapshot
f66993ce0bae11ebab90acde48001122,2wikimultihop,0,1,False,False,,,False,False,no_frozen_plan_snapshot
f66c25620bae11ebab90acde48001122,2wikimultihop,0,1,False,False,,,False,False,no_frozen_plan_snapshot
f6731dd308ab11ebbd82ac1f6bf848b6,2wikimultihop,0,1,False,False,,,False,False,no_frozen_plan_snapshot
f673fcb80bdd11eba7f7acde48001122,2wikimultihop,0,1,False,False,,,False,False,no_frozen_plan_snapshot
f68b59ac0bd911eba7f7acde48001122,2wikimultihop,2,3,True,True,2,True,True,False,deep_hops_not_shallow
f6b058440bdc11eba7f7acde48001122,2wikimultihop,0,1,False,False,,,False,False,no_frozen_plan_snapshot
f6da8ece0bdd11eba7f7acde48001122,2wikimultihop,0,1,False,False,,,False,False,no_frozen_plan_snapshot
f6dce6440bae11ebab90acde48001122,2wikimultihop,0,1,False,False,,,False,False,no_frozen_plan_snapshot
f6e0ce060bdd11eba7f7acde48001122,2wikimultihop,0,1,False,False,,,False,False,no_frozen_plan_snapshot
f6e119300bae11ebab90acde48001122,2wikimultihop,0,1,False,False,,,False,False,no_frozen_plan_snapshot
f6e1f154094c11ebbdaeac1f6bf848b6,2wikimultihop,1,2,False,False,,,False,False,no_frozen_plan_snapshot
f6e8ecc80bae11ebab90acde48001122,2wikimultihop,0,1,False,False,,,False,False,no_frozen_plan_snapshot
f6e996f00bae11ebab90acde48001122,2wikimultihop,0,1,False,False,,,False,False,no_frozen_plan_snapshot
f6ef339508de11ebbd9fac1f6bf848b6,2wikimultihop,0,1,False,False,,,False,False,no_frozen_plan_snapshot
f6f9fbdc0bd911eba7f7acde48001122,2wikimultihop,0,1,False,False,,,False,False,no_frozen_plan_snapshot
f73a80a80bd911eba7f7acde48001122,2wikimultihop,0,1,False,False,,,False,False,no_frozen_plan_snapshot
f77e7afa0bda11eba7f7acde48001122,2wikimultihop,0,1,False,False,,,False,False,no_frozen_plan_snapshot
f77f95da0bd911eba7f7acde48001122,2wikimultihop,0,1,False,False,,,False,False,no_frozen_plan_snapshot
f78040ad086911ebbd5fac1f6bf848b6,2wikimultihop,0,1,False,False,,,False,False,no_frozen_plan_snapshot
f78c20920bda11eba7f7acde48001122,2wikimultihop,0,1,False,False,,,False,False,no_frozen_plan_snapshot
f7a6322e08c511ebbd8fac1f6bf848b6,2wikimultihop,0,1,False,False,,,False,False,no_frozen_plan_snapshot
f7aa41be0bdd11eba7f7acde48001122,2wikimultihop,0,1,False,False,,,False,False,no_frozen_plan_snapshot
f7b1002b099a11ebbdb0ac1f6bf848b6,2wikimultihop,0,1,False,False,,,False,False,no_frozen_plan_snapshot
f7b41d560bdd11eba7f7acde48001122,2wikimultihop,0,1,False,False,,,False,False,no_frozen_plan_snapshot
f7c153ce092e11ebbdaeac1f6bf848b6,2wikimultihop,0,1,False,False,,,False,False,no_frozen_plan_snapshot
f7c2a5380bdd11eba7f7acde48001122,2wikimultihop,0,1,False,False,,,False,False,no_frozen_plan_snapshot
f7ddb2ce0bdd11eba7f7acde48001122,2wikimultihop,0,1,False,False,,,False,False,no_frozen_plan_snapshot
f835afce0bdd11eba7f7acde48001122,2wikimultihop,0,1,False,False,,,False,False,no_frozen_plan_snapshot
f858586108e711ebbda6ac1f6bf848b6,2wikimultihop,0,1,False,False,,,False,False,no_frozen_plan_snapshot
f86dd5180bdb11eba7f7acde48001122,2wikimultihop,3,4,True,True,3,True,True,False,deep_hops_not_shallow
f875fb3a08c011ebbd8aac1f6bf848b6,2wikimultihop,0,1,False,False,,,False,False,no_frozen_plan_snapshot
f889c6fe084f11ebbd56ac1f6bf848b6,2wikimultihop,3,4,True,True,3,True,True,False,deep_hops_not_shallow
f88dcc88088611ebbd6dac1f6bf848b6,2wikimultihop,0,1,False,False,,,False,False,no_frozen_plan_snapshot
f8aa0d06086311ebbd5eac1f6bf848b6,2wikimultihop,0,1,False,False,,,False,False,no_frozen_plan_snapshot
f8b4545a08a111ebbd7aac1f6bf848b6,2wikimultihop,0,1,False,False,,,False,False,no_frozen_plan_snapshot
f92dceb2084b11ebbd56ac1f6bf848b6,2wikimultihop,-1,0,False,False,,,False,False,no_frozen_plan_snapshot
f944a6ed086b11ebbd60ac1f6bf848b6,2wikimultihop,0,1,False,False,,,False,False,no_frozen_plan_snapshot
f94ac2a60bdc11eba7f7acde48001122,2wikimultihop,0,1,False,False,,,False,False,no_frozen_plan_snapshot
f96dfaba0bae11ebab90acde48001122,2wikimultihop,0,1,False,False,,,False,False,no_frozen_plan_snapshot
f976fbce0bae11ebab90acde48001122,2wikimultihop,0,1,False,False,,,False,False,no_frozen_plan_snapshot
f97bacb20bdd11eba7f7acde48001122,2wikimultihop,0,1,False,False,,,False,False,no_frozen_plan_snapshot
f97e734c087011ebbd63ac1f6bf848b6,2wikimultihop,0,1,False,False,,,False,False,no_frozen_plan_snapshot
f99c20140bdd11eba7f7acde48001122,2wikimultihop,0,1,False,False,,,False,False,no_frozen_plan_snapshot
f9a5adb40bdd11eba7f7acde48001122,2wikimultihop,0,1,False,False,,,False,False,no_frozen_plan_snapshot
f9b5c851087411ebbd67ac1f6bf848b6,2wikimultihop,0,1,False,False,,,False,False,no_frozen_plan_snapshot
f9d357ea0bd911eba7f7acde48001122,2wikimultihop,0,1,False,False,,,False,False,no_frozen_plan_snapshot
f9d3a86e0baf11ebab90acde48001122,2wikimultihop,0,1,False,False,,,False,False,no_frozen_plan_snapshot
f9e9d784084d11ebbd56ac1f6bf848b6,2wikimultihop,0,1,False,False,,,False,False,no_frozen_plan_snapshot
fa37df1508d511ebbd98ac1f6bf848b6,2wikimultihop,0,1,False,False,,,False,False,no_frozen_plan_snapshot
fa3a16800baf11ebab90acde48001122,2wikimultihop,0,1,False,False,,,False,False,no_frozen_plan_snapshot
fa3dab600baf11ebab90acde48001122,2wikimultihop,1,2,False,False,,,False,False,no_frozen_plan_snapshot
fa3e9b640bdd11eba7f7acde48001122,2wikimultihop,0,1,False,False,,,False,False,no_frozen_plan_snapshot
fa51547308a211ebbd7bac1f6bf848b6,2wikimultihop,0,1,False,False,,,False,False,no_frozen_plan_snapshot
faa9cb0b087711ebbd67ac1f6bf848b6,2wikimultihop,0,1,False,False,,,False,False,no_frozen_plan_snapshot
fae3ba340bda11eba7f7acde48001122,2wikimultihop,0,1,False,False,,,False,False,no_frozen_plan_snapshot
fb0113b208c511ebbd8fac1f6bf848b6,2wikimultihop,0,1,False,False,,,False,False,no_frozen_plan_snapshot
fb04000c0bdd11eba7f7acde48001122,2wikimultihop,0,1,False,False,,,False,False,no_frozen_plan_snapshot
fb25645c0bda11eba7f7acde48001122,2wikimultihop,0,1,False,False,,,False,False,no_frozen_plan_snapshot
fb2a16bc0bdc11eba7f7acde48001122,2wikimultihop,0,1,False,False,,,False,False,no_frozen_plan_snapshot
fb37a7ac097511ebbdb0ac1f6bf848b6,2wikimultihop,3,4,True,True,3,True,True,False,deep_hops_not_shallow
fb3a91ee08db11ebbd9cac1f6bf848b6,2wikimultihop,0,1,False,False,,,False,False,no_frozen_plan_snapshot
fb4d4eee088e11ebbd70ac1f6bf848b6,2wikimultihop,-1,0,False,False,,,False,False,no_frozen_plan_snapshot
fb7d590a0bda11eba7f7acde48001122,2wikimultihop,0,1,False,False,,,False,False,no_frozen_plan_snapshot
fb879dde091911ebbdaeac1f6bf848b6,2wikimultihop,0,1,False,False,,,False,False,no_frozen_plan_snapshot
fb971ec60bda11eba7f7acde48001122,2wikimultihop,0,1,False,False,,,False,False,no_frozen_plan_snapshot
fb9d9ba40bdd11eba7f7acde48001122,2wikimultihop,0,1,False,False,,,False,False,no_frozen_plan_snapshot
fba6f8f20bdd11eba7f7acde48001122,2wikimultihop,0,1,False,False,,,False,False,no_frozen_plan_snapshot
fbae3262089411ebbd75ac1f6bf848b6,2wikimultihop,3,4,True,True,3,True,True,False,deep_hops_not_shallow
fbbf3bb20bae11ebab90acde48001122,2wikimultihop,0,1,False,False,,,False,False,no_frozen_plan_snapshot
fbc352ec0bae11ebab90acde48001122,2wikimultihop,0,1,False,False,,,False,False,no_frozen_plan_snapshot
fbc58c3a085511ebbd59ac1f6bf848b6,2wikimultihop,0,1,False,False,,,False,False,no_frozen_plan_snapshot
fbc61bf40bda11eba7f7acde48001122,2wikimultihop,0,1,False,False,,,False,False,no_frozen_plan_snapshot
fbd86f2a0bda11eba7f7acde48001122,2wikimultihop,0,1,False,False,,,False,False,no_frozen_plan_snapshot
fbefb618093b11ebbdaeac1f6bf848b6,2wikimultihop,-1,0,False,False,,,False,False,no_frozen_plan_snapshot
fbf0343d088a11ebbd6fac1f6bf848b6,2wikimultihop,1,2,False,False,,,False,False,no_frozen_plan_snapshot
fc0370920baf11ebab90acde48001122,2wikimultihop,0,1,False,False,,,False,False,no_frozen_plan_snapshot
fc06b4f00baf11ebab90acde48001122,2wikimultihop,0,1,False,False,,,False,False,no_frozen_plan_snapshot
fc28c2e80bdc11eba7f7acde48001122,2wikimultihop,0,1,False,False,,,False,False,no_frozen_plan_snapshot
fc3eadb408cc11ebbd93ac1f6bf848b6,2wikimultihop,0,1,False,False,,,False,False,no_frozen_plan_snapshot
fc50265e0bae11ebab90acde48001122,2wikimultihop,0,1,False,False,,,False,False,no_frozen_plan_snapshot
fc6058660bdc11eba7f7acde48001122,2wikimultihop,0,1,False,False,,,False,False,no_frozen_plan_snapshot
fc6760640bd911eba7f7acde48001122,2wikimultihop,0,1,False,False,,,False,False,no_frozen_plan_snapshot
fc871c0e0bdb11eba7f7acde48001122,2wikimultihop,0,1,False,False,,,False,False,no_frozen_plan_snapshot
fc9b8ec00bd911eba7f7acde48001122,2wikimultihop,0,1,False,False,,,False,False,no_frozen_plan_snapshot
fc9d859008a011ebbd78ac1f6bf848b6,2wikimultihop,0,1,False,False,,,False,False,no_frozen_plan_snapshot
fcbaf2dc08ba11ebbd88ac1f6bf848b6,2wikimultihop,0,1,False,False,,,False,False,no_frozen_plan_snapshot
fcc0d63a08b411ebbd88ac1f6bf848b6,2wikimultihop,1,2,False,False,,,False,False,no_frozen_plan_snapshot
fcd1f6ba0baf11ebab90acde48001122,2wikimultihop,0,1,False,False,,,False,False,no_frozen_plan_snapshot
fcefb6a00bdc11eba7f7acde48001122,2wikimultihop,0,1,False,False,,,False,False,no_frozen_plan_snapshot
fcfd52380bdc11eba7f7acde48001122,2wikimultihop,0,1,False,False,,,False,False,no_frozen_plan_snapshot
fd0b3fca0bdb11eba7f7acde48001122,2wikimultihop,0,1,False,False,,,False,False,no_frozen_plan_snapshot
fd19f801086411ebbd5eac1f6bf848b6,2wikimultihop,3,4,True,True,3,True,True,False,deep_hops_not_shallow
fd3b2cea0bda11eba7f7acde48001122,2wikimultihop,0,1,False,False,,,False,False,no_frozen_plan_snapshot
fd4068cf08b811ebbd88ac1f6bf848b6,2wikimultihop,0,1,False,False,,,False,False,no_frozen_plan_snapshot
fd56936708a811ebbd7fac1f6bf848b6,2wikimultihop,0,1,False,False,,,False,False,no_frozen_plan_snapshot
fd5a8ea0086711ebbd5eac1f6bf848b6,2wikimultihop,0,1,False,False,,,False,False,no_frozen_plan_snapshot
fd5fb6bc0bdc11eba7f7acde48001122,2wikimultihop,0,1,False,False,,,False,False,no_frozen_plan_snapshot
fd5fdabc086111ebbd5dac1f6bf848b6,2wikimultihop,0,1,False,False,,,False,False,no_frozen_plan_snapshot
fd8d6eaa0bdb11eba7f7acde48001122,2wikimultihop,0,1,False,False,,,False,False,no_frozen_plan_snapshot
fd9660300bdd11eba7f7acde48001122,2wikimultihop,0,1,False,False,,,False,False,no_frozen_plan_snapshot
fd9a8e0608c411ebbd8eac1f6bf848b6,2wikimultihop,3,4,True,True,3,True,True,False,deep_hops_not_shallow
fd9bef60095711ebbdaeac1f6bf848b6,2wikimultihop,0,1,False,False,,,False,False,no_frozen_plan_snapshot
fdb4a0f7086611ebbd5eac1f6bf848b6,2wikimultihop,0,1,False,False,,,False,False,no_frozen_plan_snapshot
fdbc20e00bdd11eba7f7acde48001122,2wikimultihop,0,1,False,False,,,False,False,no_frozen_plan_snapshot
fdc90af60bda11eba7f7acde48001122,2wikimultihop,0,1,False,False,,,False,False,no_frozen_plan_snapshot
fdccfa1a088011ebbd6dac1f6bf848b6,2wikimultihop,0,1,False,False,,,False,False,no_frozen_plan_snapshot
fde6ecd60bdc11eba7f7acde48001122,2wikimultihop,0,1,False,False,,,False,False,no_frozen_plan_snapshot
fde98cf308a311ebbd7cac1f6bf848b6,2wikimultihop,0,1,False,False,,,False,False,no_frozen_plan_snapshot
fe1ac99c0bdd11eba7f7acde48001122,2wikimultihop,0,1,False,False,,,False,False,no_frozen_plan_snapshot
fe38def208b111ebbd85ac1f6bf848b6,2wikimultihop,0,1,False,False,,,False,False,no_frozen_plan_snapshot
fe41a8aa0bdd11eba7f7acde48001122,2wikimultihop,0,1,False,False,,,False,False,no_frozen_plan_snapshot
fe5899c708e911ebbda7ac1f6bf848b6,2wikimultihop,2,3,True,True,2,True,True,False,deep_hops_not_shallow
fe6b99fe08d011ebbd95ac1f6bf848b6,2wikimultihop,0,1,False,False,,,False,False,no_frozen_plan_snapshot
fe73168b08e311ebbda4ac1f6bf848b6,2wikimultihop,0,1,False,False,,,False,False,no_frozen_plan_snapshot
fea547400bdb11eba7f7acde48001122,2wikimultihop,0,1,False,False,,,False,False,no_frozen_plan_snapshot
feb429180bae11ebab90acde48001122,2wikimultihop,0,1,False,False,,,False,False,no_frozen_plan_snapshot
fec1cc4a087911ebbd67ac1f6bf848b6,2wikimultihop,3,4,True,True,3,True,True,False,deep_hops_not_shallow
fec25d0c0bdc11eba7f7acde48001122,2wikimultihop,0,1,False,False,,,False,False,no_frozen_plan_snapshot
fef3cf7a089611ebbd76ac1f6bf848b6,2wikimultihop,0,1,False,False,,,False,False,no_frozen_plan_snapshot
ff243e0708e811ebbda7ac1f6bf848b6,2wikimultihop,0,1,False,False,,,False,False,no_frozen_plan_snapshot
ff301fb60bd911eba7f7acde48001122,2wikimultihop,0,1,False,False,,,False,False,no_frozen_plan_snapshot
ff49c1fe0bda11eba7f7acde48001122,2wikimultihop,0,1,False,False,,,False,False,no_frozen_plan_snapshot
ff8d920c08b611ebbd88ac1f6bf848b6,2wikimultihop,0,1,False,False,,,False,False,no_frozen_plan_snapshot
ff9aaaf708c411ebbd8eac1f6bf848b6,2wikimultihop,0,1,False,False,,,False,False,no_frozen_plan_snapshot
ffadb950086c11ebbd61ac1f6bf848b6,2wikimultihop,0,1,False,False,,,False,False,no_frozen_plan_snapshot
ffc7b33c08c611ebbd91ac1f6bf848b6,2wikimultihop,0,1,False,False,,,False,False,no_frozen_plan_snapshot
ffc7bfaa0bda11eba7f7acde48001122,2wikimultihop,0,1,False,False,,,False,False,no_frozen_plan_snapshot
ffc9a84108da11ebbd9cac1f6bf848b6,2wikimultihop,0,1,False,False,,,False,False,no_frozen_plan_snapshot
ffeee7fa0bae11ebab90acde48001122,2wikimultihop,0,1,False,False,,,False,False,no_frozen_plan_snapshot
5a70f0e75542994082a3e408,hotpotqa,0,1,False,False,,,False,False,no_frozen_plan_snapshot
5a70f39c5542994082a3e429,hotpotqa,1,2,False,False,,,False,False,no_frozen_plan_snapshot
5a70ff335542994082a3e49c,hotpotqa,0,1,False,False,,,False,False,no_frozen_plan_snapshot
5a710a915542994082a3e504,hotpotqa,0,1,False,False,,,False,False,no_frozen_plan_snapshot
5a710bb15542994082a3e50d,hotpotqa,0,1,False,False,,,False,False,no_frozen_plan_snapshot
5a7115475542994082a3e56d,hotpotqa,0,1,False,False,,,False,False,no_frozen_plan_snapshot
5a71166d5542994082a3e576,hotpotqa,0,1,False,False,,,False,False,no_frozen_plan_snapshot
5a7119f75542994082a3e58e,hotpotqa,0,1,False,False,,,False,False,no_frozen_plan_snapshot
5a711ef85542994082a3e5ac,hotpotqa,0,1,False,False,,,False,False,no_frozen_plan_snapshot
5a71231a5542994082a3e5c4,hotpotqa,0,1,False,False,,,False,False,no_frozen_plan_snapshot
5a7125b95542994082a3e5d5,hotpotqa,0,1,False,False,,,False,False,no_frozen_plan_snapshot
5a7129685542994082a3e5fa,hotpotqa,0,1,False,False,,,False,False,no_frozen_plan_snapshot
5a712beb5542994082a3e61c,hotpotqa,0,1,False,False,,,False,False,no_frozen_plan_snapshot
5a713a5a5542994082a3e6a9,hotpotqa,0,1,False,False,,,False,False,no_frozen_plan_snapshot
5a71446b5542994082a3e72a,hotpotqa,0,1,False,False,,,False,False,no_frozen_plan_snapshot
5a7147fd5542994082a3e758,hotpotqa,1,2,False,False,,,False,False,no_frozen_plan_snapshot
5a7148005542994082a3e759,hotpotqa,1,2,False,False,,,False,False,no_frozen_plan_snapshot
5a7149cf5542994082a3e773,hotpotqa,0,1,False,False,,,False,False,no_frozen_plan_snapshot
5a714bb35542994082a3e78f,hotpotqa,0,1,False,False,,,False,False,no_frozen_plan_snapshot
5a714f6f5542994082a3e7b3,hotpotqa,0,1,False,False,,,False,False,no_frozen_plan_snapshot
5a7153d05542994082a3e7dc,hotpotqa,1,2,False,False,,,False,False,no_frozen_plan_snapshot
5a71646e5542994082a3e80e,hotpotqa,1,2,False,False,,,False,False,no_frozen_plan_snapshot
5a716a9b5542994082a3e821,hotpotqa,1,2,False,False,,,False,False,no_frozen_plan_snapshot
5a716c415542994082a3e827,hotpotqa,0,1,False,False,,,False,False,no_frozen_plan_snapshot
5a716f575542994082a3e82f,hotpotqa,0,1,False,False,,,False,False,no_frozen_plan_snapshot
5a717d4c5542994082a3e854,hotpotqa,0,1,False,False,,,False,False,no_frozen_plan_snapshot
5a7184675542994082a3e864,hotpotqa,1,2,False,False,,,False,False,no_frozen_plan_snapshot
5a7195a05542994082a3e881,hotpotqa,1,2,False,False,,,False,False,no_frozen_plan_snapshot
5a7217f255429971e9dc9260,hotpotqa,0,1,False,False,,,False,False,no_frozen_plan_snapshot
5a721a7655429971e9dc9271,hotpotqa,1,2,False,False,,,False,False,no_frozen_plan_snapshot
5a721b9055429971e9dc9277,hotpotqa,0,1,False,False,,,False,False,no_frozen_plan_snapshot
5a721e0e55429971e9dc928d,hotpotqa,1,2,False,False,,,False,False,no_frozen_plan_snapshot
5a7222b155429971e9dc92c4,hotpotqa,0,1,False,False,,,False,False,no_frozen_plan_snapshot
5a72239a55429971e9dc92cf,hotpotqa,1,2,False,False,,,False,False,no_frozen_plan_snapshot
5a722b8655429971e9dc9329,hotpotqa,0,1,False,False,,,False,False,no_frozen_plan_snapshot
5a722fae55429971e9dc9343,hotpotqa,1,2,False,False,,,False,False,no_frozen_plan_snapshot
5a724ba25542990c210a40c7,hotpotqa,2,3,True,True,0,False,True,False,deep_hops_not_shallow
5a724dc25542990c210a40df,hotpotqa,0,1,False,False,,,False,False,no_frozen_plan_snapshot
5a72644b5542997f8278399a,hotpotqa,0,1,False,False,,,False,False,no_frozen_plan_snapshot
5a7264ed5542990c210a411a,hotpotqa,0,1,False,False,,,False,False,no_frozen_plan_snapshot
5a7265a95542992359bc307a,hotpotqa,0,1,False,False,,,False,False,no_frozen_plan_snapshot
5a726ba35542997f827839c0,hotpotqa,0,1,False,False,,,False,False,no_frozen_plan_snapshot
5a727ca45542994cef4bc2d8,hotpotqa,0,1,False,False,,,False,False,no_frozen_plan_snapshot
5a72830e5542994cef4bc2f9,hotpotqa,0,1,False,False,,,False,False,no_frozen_plan_snapshot
5a7283365542991f9a20c4b2,hotpotqa,0,1,False,False,,,False,False,no_frozen_plan_snapshot
5a728f015542991f9a20c4e4,hotpotqa,0,1,False,False,,,False,False,no_frozen_plan_snapshot
5a728fbd5542992359bc30f8,hotpotqa,0,1,False,False,,,False,False,no_frozen_plan_snapshot
5a72908f5542994cef4bc33b,hotpotqa,1,2,False,False,,,False,False,no_frozen_plan_snapshot
5a7291c35542991f9a20c4f4,hotpotqa,0,1,False,False,,,False,False,no_frozen_plan_snapshot
5a7292385542994cef4bc342,hotpotqa,0,1,False,False,,,False,False,no_frozen_plan_snapshot
5a72953b5542994cef4bc357,hotpotqa,1,2,False,False,,,False,False,no_frozen_plan_snapshot
5a7296815542991f9a20c515,hotpotqa,0,1,False,False,,,False,False,no_frozen_plan_snapshot
5a7299e75542991f9a20c524,hotpotqa,0,1,False,False,,,False,False,no_frozen_plan_snapshot
5a729cc25542991f9a20c532,hotpotqa,0,1,False,False,,,False,False,no_frozen_plan_snapshot
5a72a2935542991f9a20c546,hotpotqa,1,2,False,False,,,False,False,no_frozen_plan_snapshot
5a72a9ac5542991f9a20c55f,hotpotqa,0,1,False,False,,,False,False,no_frozen_plan_snapshot
5a72b8de5542994cef4bc3df,hotpotqa,1,2,False,False,,,False,False,no_frozen_plan_snapshot
5a72bb045542994cef4bc3e4,hotpotqa,1,2,False,False,,,False,False,no_frozen_plan_snapshot
5a72c6f65542994cef4bc402,hotpotqa,0,1,False,False,,,False,False,no_frozen_plan_snapshot
5a72df8d5542992359bc31b4,hotpotqa,1,2,False,False,,,False,False,no_frozen_plan_snapshot
5a72e28f5542992359bc31ba,hotpotqa,0,1,False,False,,,False,False,no_frozen_plan_snapshot
5a72f0e25542991f9a20c5cf,hotpotqa,0,1,False,False,,,False,False,no_frozen_plan_snapshot
5a73073d55429901807daf69,hotpotqa,1,2,False,False,,,False,False,no_frozen_plan_snapshot
5a73090455429901807daf6e,hotpotqa,0,1,False,False,,,False,False,no_frozen_plan_snapshot
5a7309a15542992359bc320c,hotpotqa,1,2,False,False,,,False,False,no_frozen_plan_snapshot
5a7322165542994cef4bc470,hotpotqa,0,1,False,False,,,False,False,no_frozen_plan_snapshot
5a73235c5542994cef4bc475,hotpotqa,1,2,False,False,,,False,False,no_frozen_plan_snapshot
5a7323ad5542994cef4bc476,hotpotqa,1,2,False,False,,,False,False,no_frozen_plan_snapshot
5a7324e055429901807daf8f,hotpotqa,0,1,False,False,,,False,False,no_frozen_plan_snapshot
5a7326cb5542994cef4bc47f,hotpotqa,0,1,False,False,,,False,False,no_frozen_plan_snapshot
5a7327265542994cef4bc480,hotpotqa,0,1,False,False,,,False,False,no_frozen_plan_snapshot
5a7331705542991f9a20c67a,hotpotqa,0,1,False,False,,,False,False,no_frozen_plan_snapshot
5a7331de5542994cef4bc4a8,hotpotqa,0,1,False,False,,,False,False,no_frozen_plan_snapshot
5a7336bd5542991f9a20c68c,hotpotqa,0,1,False,False,,,False,False,no_frozen_plan_snapshot
5a734bb65542994cef4bc50f,hotpotqa,0,1,False,False,,,False,False,no_frozen_plan_snapshot
5a734dad5542994cef4bc522,hotpotqa,0,1,False,False,,,False,False,no_frozen_plan_snapshot
5a7351785542994cef4bc539,hotpotqa,0,1,False,False,,,False,False,no_frozen_plan_snapshot
5a73520c5542994cef4bc53f,hotpotqa,0,1,False,False,,,False,False,no_frozen_plan_snapshot
5a7353b35542994cef4bc54f,hotpotqa,0,1,False,False,,,False,False,no_frozen_plan_snapshot
5a7360235542991f29ee2dc7,hotpotqa,1,2,False,False,,,False,False,no_frozen_plan_snapshot
5a73626b55429901807db01e,hotpotqa,0,1,False,False,,,False,False,no_frozen_plan_snapshot
5a7363ec5542991f29ee2dd7,hotpotqa,0,1,False,False,,,False,False,no_frozen_plan_snapshot
5a7365b155429901807db02a,hotpotqa,0,1,False,False,,,False,False,no_frozen_plan_snapshot
5a73672b5542991f29ee2de7,hotpotqa,0,1,False,False,,,False,False,no_frozen_plan_snapshot
5a736e0155429901807db04f,hotpotqa,0,1,False,False,,,False,False,no_frozen_plan_snapshot
5a736f7c5542991f29ee2e18,hotpotqa,0,1,False,False,,,False,False,no_frozen_plan_snapshot
5a737d3c55429908901be2c8,hotpotqa,0,1,False,False,,,False,False,no_frozen_plan_snapshot
5a737dc455429908901be2c9,hotpotqa,0,1,False,False,,,False,False,no_frozen_plan_snapshot
5a737ef85542992d56e7e336,hotpotqa,0,1,False,False,,,False,False,no_frozen_plan_snapshot
5a737fff554299623ed4abb9,hotpotqa,1,2,False,False,,,False,False,no_frozen_plan_snapshot
5a738093554299623ed4abbb,hotpotqa,0,1,False,False,,,False,False,no_frozen_plan_snapshot
5a7380b955429908901be2d4,hotpotqa,0,1,False,False,,,False,False,no_frozen_plan_snapshot
5a738a5955429908901be2f6,hotpotqa,0,1,False,False,,,False,False,no_frozen_plan_snapshot
5a738d27554299623ed4abf3,hotpotqa,3,4,True,True,3,True,True,False,deep_hops_not_shallow
5a73987c55429978a71e9039,hotpotqa,0,1,False,False,,,False,False,no_frozen_plan_snapshot
5a739d8755429978a71e9048,hotpotqa,2,3,True,True,2,True,True,False,deep_hops_not_shallow
5a739ef955429978a71e904b,hotpotqa,0,1,False,False,,,False,False,no_frozen_plan_snapshot
5a73b2cb55429908901be31a,hotpotqa,0,1,False,False,,,False,False,no_frozen_plan_snapshot
5a73d951554299623ed4ac77,hotpotqa,0,1,False,False,,,False,False,no_frozen_plan_snapshot
5a7414d855429929fddd83db,hotpotqa,0,1,False,False,,,False,False,no_frozen_plan_snapshot
5a7415cf55429979e28828a6,hotpotqa,0,1,False,False,,,False,False,no_frozen_plan_snapshot
5a74325055429979e28828b3,hotpotqa,0,1,False,False,,,False,False,no_frozen_plan_snapshot
5a74524455429979e28828f6,hotpotqa,0,1,False,False,,,False,False,no_frozen_plan_snapshot
5a74547755429979e2882900,hotpotqa,0,1,False,False,,,False,False,no_frozen_plan_snapshot
5a74551555429974ef308bd9,hotpotqa,0,1,False,False,,,False,False,no_frozen_plan_snapshot
5a745a2955429929fddd83f8,hotpotqa,0,1,False,False,,,False,False,no_frozen_plan_snapshot
5a745e1455429929fddd83fd,hotpotqa,1,2,False,False,,,False,False,no_frozen_plan_snapshot
5a746a4455429974ef308bf6,hotpotqa,0,1,False,False,,,False,False,no_frozen_plan_snapshot
5a746ddc55429929fddd8423,hotpotqa,0,1,False,False,,,False,False,no_frozen_plan_snapshot
5a74760b55429974ef308c03,hotpotqa,0,1,False,False,,,False,False,no_frozen_plan_snapshot
5a747a3755429974ef308c09,hotpotqa,0,1,False,False,,,False,False,no_frozen_plan_snapshot
5a747a9a55429929fddd8444,hotpotqa,0,1,False,False,,,False,False,no_frozen_plan_snapshot
5a74a26a55429979e28829d6,hotpotqa,1,2,False,False,,,False,False,no_frozen_plan_snapshot
5a74a8fa55429929fddd8497,hotpotqa,0,1,False,False,,,False,False,no_frozen_plan_snapshot
5a74be0b5542996c70cfadc8,hotpotqa,0,1,False,False,,,False,False,no_frozen_plan_snapshot
5a74c1c05542996c70cfadd8,hotpotqa,1,2,False,False,,,False,False,no_frozen_plan_snapshot
5a74c2bd5542996c70cfadda,hotpotqa,1,2,False,False,,,False,False,no_frozen_plan_snapshot
5a74cfed5542993748c896ea,hotpotqa,0,1,False,False,,,False,False,no_frozen_plan_snapshot
5a74d4f355429974ef308c79,hotpotqa,0,1,False,False,,,False,False,no_frozen_plan_snapshot
5a74d9c555429929fddd84fb,hotpotqa,0,1,False,False,,,False,False,no_frozen_plan_snapshot
5a74e8a25542996c70cfae37,hotpotqa,0,1,False,False,,,False,False,no_frozen_plan_snapshot
5a74ee175542996c70cfae41,hotpotqa,0,1,False,False,,,False,False,no_frozen_plan_snapshot
5a74f3f55542993748c8974b,hotpotqa,0,1,False,False,,,False,False,no_frozen_plan_snapshot
5a74f5155542993748c89750,hotpotqa,0,1,False,False,,,False,False,no_frozen_plan_snapshot
5a74f63e5542993748c89758,hotpotqa,0,1,False,False,,,False,False,no_frozen_plan_snapshot
5a74f7f15542993748c89765,hotpotqa,0,1,False,False,,,False,False,no_frozen_plan_snapshot
5a74feb75542996c70cfae6d,hotpotqa,0,1,False,False,,,False,False,no_frozen_plan_snapshot
5a7502345542993748c89795,hotpotqa,0,1,False,False,,,False,False,no_frozen_plan_snapshot
5a7502715542996c70cfae74,hotpotqa,4,5,True,True,4,False,True,False,deep_hops_not_shallow
5a7506f455429916b0164240,hotpotqa,-1,0,False,False,,,False,False,no_frozen_plan_snapshot
5a750de95542993748c897ac,hotpotqa,2,3,True,True,2,True,True,False,deep_hops_not_shallow
5a75227955429929fddd8508,hotpotqa,0,1,False,False,,,False,False,no_frozen_plan_snapshot
5a7528e955429929fddd850e,hotpotqa,0,1,False,False,,,False,False,no_frozen_plan_snapshot
5a752fb75542993748c897df,hotpotqa,2,3,True,True,2,True,True,False,deep_hops_not_shallow
5a75377c55429929fddd8514,hotpotqa,0,1,False,False,,,False,False,no_frozen_plan_snapshot
5a753c8c55429916b01642ab,hotpotqa,0,1,False,False,,,False,False,no_frozen_plan_snapshot
5a753ff455429916b01642bc,hotpotqa,1,2,False,False,,,False,False,no_frozen_plan_snapshot
5a75462d5542996c70cfaed3,hotpotqa,0,1,False,False,,,False,False,no_frozen_plan_snapshot
5a7557d75542992d0ec05f68,hotpotqa,0,1,False,False,,,False,False,no_frozen_plan_snapshot
5a75639255429916b01642f7,hotpotqa,0,1,False,False,,,False,False,no_frozen_plan_snapshot
5a7563a45542996c70cfaeec,hotpotqa,1,2,False,False,,,False,False,no_frozen_plan_snapshot
5a75675d5542992d0ec05f87,hotpotqa,0,1,False,False,,,False,False,no_frozen_plan_snapshot
5a7568175542992d0ec05f88,hotpotqa,0,1,False,False,,,False,False,no_frozen_plan_snapshot
5a756fa15542996c70cfaefb,hotpotqa,0,1,False,False,,,False,False,no_frozen_plan_snapshot
5a7570a65542996c70cfaefd,hotpotqa,0,1,False,False,,,False,False,no_frozen_plan_snapshot
5a7577145542996c70cfaf03,hotpotqa,1,2,False,False,,,False,False,no_frozen_plan_snapshot
5a7577785542992d0ec05fa0,hotpotqa,0,1,False,False,,,False,False,no_frozen_plan_snapshot
5a758aff5542992d0ec05fb2,hotpotqa,0,1,False,False,,,False,False,no_frozen_plan_snapshot
5a758f775542992db9473682,hotpotqa,0,1,False,False,,,False,False,no_frozen_plan_snapshot
5a75a76b5542992db9473697,hotpotqa,0,1,False,False,,,False,False,no_frozen_plan_snapshot
5a75abbb5542992d0ec05fd9,hotpotqa,1,2,False,False,,,False,False,no_frozen_plan_snapshot
5a75d00a5542992db94736d1,hotpotqa,0,1,False,False,,,False,False,no_frozen_plan_snapshot
5a75d35d5542992d0ec05ffe,hotpotqa,0,1,False,False,,,False,False,no_frozen_plan_snapshot
5a75e05c55429976ec32bc5f,hotpotqa,0,1,False,False,,,False,False,no_frozen_plan_snapshot
5a75e62f5542992d0ec06013,hotpotqa,0,1,False,False,,,False,False,no_frozen_plan_snapshot
5a75e67d5542992db9473709,hotpotqa,0,1,False,False,,,False,False,no_frozen_plan_snapshot
5a75e7b255429976ec32bc95,hotpotqa,0,1,False,False,,,False,False,no_frozen_plan_snapshot
5a75f0ea5542994ccc91866c,hotpotqa,0,1,False,False,,,False,False,no_frozen_plan_snapshot
5a75f32055429976ec32bcb7,hotpotqa,0,1,False,False,,,False,False,no_frozen_plan_snapshot
5a75fa8c55429976ec32bcda,hotpotqa,0,1,False,False,,,False,False,no_frozen_plan_snapshot
5a7600275542994ccc91867a,hotpotqa,0,1,False,False,,,False,False,no_frozen_plan_snapshot
5a76067e55429976ec32bce9,hotpotqa,0,1,False,False,,,False,False,no_frozen_plan_snapshot
5a7607b6554299109176e619,hotpotqa,0,1,False,False,,,False,False,no_frozen_plan_snapshot
5a7619765542992db9473728,hotpotqa,0,1,False,False,,,False,False,no_frozen_plan_snapshot
5a7624b85542992db947372c,hotpotqa,0,1,False,False,,,False,False,no_frozen_plan_snapshot
5a762cf0554299109176e6a4,hotpotqa,0,1,False,False,,,False,False,no_frozen_plan_snapshot
5a762f4755429976ec32bd44,hotpotqa,0,1,False,False,,,False,False,no_frozen_plan_snapshot
5a76334c5542994ccc918710,hotpotqa,0,1,False,False,,,False,False,no_frozen_plan_snapshot
5a7633ff5542994ccc918712,hotpotqa,0,1,False,False,,,False,False,no_frozen_plan_snapshot
5a7634f155429976ec32bd6b,hotpotqa,0,1,False,False,,,False,False,no_frozen_plan_snapshot
5a76364d5542994ccc918719,hotpotqa,1,2,False,False,,,False,False,no_frozen_plan_snapshot
5a763986554299109176e6bd,hotpotqa,0,1,False,False,,,False,False,no_frozen_plan_snapshot
5a7642f7554299109176e6e8,hotpotqa,0,1,False,False,,,False,False,no_frozen_plan_snapshot
5a7647b85542992d0ec0608a,hotpotqa,0,1,False,False,,,False,False,no_frozen_plan_snapshot
5a7652435542992d0ec060a5,hotpotqa,0,1,False,False,,,False,False,no_frozen_plan_snapshot
5a7663665542992d0ec060d3,hotpotqa,1,2,False,False,,,False,False,no_frozen_plan_snapshot
5a76a1a35542993735360122,hotpotqa,0,1,False,False,,,False,False,no_frozen_plan_snapshot
5a76b56d554299373536017b,hotpotqa,0,1,False,False,,,False,False,no_frozen_plan_snapshot
5a76c98855429972597f13d0,hotpotqa,0,1,False,False,,,False,False,no_frozen_plan_snapshot
5a76cb9b55429966f1a36bf2,hotpotqa,0,1,False,False,,,False,False,no_frozen_plan_snapshot
5a76d15e55429966f1a36bfa,hotpotqa,1,2,False,False,,,False,False,no_frozen_plan_snapshot
5a76e88555429972597f13f4,hotpotqa,1,2,False,False,,,False,False,no_frozen_plan_snapshot
5a76f45a5542994aec3b719b,hotpotqa,0,1,False,False,,,False,False,no_frozen_plan_snapshot
5a76f5b155429972597f1400,hotpotqa,2,3,True,True,0,False,True,False,deep_hops_not_shallow
5a76fda05542994aec3b71b0,hotpotqa,0,1,False,False,,,False,False,no_frozen_plan_snapshot
5a77101d5542994aec3b71d7,hotpotqa,0,1,False,False,,,False,False,no_frozen_plan_snapshot
5a77121a5542994aec3b71db,hotpotqa,0,1,False,False,,,False,False,no_frozen_plan_snapshot
5a77152355429966f1a36c2e,hotpotqa,0,1,False,False,,,False,False,no_frozen_plan_snapshot
5a7717635542994aec3b71e3,hotpotqa,1,2,False,False,,,False,False,no_frozen_plan_snapshot
5a7724715542994aec3b71fd,hotpotqa,1,2,False,False,,,False,False,no_frozen_plan_snapshot
5a772c925542993735360208,hotpotqa,0,1,False,False,,,False,False,no_frozen_plan_snapshot
5a77322055429972597f1494,hotpotqa,0,1,False,False,,,False,False,no_frozen_plan_snapshot
5a7736ef55429972597f14a7,hotpotqa,0,1,False,False,,,False,False,no_frozen_plan_snapshot
5a77372b554299373536021c,hotpotqa,0,1,False,False,,,False,False,no_frozen_plan_snapshot
5a773c5c55429966f1a36cbb,hotpotqa,0,1,False,False,,,False,False,no_frozen_plan_snapshot
5a773d8955429966f1a36cc4,hotpotqa,0,1,False,False,,,False,False,no_frozen_plan_snapshot
5a773ec355429966f1a36ccb,hotpotqa,0,1,False,False,,,False,False,no_frozen_plan_snapshot
5a77415b55429966f1a36cd2,hotpotqa,0,1,False,False,,,False,False,no_frozen_plan_snapshot
5a7744e45542993569682d37,hotpotqa,0,1,False,False,,,False,False,no_frozen_plan_snapshot
5a774a9855429972597f14ea,hotpotqa,0,1,False,False,,,False,False,no_frozen_plan_snapshot
5a774e415542994aec3b7280,hotpotqa,1,2,False,False,,,False,False,no_frozen_plan_snapshot
5a7757215542993569682d58,hotpotqa,0,1,False,False,,,False,False,no_frozen_plan_snapshot
5a7759fc5542993569682d60,hotpotqa,0,1,False,False,,,False,False,no_frozen_plan_snapshot
5a775bab5542994aec3b72a8,hotpotqa,1,2,False,False,,,False,False,no_frozen_plan_snapshot
5a775bd65542993569682d6b,hotpotqa,-1,0,False,False,,,False,False,no_frozen_plan_snapshot
5a775cdb5542993735360244,hotpotqa,1,2,False,False,,,False,False,no_frozen_plan_snapshot
5a775f615542993735360250,hotpotqa,0,1,False,False,,,False,False,no_frozen_plan_snapshot
5a7760165542993569682d74,hotpotqa,0,1,False,False,,,False,False,no_frozen_plan_snapshot
5a7768cb5542993569682d88,hotpotqa,0,1,False,False,,,False,False,no_frozen_plan_snapshot
5a776a7055429966f1a36d32,hotpotqa,2,3,True,True,2,True,True,False,deep_hops_not_shallow
5a776b82554299373536026f,hotpotqa,0,1,False,False,,,False,False,no_frozen_plan_snapshot
5a776cfa5542993735360274,hotpotqa,1,2,False,False,,,False,False,no_frozen_plan_snapshot
5a77767a55429967ab10519b,hotpotqa,0,1,False,False,,,False,False,no_frozen_plan_snapshot
5a77789d55429949eeb29e4e,hotpotqa,0,1,False,False,,,False,False,no_frozen_plan_snapshot
5a7782b95542995d8318117f,hotpotqa,0,1,False,False,,,False,False,no_frozen_plan_snapshot
5a77857155429949eeb29ebf,hotpotqa,1,2,False,False,,,False,False,no_frozen_plan_snapshot
5a77863555429949eeb29ec6,hotpotqa,3,4,True,True,3,True,True,False,deep_hops_not_shallow
5a7787b655429949eeb29ed3,hotpotqa,1,2,False,False,,,False,False,no_frozen_plan_snapshot
5a778e8755429949eeb29ef4,hotpotqa,0,1,False,False,,,False,False,no_frozen_plan_snapshot
5a7790ed5542992a6e59defb,hotpotqa,0,1,False,False,,,False,False,no_frozen_plan_snapshot
5a7796e05542992a6e59df0f,hotpotqa,0,1,False,False,,,False,False,no_frozen_plan_snapshot
5a7797a555429967ab105208,hotpotqa,0,1,False,False,,,False,False,no_frozen_plan_snapshot
5a779be75542995d83181215,hotpotqa,0,1,False,False,,,False,False,no_frozen_plan_snapshot
5a77a44d5542997042120aba,hotpotqa,0,1,False,False,,,False,False,no_frozen_plan_snapshot
5a77a7db5542995d8318124d,hotpotqa,0,1,False,False,,,False,False,no_frozen_plan_snapshot
5a77aa8655429949eeb29f22,hotpotqa,1,2,False,False,,,False,False,no_frozen_plan_snapshot
5a77b0395542997042120ae1,hotpotqa,0,1,False,False,,,False,False,no_frozen_plan_snapshot
5a77bdcb5542997042120b0b,hotpotqa,0,1,False,False,,,False,False,no_frozen_plan_snapshot
5a77c15f5542997042120b1c,hotpotqa,0,1,False,False,,,False,False,no_frozen_plan_snapshot
5a77c1d95542995d831812a6,hotpotqa,0,1,False,False,,,False,False,no_frozen_plan_snapshot
5a77c60255429967ab105285,hotpotqa,1,2,False,False,,,False,False,no_frozen_plan_snapshot
5a77c8905542995d831812ce,hotpotqa,0,1,False,False,,,False,False,no_frozen_plan_snapshot
5a77cb335542997042120b3a,hotpotqa,0,1,False,False,,,False,False,no_frozen_plan_snapshot
5a77d12755429967ab1052b8,hotpotqa,0,1,False,False,,,False,False,no_frozen_plan_snapshot
5a77d25555429949eeb29f6c,hotpotqa,0,1,False,False,,,False,False,no_frozen_plan_snapshot
5a77d3f555429967ab1052c5,hotpotqa,0,1,False,False,,,False,False,no_frozen_plan_snapshot
5a77dadd5542997042120b59,hotpotqa,0,1,False,False,,,False,False,no_frozen_plan_snapshot
5a77e2095542995d8318131d,hotpotqa,0,1,False,False,,,False,False,no_frozen_plan_snapshot
5a78abbc554299148911f90c,hotpotqa,1,2,False,False,,,False,False,no_frozen_plan_snapshot
5a78b5f7554299148911f95b,hotpotqa,1,2,False,False,,,False,False,no_frozen_plan_snapshot
5a78bc6b554299148911f979,hotpotqa,0,1,False,False,,,False,False,no_frozen_plan_snapshot
5a78c7db55429974737f7882,hotpotqa,0,1,False,False,,,False,False,no_frozen_plan_snapshot
5a78caa955429970f5fffd83,hotpotqa,0,1,False,False,,,False,False,no_frozen_plan_snapshot
5a78ce5d55429974737f78ac,hotpotqa,0,1,False,False,,,False,False,no_frozen_plan_snapshot
5a78ce79554299029c4b5ea1,hotpotqa,0,1,False,False,,,False,False,no_frozen_plan_snapshot
5a78d2b955429974737f78c0,hotpotqa,0,1,False,False,,,False,False,no_frozen_plan_snapshot
5a78d35e55429974737f78c3,hotpotqa,0,1,False,False,,,False,False,no_frozen_plan_snapshot
5a78d70b55429974737f78d1,hotpotqa,0,1,False,False,,,False,False,no_frozen_plan_snapshot
5a78e3b955429974737f78f1,hotpotqa,0,1,False,False,,,False,False,no_frozen_plan_snapshot
5a78e9d155429970f5fffdcc,hotpotqa,0,1,False,False,,,False,False,no_frozen_plan_snapshot
5a78f3d255429970f5fffdf1,hotpotqa,0,1,False,False,,,False,False,no_frozen_plan_snapshot
5a78f89055429974737f792b,hotpotqa,0,1,False,False,,,False,False,no_frozen_plan_snapshot
5a7905f555429974737f7947,hotpotqa,0,1,False,False,,,False,False,no_frozen_plan_snapshot
5a790d9855429974737f7954,hotpotqa,0,1,False,False,,,False,False,no_frozen_plan_snapshot
5a790f5e55429970f5fffe40,hotpotqa,1,2,False,False,,,False,False,no_frozen_plan_snapshot
5a7912f655429974737f796c,hotpotqa,0,1,False,False,,,False,False,no_frozen_plan_snapshot
5a79131a554299148911f9e3,hotpotqa,0,1,False,False,,,False,False,no_frozen_plan_snapshot
5a7914e155429974737f7973,hotpotqa,0,1,False,False,,,False,False,no_frozen_plan_snapshot
5a79178d554299029c4b5ef9,hotpotqa,0,1,False,False,,,False,False,no_frozen_plan_snapshot
5a792ad055429907847277d1,hotpotqa,0,1,False,False,,,False,False,no_frozen_plan_snapshot
5a792f3e554299029c4b5f20,hotpotqa,0,1,False,False,,,False,False,no_frozen_plan_snapshot
5a79305755429907847277dd,hotpotqa,0,1,False,False,,,False,False,no_frozen_plan_snapshot
5a793b5b55429970f5fffe82,hotpotqa,0,1,False,False,,,False,False,no_frozen_plan_snapshot
5a793bc95542994bb9456fc3,hotpotqa,3,4,True,True,3,True,True,False,deep_hops_not_shallow
5a7943c655429970f5fffe89,hotpotqa,0,1,False,False,,,False,False,no_frozen_plan_snapshot
5a794f8155429970f5fffe95,hotpotqa,0,1,False,False,,,False,False,no_frozen_plan_snapshot
5a796bfd55429970f5fffeac,hotpotqa,0,1,False,False,,,False,False,no_frozen_plan_snapshot
5a7997a2554299029c4b5f59,hotpotqa,1,2,False,False,,,False,False,no_frozen_plan_snapshot
5a79be0e5542994f819ef084,hotpotqa,0,1,False,False,,,False,False,no_frozen_plan_snapshot
5a79c1095542996c55b2dc62,hotpotqa,1,2,False,False,,,False,False,no_frozen_plan_snapshot
5a79c1335542994bb9457066,hotpotqa,0,1,False,False,,,False,False,no_frozen_plan_snapshot
5a79c9c05542994bb94570a5,hotpotqa,0,1,False,False,,,False,False,no_frozen_plan_snapshot
5a79d8ec5542996c55b2dc7e,hotpotqa,0,1,False,False,,,False,False,no_frozen_plan_snapshot
5a79e1275542990198eaefe7,hotpotqa,0,1,False,False,,,False,False,no_frozen_plan_snapshot
5a79e3555542994bb945712f,hotpotqa,0,1,False,False,,,False,False,no_frozen_plan_snapshot
5a79e3925542994bb9457130,hotpotqa,0,1,False,False,,,False,False,no_frozen_plan_snapshot
5a79fc8b5542994f819ef114,hotpotqa,0,1,False,False,,,False,False,no_frozen_plan_snapshot
5a79fe3b5542994f819ef119,hotpotqa,0,1,False,False,,,False,False,no_frozen_plan_snapshot
5a7a073a5542990783324dfb,hotpotqa,3,4,True,True,0,False,True,False,deep_hops_not_shallow
5a7a098d5542996c55b2dce3,hotpotqa,0,1,False,False,,,False,False,no_frozen_plan_snapshot
5a7a0a2d5542990783324e06,hotpotqa,0,1,False,False,,,False,False,no_frozen_plan_snapshot
5a7a0e1e5542990783324e1a,hotpotqa,0,1,False,False,,,False,False,no_frozen_plan_snapshot
5a7a103b5542990783324e27,hotpotqa,0,1,False,False,,,False,False,no_frozen_plan_snapshot
5a7a11c85542996a35c170b4,hotpotqa,1,2,False,False,,,False,False,no_frozen_plan_snapshot
5a7a15d35542996a35c170c4,hotpotqa,0,1,False,False,,,False,False,no_frozen_plan_snapshot
5a7a1b165542996c55b2dd10,hotpotqa,0,1,False,False,,,False,False,no_frozen_plan_snapshot
5a7a1f795542996c55b2dd1b,hotpotqa,0,1,False,False,,,False,False,no_frozen_plan_snapshot
5a7a276d5542996c55b2dd27,hotpotqa,1,2,False,False,,,False,False,no_frozen_plan_snapshot
5a7a33205542996a35c1712f,hotpotqa,0,1,False,False,,,False,False,no_frozen_plan_snapshot
5a7a3cea5542994f819ef182,hotpotqa,1,2,False,False,,,False,False,no_frozen_plan_snapshot
5a7a45425542990783324ee2,hotpotqa,1,2,False,False,,,False,False,no_frozen_plan_snapshot
5a7a46605542994f819ef1ad,hotpotqa,0,1,False,False,,,False,False,no_frozen_plan_snapshot
5a7a4f335542990198eaf11e,hotpotqa,0,1,False,False,,,False,False,no_frozen_plan_snapshot
5a7a567255429941d65f25bd,hotpotqa,0,1,False,False,,,False,False,no_frozen_plan_snapshot
5a7a59d15542996c55b2dd67,hotpotqa,0,1,False,False,,,False,False,no_frozen_plan_snapshot
5a7a5ea15542994f819ef1c7,hotpotqa,3,4,True,True,0,False,True,False,deep_hops_not_shallow
5a7a60f15542990783324f35,hotpotqa,0,1,False,False,,,False,False,no_frozen_plan_snapshot
5a7a616355429941d65f25f7,hotpotqa,0,1,False,False,,,False,False,no_frozen_plan_snapshot
5a7a68d25542996c55b2dd98,hotpotqa,0,1,False,False,,,False,False,no_frozen_plan_snapshot
5a7a7e9f5542994f819ef1f4,hotpotqa,0,1,False,False,,,False,False,no_frozen_plan_snapshot
5a7a83b3554299042af8f652,hotpotqa,0,1,False,False,,,False,False,no_frozen_plan_snapshot
5a7a845755429941d65f2684,hotpotqa,0,1,False,False,,,False,False,no_frozen_plan_snapshot
5a7a8a9c554299042af8f666,hotpotqa,0,1,False,False,,,False,False,no_frozen_plan_snapshot
5a7a919455429941d65f26b5,hotpotqa,1,2,False,False,,,False,False,no_frozen_plan_snapshot
5a7a96555542990198eaf159,hotpotqa,1,2,False,False,,,False,False,no_frozen_plan_snapshot
5a7aa07d55429941d65f2703,hotpotqa,0,1,False,False,,,False,False,no_frozen_plan_snapshot
5a7aa2a255429941d65f270e,hotpotqa,0,1,False,False,,,False,False,no_frozen_plan_snapshot
5a7aa9425542992d025e66e4,hotpotqa,0,1,False,False,,,False,False,no_frozen_plan_snapshot
5a7ae38c5542992d025e6721,hotpotqa,3,4,True,True,0,False,True,False,deep_hops_not_shallow
5a7af32e55429931da12c99c,hotpotqa,0,1,False,False,,,False,False,no_frozen_plan_snapshot
5a7af8fa55429927d897bf25,hotpotqa,1,2,False,False,,,False,False,no_frozen_plan_snapshot
5a7b01645542992d025e6734,hotpotqa,0,1,False,False,,,False,False,no_frozen_plan_snapshot
5a7b1023554299042af8f6c2,hotpotqa,1,2,False,False,,,False,False,no_frozen_plan_snapshot
5a7b1bb5554299042af8f6d4,hotpotqa,0,1,False,False,,,False,False,no_frozen_plan_snapshot
5a7b1c6b55429931da12c9ca,hotpotqa,0,1,False,False,,,False,False,no_frozen_plan_snapshot
5a7b1d3b5542992d025e677a,hotpotqa,0,1,False,False,,,False,False,no_frozen_plan_snapshot
5a7b23d355429931da12c9f1,hotpotqa,0,1,False,False,,,False,False,no_frozen_plan_snapshot
5a7b241b554299042af8f705,hotpotqa,0,1,False,False,,,False,False,no_frozen_plan_snapshot
5a7b24fe55429931da12c9f7,hotpotqa,0,1,False,False,,,False,False,no_frozen_plan_snapshot
5a7b2a2255429927d897bf4c,hotpotqa,0,1,False,False,,,False,False,no_frozen_plan_snapshot
5a7b2c9155429927d897bf51,hotpotqa,0,1,False,False,,,False,False,no_frozen_plan_snapshot
5a7b2ec755429927d897bf53,hotpotqa,0,1,False,False,,,False,False,no_frozen_plan_snapshot
5a7b3b4f5542992d025e67ac,hotpotqa,0,1,False,False,,,False,False,no_frozen_plan_snapshot
5a7b3fc155429931da12ca3a,hotpotqa,0,1,False,False,,,False,False,no_frozen_plan_snapshot
5a7b40cd5542995eb53be8d4,hotpotqa,1,2,False,False,,,False,False,no_frozen_plan_snapshot
5a7b4d765542995eb53be8fe,hotpotqa,0,1,False,False,,,False,False,no_frozen_plan_snapshot
5a7b4fee554299042af8f748,hotpotqa,0,1,False,False,,,False,False,no_frozen_plan_snapshot
5a7b537555429927d897bf90,hotpotqa,0,1,False,False,,,False,False,no_frozen_plan_snapshot
5a7b542455429927d897bf92,hotpotqa,0,1,False,False,,,False,False,no_frozen_plan_snapshot
5a7b55375542995eb53be91f,hotpotqa,0,1,False,False,,,False,False,no_frozen_plan_snapshot
5a7b55bc55429927d897bf98,hotpotqa,0,1,False,False,,,False,False,no_frozen_plan_snapshot
5a7b57155542992d025e680f,hotpotqa,0,1,False,False,,,False,False,no_frozen_plan_snapshot
5a7b5af7554299042af8f752,hotpotqa,0,1,False,False,,,False,False,no_frozen_plan_snapshot
5a7b65ab5542997c3ec97144,hotpotqa,0,1,False,False,,,False,False,no_frozen_plan_snapshot
5a7b68a75542997c3ec97153,hotpotqa,1,2,False,False,,,False,False,no_frozen_plan_snapshot
5a7b74485542997c3ec97190,hotpotqa,0,1,False,False,,,False,False,no_frozen_plan_snapshot
5a7b782455429927d897bfd7,hotpotqa,0,1,False,False,,,False,False,no_frozen_plan_snapshot
5a7b7ff75542995eb53be93d,hotpotqa,3,4,True,True,0,False,True,False,deep_hops_not_shallow
5a7b85ac5542997c3ec971ef,hotpotqa,0,1,False,False,,,False,False,no_frozen_plan_snapshot
5a7b8749554299294a54a9db,hotpotqa,0,1,False,False,,,False,False,no_frozen_plan_snapshot
5a7b8f5e554299294a54a9f6,hotpotqa,0,1,False,False,,,False,False,no_frozen_plan_snapshot
5a7bacf2554299294a54aa8d,hotpotqa,0,1,False,False,,,False,False,no_frozen_plan_snapshot
5a7bae775542995eb53be995,hotpotqa,3,4,True,True,0,False,True,False,deep_hops_not_shallow
5a7bb2595542995eb53be99b,hotpotqa,0,1,False,False,,,False,False,no_frozen_plan_snapshot
5a7bbc59554299294a54aaa9,hotpotqa,0,1,False,False,,,False,False,no_frozen_plan_snapshot
5a7bc1bf55429927d897c033,hotpotqa,0,1,False,False,,,False,False,no_frozen_plan_snapshot
5a7be2595542997c3ec972ac,hotpotqa,0,1,False,False,,,False,False,no_frozen_plan_snapshot
5a7bf0d75542996dd594b85c,hotpotqa,0,1,False,False,,,False,False,no_frozen_plan_snapshot
5a7c00a55542996dd594b87e,hotpotqa,1,2,False,False,,,False,False,no_frozen_plan_snapshot
5a7c084d5542997c3ec972c8,hotpotqa,0,1,False,False,,,False,False,no_frozen_plan_snapshot
5a7c0aa15542997c3ec972cd,hotpotqa,1,2,False,False,,,False,False,no_frozen_plan_snapshot
5a7c17c95542990527d5544d,hotpotqa,0,1,False,False,,,False,False,no_frozen_plan_snapshot
5a7c221f554299683c1c62d2,hotpotqa,0,1,False,False,,,False,False,no_frozen_plan_snapshot
5a7c25035542997c3ec972e5,hotpotqa,0,1,False,False,,,False,False,no_frozen_plan_snapshot
5a7c25895542997c3ec972e6,hotpotqa,1,2,False,False,,,False,False,no_frozen_plan_snapshot
5a7c35025542996dd594b8d7,hotpotqa,0,1,False,False,,,False,False,no_frozen_plan_snapshot
5a7c38c955429935c91b5132,hotpotqa,0,1,False,False,,,False,False,no_frozen_plan_snapshot
5a7c53a855429935c91b515d,hotpotqa,2,3,True,True,0,False,True,False,deep_hops_not_shallow
5a7c5a87554299683c1c62eb,hotpotqa,0,1,False,False,,,False,False,no_frozen_plan_snapshot
5a7c66d555429935c91b518f,hotpotqa,0,1,False,False,,,False,False,no_frozen_plan_snapshot
5a7c6753554299683c1c62f9,hotpotqa,1,2,False,False,,,False,False,no_frozen_plan_snapshot
5a7c6c9d554299683c1c6302,hotpotqa,1,2,False,False,,,False,False,no_frozen_plan_snapshot
5a7c6e435542996dd594b933,hotpotqa,0,1,False,False,,,False,False,no_frozen_plan_snapshot
5a7c703055429935c91b51aa,hotpotqa,0,1,False,False,,,False,False,no_frozen_plan_snapshot
5a7c74a65542990527d554b0,hotpotqa,0,1,False,False,,,False,False,no_frozen_plan_snapshot
5a7c76275542990527d554b4,hotpotqa,0,1,False,False,,,False,False,no_frozen_plan_snapshot
5a7c8ae855429935c91b5207,hotpotqa,0,1,False,False,,,False,False,no_frozen_plan_snapshot
5a7c8cea55429935c91b5214,hotpotqa,0,1,False,False,,,False,False,no_frozen_plan_snapshot
5a7c99705542990527d554de,hotpotqa,0,1,False,False,,,False,False,no_frozen_plan_snapshot
5a7ca0ef55429907fabeefd3,hotpotqa,1,2,False,False,,,False,False,no_frozen_plan_snapshot
5a7ca4485542990527d554f1,hotpotqa,0,1,False,False,,,False,False,no_frozen_plan_snapshot
5a7ca95b55429935c91b5287,hotpotqa,0,1,False,False,,,False,False,no_frozen_plan_snapshot
5a7ca98f55429935c91b5288,hotpotqa,0,1,False,False,,,False,False,no_frozen_plan_snapshot
5a7cb2ed5542990527d55505,hotpotqa,0,1,False,False,,,False,False,no_frozen_plan_snapshot
5a7cbf93554299452d57b9f5,hotpotqa,0,1,False,False,,,False,False,no_frozen_plan_snapshot
5a7cc59c55429909bec767fb,hotpotqa,0,1,False,False,,,False,False,no_frozen_plan_snapshot
5a7cc700554299452d57ba4e,hotpotqa,0,1,False,False,,,False,False,no_frozen_plan_snapshot
5a7cce4b554299683c1c6388,hotpotqa,0,1,False,False,,,False,False,no_frozen_plan_snapshot
5a7cd280554299452d57ba7f,hotpotqa,0,1,False,False,,,False,False,no_frozen_plan_snapshot
5a7cd28c554299452d57ba80,hotpotqa,0,1,False,False,,,False,False,no_frozen_plan_snapshot
5a7cd72055429909bec7683b,hotpotqa,0,1,False,False,,,False,False,no_frozen_plan_snapshot
5a7cdd1c554299683c1c63a8,hotpotqa,0,1,False,False,,,False,False,no_frozen_plan_snapshot
5a7ce100554299683c1c63b5,hotpotqa,0,1,False,False,,,False,False,no_frozen_plan_snapshot
5a7ce444554299683c1c63c1,hotpotqa,0,1,False,False,,,False,False,no_frozen_plan_snapshot
5a7ce6bf55429909bec7686c,hotpotqa,-1,0,False,False,,,False,False,no_frozen_plan_snapshot
5a7ce7b755429909bec76872,hotpotqa,0,1,False,False,,,False,False,no_frozen_plan_snapshot
5a7cefcf55429909bec768af,hotpotqa,0,1,False,False,,,False,False,no_frozen_plan_snapshot
5a7cf59b55429909bec768c7,hotpotqa,3,4,True,True,0,False,True,False,deep_hops_not_shallow
5a7cfb2755429907fabef084,hotpotqa,0,1,False,False,,,False,False,no_frozen_plan_snapshot
5a7cff5755429907fabef09d,hotpotqa,1,2,False,False,,,False,False,no_frozen_plan_snapshot
5a7d07a455429907fabef0ae,hotpotqa,0,1,False,False,,,False,False,no_frozen_plan_snapshot
5a7d109855429909bec7692f,hotpotqa,0,1,False,False,,,False,False,no_frozen_plan_snapshot
5a7d147955429909bec76942,hotpotqa,0,1,False,False,,,False,False,no_frozen_plan_snapshot
5a7d158155429909bec76947,hotpotqa,1,2,False,False,,,False,False,no_frozen_plan_snapshot
5a7d19d85542995ed0d165e8,hotpotqa,0,1,False,False,,,False,False,no_frozen_plan_snapshot
5a7d1d825542995ed0d165f5,hotpotqa,0,1,False,False,,,False,False,no_frozen_plan_snapshot
5a7d1e685542995ed0d165f7,hotpotqa,0,1,False,False,,,False,False,no_frozen_plan_snapshot
5a7d22dc5542995ed0d16600,hotpotqa,0,1,False,False,,,False,False,no_frozen_plan_snapshot
5a7d26fd554299452d57bb2a,hotpotqa,0,1,False,False,,,False,False,no_frozen_plan_snapshot
5a7d2aa05542995f4f40221f,hotpotqa,0,1,False,False,,,False,False,no_frozen_plan_snapshot
5a7d2b2b5542995ed0d1661b,hotpotqa,0,1,False,False,,,False,False,no_frozen_plan_snapshot
5a7d2b535542995f4f402224,hotpotqa,0,1,False,False,,,False,False,no_frozen_plan_snapshot
5a7d2b5755429907fabef0c2,hotpotqa,0,1,False,False,,,False,False,no_frozen_plan_snapshot
5a7d3470554299452d57bb56,hotpotqa,0,1,False,False,,,False,False,no_frozen_plan_snapshot
5a7d3cbb5542995f4f402243,hotpotqa,0,1,False,False,,,False,False,no_frozen_plan_snapshot
5a7d41425542997cc2c4743b,hotpotqa,0,1,False,False,,,False,False,no_frozen_plan_snapshot
5a7d54165542995f4f402256,hotpotqa,0,1,False,False,,,False,False,no_frozen_plan_snapshot
5a7d598d5542995f4f402262,hotpotqa,1,2,False,False,,,False,False,no_frozen_plan_snapshot
5a7d6a2d5542991319bc93c6,hotpotqa,1,2,False,False,,,False,False,no_frozen_plan_snapshot
5a7d70d45542990b8f50398a,hotpotqa,1,2,False,False,,,False,False,no_frozen_plan_snapshot
5a7d72bb5542990b8f50398e,hotpotqa,0,1,False,False,,,False,False,no_frozen_plan_snapshot
5a7d7deb5542995f4f402282,hotpotqa,0,1,False,False,,,False,False,no_frozen_plan_snapshot
5a7d9d2b5542997cc2c47464,hotpotqa,0,1,False,False,,,False,False,no_frozen_plan_snapshot
5a7da4865542990b8f5039ed,hotpotqa,0,1,False,False,,,False,False,no_frozen_plan_snapshot
5a7da6c25542995ed0d16652,hotpotqa,2,3,True,True,2,True,True,False,deep_hops_not_shallow
5a7da6cb5542990b8f5039ff,hotpotqa,0,1,False,False,,,False,False,no_frozen_plan_snapshot
5a7dacff5542991319bc93e0,hotpotqa,0,1,False,False,,,False,False,no_frozen_plan_snapshot
5a7db62d5542997cc2c4747c,hotpotqa,0,1,False,False,,,False,False,no_frozen_plan_snapshot
5a7dbf4e5542990b8f503a68,hotpotqa,0,1,False,False,,,False,False,no_frozen_plan_snapshot
5a7dc3275542997cc2c4749c,hotpotqa,0,1,False,False,,,False,False,no_frozen_plan_snapshot
5a7ddd565542997cc2c474b2,hotpotqa,0,1,False,False,,,False,False,no_frozen_plan_snapshot
5a7ddfc55542995f4f4022e9,hotpotqa,0,1,False,False,,,False,False,no_frozen_plan_snapshot
5a7de63c5542995f4f4022f5,hotpotqa,0,1,False,False,,,False,False,no_frozen_plan_snapshot
5a7dec305542995ed0d16679,hotpotqa,0,1,False,False,,,False,False,no_frozen_plan_snapshot
5a7dedb55542995f4f402317,hotpotqa,0,1,False,False,,,False,False,no_frozen_plan_snapshot
5a7def0d5542990b8f503af9,hotpotqa,0,1,False,False,,,False,False,no_frozen_plan_snapshot
5a7df5635542990b8f503b0a,hotpotqa,0,1,False,False,,,False,False,no_frozen_plan_snapshot
5a7df6e65542995f4f402353,hotpotqa,0,1,False,False,,,False,False,no_frozen_plan_snapshot
5a7e040f5542990b8f503b13,hotpotqa,0,1,False,False,,,False,False,no_frozen_plan_snapshot
5a7e04b05542995f4f40238a,hotpotqa,0,1,False,False,,,False,False,no_frozen_plan_snapshot
5a7e052d5542995f4f40238e,hotpotqa,0,1,False,False,,,False,False,no_frozen_plan_snapshot
5a7e058f5542995f4f402390,hotpotqa,0,1,False,False,,,False,False,no_frozen_plan_snapshot
5a7e05ba5542995f4f402392,hotpotqa,1,2,False,False,,,False,False,no_frozen_plan_snapshot
5a7e08305542995f4f4023ab,hotpotqa,0,1,False,False,,,False,False,no_frozen_plan_snapshot
5a7e08b55542997cc2c474fe,hotpotqa,0,1,False,False,,,False,False,no_frozen_plan_snapshot
5a7e14a65542995ed0d16686,hotpotqa,1,2,False,False,,,False,False,no_frozen_plan_snapshot
5a7e1b7155429965cec5ea6c,hotpotqa,0,1,False,False,,,False,False,no_frozen_plan_snapshot
5a7e1cd955429965cec5ea76,hotpotqa,0,1,False,False,,,False,False,no_frozen_plan_snapshot
5a7e22ed5542995ed0d166a7,hotpotqa,0,1,False,False,,,False,False,no_frozen_plan_snapshot
5a7e283655429965cec5eaab,hotpotqa,0,1,False,False,,,False,False,no_frozen_plan_snapshot
5a7e2e3a55429934daa2fbe6,hotpotqa,0,1,False,False,,,False,False,no_frozen_plan_snapshot
5a7e30b255429934daa2fbeb,hotpotqa,1,2,False,False,,,False,False,no_frozen_plan_snapshot
5a7e37095542995ed0d166d5,hotpotqa,0,1,False,False,,,False,False,no_frozen_plan_snapshot
5a7e3b585542995ed0d166df,hotpotqa,0,1,False,False,,,False,False,no_frozen_plan_snapshot
5a7e42df5542994959419954,hotpotqa,0,1,False,False,,,False,False,no_frozen_plan_snapshot
5a7e43c9554299495941995a,hotpotqa,0,1,False,False,,,False,False,no_frozen_plan_snapshot
5a7e513a5542994959419996,hotpotqa,0,1,False,False,,,False,False,no_frozen_plan_snapshot
5a7e59c855429934daa2fc0f,hotpotqa,0,1,False,False,,,False,False,no_frozen_plan_snapshot
5a7e618155429949594199b0,hotpotqa,1,2,False,False,,,False,False,no_frozen_plan_snapshot
5a7e6df35542997cc2c47544,hotpotqa,0,1,False,False,,,False,False,no_frozen_plan_snapshot
5a7e782655429934daa2fc26,hotpotqa,1,2,False,False,,,False,False,no_frozen_plan_snapshot
5a7e7c725542991319bc94be,hotpotqa,0,1,False,False,,,False,False,no_frozen_plan_snapshot
5a7e96f655429934daa2fc39,hotpotqa,0,1,False,False,,,False,False,no_frozen_plan_snapshot
5a7ec61a55429934daa2fc5f,hotpotqa,0,1,False,False,,,False,False,no_frozen_plan_snapshot
5a7ecae055429934daa2fc6a,hotpotqa,0,1,False,False,,,False,False,no_frozen_plan_snapshot
5a7ed5af5542994959419a84,hotpotqa,1,2,False,False,,,False,False,no_frozen_plan_snapshot
5a7ef18c55429934daa2fc84,hotpotqa,0,1,False,False,,,False,False,no_frozen_plan_snapshot
5a7ef6b35542994959419a94,hotpotqa,0,1,False,False,,,False,False,no_frozen_plan_snapshot
5a7efd2f5542994959419a9c,hotpotqa,0,1,False,False,,,False,False,no_frozen_plan_snapshot
5a7f22005542993067513657,hotpotqa,0,1,False,False,,,False,False,no_frozen_plan_snapshot
5a7f251155429934daa2fcf2,hotpotqa,0,1,False,False,,,False,False,no_frozen_plan_snapshot
5a7f33115542992e7d278c84,hotpotqa,0,1,False,False,,,False,False,no_frozen_plan_snapshot
5a7f3361554299306751369a,hotpotqa,0,1,False,False,,,False,False,no_frozen_plan_snapshot
5a7f354b5542992e7d278c8c,hotpotqa,0,1,False,False,,,False,False,no_frozen_plan_snapshot
5a7f38e255429930675136b6,hotpotqa,0,1,False,False,,,False,False,no_frozen_plan_snapshot
5a7f44a65542992e7d278cd7,hotpotqa,0,1,False,False,,,False,False,no_frozen_plan_snapshot
5a7f53ff5542992097ad2f17,hotpotqa,0,1,False,False,,,False,False,no_frozen_plan_snapshot
5a7f54665542992097ad2f1a,hotpotqa,0,1,False,False,,,False,False,no_frozen_plan_snapshot
5a7f5ab65542995d8a8dde43,hotpotqa,0,1,False,False,,,False,False,no_frozen_plan_snapshot
5a7f5da85542992097ad2f3e,hotpotqa,0,1,False,False,,,False,False,no_frozen_plan_snapshot
5a7f5f655542994857a7670b,hotpotqa,0,1,False,False,,,False,False,no_frozen_plan_snapshot
5a7f62405542992e7d278cf0,hotpotqa,0,1,False,False,,,False,False,no_frozen_plan_snapshot
5a7f660555429969796c1a2e,hotpotqa,0,1,False,False,,,False,False,no_frozen_plan_snapshot
5a7f66f155429969796c1a33,hotpotqa,0,1,False,False,,,False,False,no_frozen_plan_snapshot
5a7f68365542994857a7672e,hotpotqa,0,1,False,False,,,False,False,no_frozen_plan_snapshot
5a7f697c5542992097ad2f59,hotpotqa,1,2,False,False,,,False,False,no_frozen_plan_snapshot
5a7f6fd75542992e7d278cfa,hotpotqa,0,1,False,False,,,False,False,no_frozen_plan_snapshot
5a7f732d5542992e7d278d02,hotpotqa,3,4,True,True,3,True,True,False,deep_hops_not_shallow
5a7f75e95542992e7d278d09,hotpotqa,0,1,False,False,,,False,False,no_frozen_plan_snapshot
5a7f7ca25542994857a76747,hotpotqa,1,2,False,False,,,False,False,no_frozen_plan_snapshot
5a7f84225542994857a76756,hotpotqa,0,1,False,False,,,False,False,no_frozen_plan_snapshot
5a7f8b8c5542995d8a8ddea1,hotpotqa,1,2,False,False,,,False,False,no_frozen_plan_snapshot
5a7f8d755542992097ad2f9d,hotpotqa,0,1,False,False,,,False,False,no_frozen_plan_snapshot
5a7f96a95542995d8a8ddead,hotpotqa,0,1,False,False,,,False,False,no_frozen_plan_snapshot
5a7f9cb55542995d8a8ddec1,hotpotqa,1,2,False,False,,,False,False,no_frozen_plan_snapshot
5a7fa2ad5542994857a76792,hotpotqa,0,1,False,False,,,False,False,no_frozen_plan_snapshot
5a7fa55555429969796c1b0e,hotpotqa,1,2,False,False,,,False,False,no_frozen_plan_snapshot
5a7fb1e55542995d8a8ddef7,hotpotqa,0,1,False,False,,,False,False,no_frozen_plan_snapshot
5a7fb5ce5542994857a767ca,hotpotqa,0,1,False,False,,,False,False,no_frozen_plan_snapshot
5a7fb7985542994857a767d2,hotpotqa,0,1,False,False,,,False,False,no_frozen_plan_snapshot
5a7fc03d5542992097ad2fbc,hotpotqa,1,2,False,False,,,False,False,no_frozen_plan_snapshot
5a7fc5c25542992e7d278d6a,hotpotqa,0,1,False,False,,,False,False,no_frozen_plan_snapshot
5a7fc70155429969796c1b59,hotpotqa,0,1,False,False,,,False,False,no_frozen_plan_snapshot
5a7fd1515542992e7d278db1,hotpotqa,0,1,False,False,,,False,False,no_frozen_plan_snapshot
5a7fe0b55542994857a76818,hotpotqa,0,1,False,False,,,False,False,no_frozen_plan_snapshot
5a800ddd5542992097ad2fd0,hotpotqa,0,1,False,False,,,False,False,no_frozen_plan_snapshot
5a802fb8554299485f598582,hotpotqa,0,1,False,False,,,False,False,no_frozen_plan_snapshot
5a802ff25542992bc0c4a6d2,hotpotqa,0,1,False,False,,,False,False,no_frozen_plan_snapshot
5a8031d05542996402f6a47c,hotpotqa,0,1,False,False,,,False,False,no_frozen_plan_snapshot
5a803d695542996402f6a494,hotpotqa,0,1,False,False,,,False,False,no_frozen_plan_snapshot
5a804032554299485f5985a0,hotpotqa,1,2,False,False,,,False,False,no_frozen_plan_snapshot
5a804510554299485f5985af,hotpotqa,0,1,False,False,,,False,False,no_frozen_plan_snapshot
5a8051265542992bc0c4a6f8,hotpotqa,0,1,False,False,,,False,False,no_frozen_plan_snapshot
5a80522b5542996402f6a4c1,hotpotqa,0,1,False,False,,,False,False,no_frozen_plan_snapshot
5a80541d5542996402f6a4d2,hotpotqa,0,1,False,False,,,False,False,no_frozen_plan_snapshot
5a80707e5542992bc0c4a70e,hotpotqa,1,2,False,False,,,False,False,no_frozen_plan_snapshot
5a807181554299485f5985ec,hotpotqa,1,2,False,False,,,False,False,no_frozen_plan_snapshot
5a8072a5554299485f5985f1,hotpotqa,0,1,False,False,,,False,False,no_frozen_plan_snapshot
5a80752b5542992bc0c4a720,hotpotqa,0,1,False,False,,,False,False,no_frozen_plan_snapshot
5a807b44554299485f59860a,hotpotqa,0,1,False,False,,,False,False,no_frozen_plan_snapshot
5a807ea1554299485f598624,hotpotqa,0,1,False,False,,,False,False,no_frozen_plan_snapshot
5a807f6a5542992bc0c4a737,hotpotqa,0,1,False,False,,,False,False,no_frozen_plan_snapshot
5a80838d5542992bc0c4a745,hotpotqa,1,2,False,False,,,False,False,no_frozen_plan_snapshot
5a8085705542992bc0c4a74b,hotpotqa,0,1,False,False,,,False,False,no_frozen_plan_snapshot
5a8089535542992bc0c4a762,hotpotqa,0,1,False,False,,,False,False,no_frozen_plan_snapshot
5a808afb5542992bc0c4a76b,hotpotqa,0,1,False,False,,,False,False,no_frozen_plan_snapshot
5a808b57554299485f598651,hotpotqa,0,1,False,False,,,False,False,no_frozen_plan_snapshot
5a80956e5542996402f6a579,hotpotqa,0,1,False,False,,,False,False,no_frozen_plan_snapshot
5a809fe75542996402f6a5ba,hotpotqa,4,5,True,True,4,True,True,False,deep_hops_not_shallow
5a80a587554299485f598676,hotpotqa,0,1,False,False,,,False,False,no_frozen_plan_snapshot
5a80a7f6554299485f598680,hotpotqa,0,1,False,False,,,False,False,no_frozen_plan_snapshot
5a80abec5542996402f6a5e1,hotpotqa,0,1,False,False,,,False,False,no_frozen_plan_snapshot
5a80ad19554299485f5986a8,hotpotqa,0,1,False,False,,,False,False,no_frozen_plan_snapshot
5a80ad205542992bc0c4a79d,hotpotqa,0,1,False,False,,,False,False,no_frozen_plan_snapshot
5a80b322554299485f5986c8,hotpotqa,0,1,False,False,,,False,False,no_frozen_plan_snapshot
5a80b35c5542992bc0c4a7b8,hotpotqa,-1,0,False,False,,,False,False,no_frozen_plan_snapshot
5a80b3a9554299485f5986cc,hotpotqa,0,1,False,False,,,False,False,no_frozen_plan_snapshot
5a80b9df5542992bc0c4a7ec,hotpotqa,1,2,False,False,,,False,False,no_frozen_plan_snapshot
5a80cddd554299260e20a169,hotpotqa,0,1,False,False,,,False,False,no_frozen_plan_snapshot
5a80f42b55429938b614226c,hotpotqa,0,1,False,False,,,False,False,no_frozen_plan_snapshot
5a80f793554299260e20a1e1,hotpotqa,0,1,False,False,,,False,False,no_frozen_plan_snapshot
5a80fb97554299260e20a1eb,hotpotqa,1,2,False,False,,,False,False,no_frozen_plan_snapshot
5a80fd17554299260e20a1f1,hotpotqa,0,1,False,False,,,False,False,no_frozen_plan_snapshot
5a81018755429938b6142287,hotpotqa,0,1,False,False,,,False,False,no_frozen_plan_snapshot
5a810221554299260e20a1f9,hotpotqa,0,1,False,False,,,False,False,no_frozen_plan_snapshot
5a810506554299260e20a202,hotpotqa,0,1,False,False,,,False,False,no_frozen_plan_snapshot
5a81108855429926c1cdace2,hotpotqa,0,1,False,False,,,False,False,no_frozen_plan_snapshot
5a811152554299260e20a22e,hotpotqa,1,2,False,False,,,False,False,no_frozen_plan_snapshot
5a81141855429938b61422ad,hotpotqa,0,1,False,False,,,False,False,no_frozen_plan_snapshot
5a8126265542995ce29dcbc9,hotpotqa,0,1,False,False,,,False,False,no_frozen_plan_snapshot
5a81329655429926c1cdad0c,hotpotqa,1,2,False,False,,,False,False,no_frozen_plan_snapshot
5a813b6f55429903bc27b951,hotpotqa,0,1,False,False,,,False,False,no_frozen_plan_snapshot
5a813e1b55429903bc27b958,hotpotqa,0,1,False,False,,,False,False,no_frozen_plan_snapshot
5a81418455429903bc27b95f,hotpotqa,1,2,False,False,,,False,False,no_frozen_plan_snapshot
5a81537355429926c1cdad20,hotpotqa,1,2,False,False,,,False,False,no_frozen_plan_snapshot
5a815c2e5542995ce29dcbe8,hotpotqa,0,1,False,False,,,False,False,no_frozen_plan_snapshot
5a81737155429903bc27b96f,hotpotqa,0,1,False,False,,,False,False,no_frozen_plan_snapshot
5a8173fa554299260e20a28e,hotpotqa,0,1,False,False,,,False,False,no_frozen_plan_snapshot
5a81778355429926c1cdad2e,hotpotqa,2,3,True,True,2,False,True,False,deep_hops_not_shallow
5a8192045542995ce29dcc04,hotpotqa,0,1,False,False,,,False,False,no_frozen_plan_snapshot
5a81967a55429926c1cdad44,hotpotqa,0,1,False,False,,,False,False,no_frozen_plan_snapshot
5a81a2e25542990a1d231e32,hotpotqa,0,1,False,False,,,False,False,no_frozen_plan_snapshot
5a81a4135542990a1d231e37,hotpotqa,-1,0,False,False,,,False,False,no_frozen_plan_snapshot
5a81a4615542995ce29dcc1e,hotpotqa,0,1,False,False,,,False,False,no_frozen_plan_snapshot
5a81a84e5542990a1d231e4e,hotpotqa,0,1,False,False,,,False,False,no_frozen_plan_snapshot
5a81b7205542990a1d231e79,hotpotqa,1,2,False,False,,,False,False,no_frozen_plan_snapshot
5a81cb2c5542990a1d231ec4,hotpotqa,0,1,False,False,,,False,False,no_frozen_plan_snapshot
5a81d19b55429926c1cdad90,hotpotqa,0,1,False,False,,,False,False,no_frozen_plan_snapshot
5a81d51a55429903bc27b9d2,hotpotqa,0,1,False,False,,,False,False,no_frozen_plan_snapshot
5a81d81e554299676cceb0f6,hotpotqa,1,2,False,False,,,False,False,no_frozen_plan_snapshot
5a81d92f554299676cceb0f9,hotpotqa,0,1,False,False,,,False,False,no_frozen_plan_snapshot
5a81db0b5542990a1d231ee2,hotpotqa,0,1,False,False,,,False,False,no_frozen_plan_snapshot
5a81e04455429903bc27b9f9,hotpotqa,1,2,False,False,,,False,False,no_frozen_plan_snapshot
5a81ee385542995ce29dcc88,hotpotqa,0,1,False,False,,,False,False,no_frozen_plan_snapshot
5a8205b755429926c1cdadee,hotpotqa,0,1,False,False,,,False,False,no_frozen_plan_snapshot
5a820897554299676cceb1f4,hotpotqa,0,1,False,False,,,False,False,no_frozen_plan_snapshot
5a820c0c554299676cceb1fc,hotpotqa,1,2,False,False,,,False,False,no_frozen_plan_snapshot
5a820f2c55429926c1cdae17,hotpotqa,0,1,False,False,,,False,False,no_frozen_plan_snapshot
5a820f2f554299676cceb1ff,hotpotqa,0,1,False,False,,,False,False,no_frozen_plan_snapshot
5a8220db5542995ce29dccc1,hotpotqa,0,1,False,False,,,False,False,no_frozen_plan_snapshot
5a82301155429926c1cdae4a,hotpotqa,-1,0,False,False,,,False,False,no_frozen_plan_snapshot
5a82360055429903bc27ba46,hotpotqa,2,3,True,True,2,False,True,False,deep_hops_not_shallow
5a823b355542990a1d231f6e,hotpotqa,0,1,False,False,,,False,False,no_frozen_plan_snapshot
5a824858554299676cceb247,hotpotqa,0,1,False,False,,,False,False,no_frozen_plan_snapshot
5a8249b85542990a1d231f8f,hotpotqa,1,2,False,False,,,False,False,no_frozen_plan_snapshot
5a824e0b554299676cceb254,hotpotqa,0,1,False,False,,,False,False,no_frozen_plan_snapshot
5a825bb455429940e5e1a874,hotpotqa,0,1,False,False,,,False,False,no_frozen_plan_snapshot
5a825f2155429954d2e2eb1b,hotpotqa,0,1,False,False,,,False,False,no_frozen_plan_snapshot
5a82626655429966c78a6a08,hotpotqa,0,1,False,False,,,False,False,no_frozen_plan_snapshot
5a826d2f5542995ce29dcd05,hotpotqa,0,1,False,False,,,False,False,no_frozen_plan_snapshot
5a827ce155429940e5e1a8d7,hotpotqa,0,1,False,False,,,False,False,no_frozen_plan_snapshot
5a828a7b55429954d2e2eb69,hotpotqa,0,1,False,False,,,False,False,no_frozen_plan_snapshot
5a828c3355429940e5e1a8f0,hotpotqa,0,1,False,False,,,False,False,no_frozen_plan_snapshot
5a82930655429966c78a6a5e,hotpotqa,1,2,False,False,,,False,False,no_frozen_plan_snapshot
5a829c1d55429966c78a6a67,hotpotqa,0,1,False,False,,,False,False,no_frozen_plan_snapshot
5a82c51055429966c78a6a8d,hotpotqa,1,2,False,False,,,False,False,no_frozen_plan_snapshot
5a82d71555429966c78a6a94,hotpotqa,0,1,False,False,,,False,False,no_frozen_plan_snapshot
5a82e25555429954d2e2ebbf,hotpotqa,0,1,False,False,,,False,False,no_frozen_plan_snapshot
5a82ebb855429966c78a6a9c,hotpotqa,0,1,False,False,,,False,False,no_frozen_plan_snapshot
5a82fe5055429966c78a6ad3,hotpotqa,0,1,False,False,,,False,False,no_frozen_plan_snapshot
5a83172455429954d2e2ec14,hotpotqa,0,1,False,False,,,False,False,no_frozen_plan_snapshot
5a8319b255429940e5e1a960,hotpotqa,0,1,False,False,,,False,False,no_frozen_plan_snapshot
5a8325b35542990548d0b18f,hotpotqa,0,1,False,False,,,False,False,no_frozen_plan_snapshot
5a832e715542990548d0b1bf,hotpotqa,0,1,False,False,,,False,False,no_frozen_plan_snapshot
5a832f9d5542993344745fe4,hotpotqa,0,1,False,False,,,False,False,no_frozen_plan_snapshot
5a8335d95542993344745ff1,hotpotqa,0,1,False,False,,,False,False,no_frozen_plan_snapshot
5a83411655429966c78a6b5d,hotpotqa,0,1,False,False,,,False,False,no_frozen_plan_snapshot
5a83431d5542993344745ff5,hotpotqa,0,1,False,False,,,False,False,no_frozen_plan_snapshot
5a835478554299123d8c20ed,hotpotqa,0,1,False,False,,,False,False,no_frozen_plan_snapshot
5a8359c7554299123d8c20fb,hotpotqa,0,1,False,False,,,False,False,no_frozen_plan_snapshot
5a835b88554299123d8c2101,hotpotqa,0,1,False,False,,,False,False,no_frozen_plan_snapshot
5a835c9f5542992ef85e228a,hotpotqa,0,1,False,False,,,False,False,no_frozen_plan_snapshot
5a836a765542996488c2e446,hotpotqa,0,1,False,False,,,False,False,no_frozen_plan_snapshot
5a83880e554299123d8c214e,hotpotqa,0,1,False,False,,,False,False,no_frozen_plan_snapshot
5a8393665542990548d0b1ea,hotpotqa,0,1,False,False,,,False,False,no_frozen_plan_snapshot
5a83938c5542993344746049,hotpotqa,0,1,False,False,,,False,False,no_frozen_plan_snapshot
5a83a30a5542992ef85e2339,hotpotqa,0,1,False,False,,,False,False,no_frozen_plan_snapshot
5a83a532554299334474606f,hotpotqa,0,1,False,False,,,False,False,no_frozen_plan_snapshot
5a83b1e75542990548d0b220,hotpotqa,0,1,False,False,,,False,False,no_frozen_plan_snapshot
5a83bfc8554299123d8c21a1,hotpotqa,0,1,False,False,,,False,False,no_frozen_plan_snapshot
5a83c56d5542996488c2e4c3,hotpotqa,0,1,False,False,,,False,False,no_frozen_plan_snapshot
5a83c9445542992ef85e2360,hotpotqa,0,1,False,False,,,False,False,no_frozen_plan_snapshot
5a83d7535542993344746093,hotpotqa,0,1,False,False,,,False,False,no_frozen_plan_snapshot
5a83dd2c554299334474609e,hotpotqa,0,1,False,False,,,False,False,no_frozen_plan_snapshot
5a83e98e5542992ef85e2387,hotpotqa,0,1,False,False,,,False,False,no_frozen_plan_snapshot
5a83ef745542996488c2e4f8,hotpotqa,1,2,False,False,,,False,False,no_frozen_plan_snapshot
5a83f07455429933447460be,hotpotqa,0,1,False,False,,,False,False,no_frozen_plan_snapshot
5a8408a9554299123d8c21d3,hotpotqa,1,2,False,False,,,False,False,no_frozen_plan_snapshot
5a840a9e5542992ef85e2397,hotpotqa,1,2,False,False,,,False,False,no_frozen_plan_snapshot
5a840e395542992ef85e239d,hotpotqa,0,1,False,False,,,False,False,no_frozen_plan_snapshot
5a8434445542996488c2e517,hotpotqa,0,1,False,False,,,False,False,no_frozen_plan_snapshot
5a84524a554299123d8c2203,hotpotqa,0,1,False,False,,,False,False,no_frozen_plan_snapshot
5a84564c5542990548d0b288,hotpotqa,0,1,False,False,,,False,False,no_frozen_plan_snapshot
5a8459aa5542996488c2e51e,hotpotqa,0,1,False,False,,,False,False,no_frozen_plan_snapshot
5a845b2d5542996488c2e520,hotpotqa,0,1,False,False,,,False,False,no_frozen_plan_snapshot
5a8460d5554299123d8c2229,hotpotqa,0,1,False,False,,,False,False,no_frozen_plan_snapshot
5a8463d05542990548d0b2a5,hotpotqa,0,1,False,False,,,False,False,no_frozen_plan_snapshot
5a8466a75542993344746108,hotpotqa,0,1,False,False,,,False,False,no_frozen_plan_snapshot
5a846da0554299334474611e,hotpotqa,0,1,False,False,,,False,False,no_frozen_plan_snapshot
5a84800f554299123d8c2276,hotpotqa,0,1,False,False,,,False,False,no_frozen_plan_snapshot
5a84807d554299123d8c2278,hotpotqa,0,1,False,False,,,False,False,no_frozen_plan_snapshot
5a8481945542997175ce1ed3,hotpotqa,0,1,False,False,,,False,False,no_frozen_plan_snapshot
5a8492ab5542992a431d1a5b,hotpotqa,0,1,False,False,,,False,False,no_frozen_plan_snapshot
5a84973e5542992a431d1a67,hotpotqa,0,1,False,False,,,False,False,no_frozen_plan_snapshot
5a84995d5542997b5ce3fee4,hotpotqa,1,2,False,False,,,False,False,no_frozen_plan_snapshot
5a84a7f95542992a431d1a85,hotpotqa,-1,0,False,False,,,False,False,no_frozen_plan_snapshot
5a84ac585542991dd0999d72,hotpotqa,0,1,False,False,,,False,False,no_frozen_plan_snapshot
5a84af3e5542991dd0999d7c,hotpotqa,0,1,False,False,,,False,False,no_frozen_plan_snapshot
5a84b4005542991dd0999d99,hotpotqa,1,2,False,False,,,False,False,no_frozen_plan_snapshot
5a84b5ac5542991dd0999da4,hotpotqa,0,1,False,False,,,False,False,no_frozen_plan_snapshot
5a84b5f05542991dd0999da5,hotpotqa,0,1,False,False,,,False,False,no_frozen_plan_snapshot
5a84b7db5542991dd0999db0,hotpotqa,0,1,False,False,,,False,False,no_frozen_plan_snapshot
5a84bda45542992a431d1a96,hotpotqa,0,1,False,False,,,False,False,no_frozen_plan_snapshot
5a84c0765542991dd0999dd9,hotpotqa,0,1,False,False,,,False,False,no_frozen_plan_snapshot
5a84c4135542994c784dda31,hotpotqa,0,1,False,False,,,False,False,no_frozen_plan_snapshot
5a84cb255542991dd0999dfa,hotpotqa,2,3,True,True,2,True,True,False,deep_hops_not_shallow
5a84d4555542992a431d1aac,hotpotqa,0,1,False,False,,,False,False,no_frozen_plan_snapshot
5a84d71c5542997b5ce3ff75,hotpotqa,0,1,False,False,,,False,False,no_frozen_plan_snapshot
5a84e61b5542997b5ce3ff86,hotpotqa,-1,0,False,False,,,False,False,no_frozen_plan_snapshot
5a84e9d35542994c784dda84,hotpotqa,0,1,False,False,,,False,False,no_frozen_plan_snapshot
5a84f06f5542994c784dda92,hotpotqa,1,2,False,False,,,False,False,no_frozen_plan_snapshot
5a84f6c55542997175ce1f36,hotpotqa,0,1,False,False,,,False,False,no_frozen_plan_snapshot
5a8501915542997175ce1f5a,hotpotqa,0,1,False,False,,,False,False,no_frozen_plan_snapshot
5a852cd05542997b5ce3ffb0,hotpotqa,2,3,True,True,2,False,True,False,deep_hops_not_shallow
5a855b5c5542997b5ce3ffeb,hotpotqa,0,1,False,False,,,False,False,no_frozen_plan_snapshot
5a8574945542997b5ce3fffb,hotpotqa,0,1,False,False,,,False,False,no_frozen_plan_snapshot
5a857cf35542994c784ddb1d,hotpotqa,0,1,False,False,,,False,False,no_frozen_plan_snapshot
5a8587dd5542997b5ce40000,hotpotqa,0,1,False,False,,,False,False,no_frozen_plan_snapshot
5a85bc2d5542994c784ddb70,hotpotqa,0,1,False,False,,,False,False,no_frozen_plan_snapshot
5a85c41a5542994c784ddb7a,hotpotqa,0,1,False,False,,,False,False,no_frozen_plan_snapshot
5a85db6e5542994c784ddb96,hotpotqa,0,1,False,False,,,False,False,no_frozen_plan_snapshot
5a85ecf25542991dd0999ec6,hotpotqa,1,2,False,False,,,False,False,no_frozen_plan_snapshot
5a85fa815542996432c57155,hotpotqa,0,1,False,False,,,False,False,no_frozen_plan_snapshot
5a85fc995542996432c5715f,hotpotqa,0,1,False,False,,,False,False,no_frozen_plan_snapshot
5a860642554299211dda2a3e,hotpotqa,0,1,False,False,,,False,False,no_frozen_plan_snapshot
5a860aa6554299211dda2a45,hotpotqa,1,2,False,False,,,False,False,no_frozen_plan_snapshot
5a86113355429960ec39b618,hotpotqa,0,1,False,False,,,False,False,no_frozen_plan_snapshot
5a861ea85542994775f60700,hotpotqa,0,1,False,False,,,False,False,no_frozen_plan_snapshot
5a86204d5542994775f60709,hotpotqa,0,1,False,False,,,False,False,no_frozen_plan_snapshot
5a8622ae554299211dda2a7e,hotpotqa,0,1,False,False,,,False,False,no_frozen_plan_snapshot
5a86294e5542994775f60715,hotpotqa,0,1,False,False,,,False,False,no_frozen_plan_snapshot
5a8634fe554299211dda2aac,hotpotqa,0,1,False,False,,,False,False,no_frozen_plan_snapshot
5a8646ec5542991e771815f2,hotpotqa,0,1,False,False,,,False,False,no_frozen_plan_snapshot
5a864ff7554299211dda2af2,hotpotqa,0,1,False,False,,,False,False,no_frozen_plan_snapshot
5a8656ca554299211dda2afc,hotpotqa,0,1,False,False,,,False,False,no_frozen_plan_snapshot
5a865e8a55429960ec39b67a,hotpotqa,0,1,False,False,,,False,False,no_frozen_plan_snapshot
5a8660ba55429960ec39b684,hotpotqa,0,1,False,False,,,False,False,no_frozen_plan_snapshot
5a8662b955429960ec39b687,hotpotqa,1,2,False,False,,,False,False,no_frozen_plan_snapshot
5a866b5b554299211dda2b23,hotpotqa,0,1,False,False,,,False,False,no_frozen_plan_snapshot
5a866fed554299211dda2b2e,hotpotqa,0,1,False,False,,,False,False,no_frozen_plan_snapshot
5a867089554299211dda2b30,hotpotqa,0,1,False,False,,,False,False,no_frozen_plan_snapshot
5a8675b1554299211dda2b44,hotpotqa,0,1,False,False,,,False,False,no_frozen_plan_snapshot
5a86ac555542996432c571e4,hotpotqa,0,1,False,False,,,False,False,no_frozen_plan_snapshot
5a86eee85542994775f60787,hotpotqa,0,1,False,False,,,False,False,no_frozen_plan_snapshot
5a86f13c554299211dda2b5e,hotpotqa,0,1,False,False,,,False,False,no_frozen_plan_snapshot
5a8708ba55429960ec39b701,hotpotqa,1,2,False,False,,,False,False,no_frozen_plan_snapshot
5a870a8e55429960ec39b707,hotpotqa,0,1,False,False,,,False,False,no_frozen_plan_snapshot
5a87100655429960ec39b71e,hotpotqa,0,1,False,False,,,False,False,no_frozen_plan_snapshot
5a8712095542991e771816af,hotpotqa,0,1,False,False,,,False,False,no_frozen_plan_snapshot
5a87136e5542991e771816b2,hotpotqa,0,1,False,False,,,False,False,no_frozen_plan_snapshot
5a87144155429960ec39b72b,hotpotqa,0,1,False,False,,,False,False,no_frozen_plan_snapshot
5a87184a5542991e771816c5,hotpotqa,0,1,False,False,,,False,False,no_frozen_plan_snapshot
5a8732505542991e77181713,hotpotqa,0,1,False,False,,,False,False,no_frozen_plan_snapshot
5a873b0d5542994775f607ad,hotpotqa,0,1,False,False,,,False,False,no_frozen_plan_snapshot
5a874ce15542996432c57256,hotpotqa,0,1,False,False,,,False,False,no_frozen_plan_snapshot
5a87560d5542994775f607d9,hotpotqa,0,1,False,False,,,False,False,no_frozen_plan_snapshot
5a87572d5542994846c1cd6b,hotpotqa,0,1,False,False,,,False,False,no_frozen_plan_snapshot
5a875b755542996e4f308796,hotpotqa,0,1,False,False,,,False,False,no_frozen_plan_snapshot
5a876a4a5542993e715abf30,hotpotqa,0,1,False,False,,,False,False,no_frozen_plan_snapshot
5a876b265542993e715abf33,hotpotqa,0,1,False,False,,,False,False,no_frozen_plan_snapshot
5a876cd55542993e715abf36,hotpotqa,0,1,False,False,,,False,False,no_frozen_plan_snapshot
5a876f785542993e715abf42,hotpotqa,1,2,False,False,,,False,False,no_frozen_plan_snapshot
5a8777395542996e4f3087f3,hotpotqa,2,3,True,True,0,False,True,False,deep_hops_not_shallow
5a8778d25542994846c1cd89,hotpotqa,0,1,False,False,,,False,False,no_frozen_plan_snapshot
5a8787305542996e4f30882d,hotpotqa,0,1,False,False,,,False,False,no_frozen_plan_snapshot
5a8789115542994846c1cd9a,hotpotqa,1,2,False,False,,,False,False,no_frozen_plan_snapshot
5a879adb5542996e4f30887f,hotpotqa,0,1,False,False,,,False,False,no_frozen_plan_snapshot
5a87a47c5542994846c1cdbd,hotpotqa,0,1,False,False,,,False,False,no_frozen_plan_snapshot
5a87a7235542996e4f3088a8,hotpotqa,0,1,False,False,,,False,False,no_frozen_plan_snapshot
5a87b30c5542994846c1cdcf,hotpotqa,0,1,False,False,,,False,False,no_frozen_plan_snapshot
5a87bc3f5542996432c57275,hotpotqa,0,1,False,False,,,False,False,no_frozen_plan_snapshot
5a87c13f5542996e4f30890c,hotpotqa,-1,0,False,False,,,False,False,no_frozen_plan_snapshot
5a87e5345542993e715abffb,hotpotqa,2,3,True,True,2,True,True,False,deep_hops_not_shallow
5a87ed5b5542994846c1cdfc,hotpotqa,3,4,True,True,3,False,True,False,deep_hops_not_shallow
5a87ee7b55429938390d3eb6,hotpotqa,1,2,False,False,,,False,False,no_frozen_plan_snapshot
5a87ef2f55429938390d3eb9,hotpotqa,0,1,False,False,,,False,False,no_frozen_plan_snapshot
5a88016b5542997e5c09a58a,hotpotqa,0,1,False,False,,,False,False,no_frozen_plan_snapshot
5a8809d755429938390d3ed6,hotpotqa,0,1,False,False,,,False,False,no_frozen_plan_snapshot
5a88341c5542994846c1ce20,hotpotqa,0,1,False,False,,,False,False,no_frozen_plan_snapshot
5a8834f05542994846c1ce26,hotpotqa,0,1,False,False,,,False,False,no_frozen_plan_snapshot
5a8835245542994846c1ce27,hotpotqa,0,1,False,False,,,False,False,no_frozen_plan_snapshot
5a88364c5542994846c1ce2e,hotpotqa,0,1,False,False,,,False,False,no_frozen_plan_snapshot
5a883afc5542994846c1ce48,hotpotqa,0,1,False,False,,,False,False,no_frozen_plan_snapshot
5a88401c5542994846c1ce60,hotpotqa,0,1,False,False,,,False,False,no_frozen_plan_snapshot
5a8841195542994846c1ce65,hotpotqa,0,1,False,False,,,False,False,no_frozen_plan_snapshot
5a8842435542994846c1ce6d,hotpotqa,0,1,False,False,,,False,False,no_frozen_plan_snapshot
5a8843cd5542994846c1ce75,hotpotqa,0,1,False,False,,,False,False,no_frozen_plan_snapshot
5a884adb5542996e4f308938,hotpotqa,0,1,False,False,,,False,False,no_frozen_plan_snapshot
5a886c0c55429938390d3f51,hotpotqa,0,1,False,False,,,False,False,no_frozen_plan_snapshot
5a887771554299206df2b294,hotpotqa,0,1,False,False,,,False,False,no_frozen_plan_snapshot
5a887f5c554299206df2b2c0,hotpotqa,1,2,False,False,,,False,False,no_frozen_plan_snapshot
5a8889405542997e5c09a5f9,hotpotqa,0,1,False,False,,,False,False,no_frozen_plan_snapshot
5a888b8e5542997e5c09a60a,hotpotqa,0,1,False,False,,,False,False,no_frozen_plan_snapshot
5a888fe6554299206df2b2f7,hotpotqa,0,1,False,False,,,False,False,no_frozen_plan_snapshot
5a88940055429938390d3f7b,hotpotqa,0,1,False,False,,,False,False,no_frozen_plan_snapshot
5a88982155429938390d3f81,hotpotqa,0,1,False,False,,,False,False,no_frozen_plan_snapshot
5a88a1bb5542997e5c09a64c,hotpotqa,0,1,False,False,,,False,False,no_frozen_plan_snapshot
5a88a1e55542997e5c09a64d,hotpotqa,0,1,False,False,,,False,False,no_frozen_plan_snapshot
5a88a42f554299206df2b317,hotpotqa,0,1,False,False,,,False,False,no_frozen_plan_snapshot
5a88a8f4554299206df2b320,hotpotqa,0,1,False,False,,,False,False,no_frozen_plan_snapshot
5a88ac3d554299206df2b328,hotpotqa,1,2,False,False,,,False,False,no_frozen_plan_snapshot
5a88c68d55429938390d3fba,hotpotqa,0,1,False,False,,,False,False,no_frozen_plan_snapshot
5a88cf7e5542993b751ca85b,hotpotqa,0,1,False,False,,,False,False,no_frozen_plan_snapshot
5a88d7875542993b751ca876,hotpotqa,0,1,False,False,,,False,False,no_frozen_plan_snapshot
5a88dcf9554299206df2b383,hotpotqa,0,1,False,False,,,False,False,no_frozen_plan_snapshot
5a88fa145542997e5c09a6e1,hotpotqa,0,1,False,False,,,False,False,no_frozen_plan_snapshot
5a88fa9e5542993b751ca8de,hotpotqa,0,1,False,False,,,False,False,no_frozen_plan_snapshot
5a88fc4255429938390d4019,hotpotqa,0,1,False,False,,,False,False,no_frozen_plan_snapshot
5a8900c75542997e5c09a6ed,hotpotqa,0,1,False,False,,,False,False,no_frozen_plan_snapshot
5a891e1e5542993b751ca913,hotpotqa,0,1,False,False,,,False,False,no_frozen_plan_snapshot
5a8933fe55429951533612df,hotpotqa,3,4,True,True,0,False,True,False,deep_hops_not_shallow
5a893f305542993b751ca91e,hotpotqa,1,2,False,False,,,False,False,no_frozen_plan_snapshot
5a894bea55429946c8d6e910,hotpotqa,0,1,False,False,,,False,False,no_frozen_plan_snapshot
5a895d305542993b751ca931,hotpotqa,3,4,True,True,0,False,True,False,deep_hops_not_shallow
5a8986fd55429938390d4046,hotpotqa,1,2,False,False,,,False,False,no_frozen_plan_snapshot
5a899b6455429946c8d6e955,hotpotqa,1,2,False,False,,,False,False,no_frozen_plan_snapshot
5a89b8f0554299669944a580,hotpotqa,0,1,False,False,,,False,False,no_frozen_plan_snapshot
5a89bb0b5542992e4fca83a0,hotpotqa,0,1,False,False,,,False,False,no_frozen_plan_snapshot
5a89d26b5542992e4fca83d1,hotpotqa,0,1,False,False,,,False,False,no_frozen_plan_snapshot
5a89d2d75542992e4fca83d2,hotpotqa,0,1,False,False,,,False,False,no_frozen_plan_snapshot
5a89d36e554299515336132a,hotpotqa,0,1,False,False,,,False,False,no_frozen_plan_snapshot
5a89dbec554299669944a5d6,hotpotqa,0,1,False,False,,,False,False,no_frozen_plan_snapshot
5a89dfcc55429946c8d6e9f0,hotpotqa,0,1,False,False,,,False,False,no_frozen_plan_snapshot
5a89e0ec5542992e4fca8427,hotpotqa,0,1,False,False,,,False,False,no_frozen_plan_snapshot
5a89e2785542992e4fca843d,hotpotqa,0,1,False,False,,,False,False,no_frozen_plan_snapshot
5a89e28f5542992e4fca843e,hotpotqa,0,1,False,False,,,False,False,no_frozen_plan_snapshot
5a89e4585542992e4fca8454,hotpotqa,1,2,False,False,,,False,False,no_frozen_plan_snapshot
5a89e6615542992e4fca8462,hotpotqa,0,1,False,False,,,False,False,no_frozen_plan_snapshot
5a89e92c5542993b751ca9af,hotpotqa,1,2,False,False,,,False,False,no_frozen_plan_snapshot
5a89f5815542993b751ca9c5,hotpotqa,0,1,False,False,,,False,False,no_frozen_plan_snapshot
5a89f58f5542992e4fca84af,hotpotqa,0,1,False,False,,,False,False,no_frozen_plan_snapshot
5a89f6235542993b751ca9c7,hotpotqa,0,1,False,False,,,False,False,no_frozen_plan_snapshot
5a89fb525542993b751ca9d6,hotpotqa,0,1,False,False,,,False,False,no_frozen_plan_snapshot
5a89fea655429970aeb701eb,hotpotqa,3,4,True,True,3,False,True,False,deep_hops_not_shallow
5a8a06455542992e4fca84db,hotpotqa,0,1,False,False,,,False,False,no_frozen_plan_snapshot
5a8a09765542992d82986e67,hotpotqa,0,1,False,False,,,False,False,no_frozen_plan_snapshot
5a8a19c45542992e4fca8501,hotpotqa,0,1,False,False,,,False,False,no_frozen_plan_snapshot
5a8a1a9c5542992d82986ebb,hotpotqa,0,1,False,False,,,False,False,no_frozen_plan_snapshot
5a8a1aea5542992e4fca8508,hotpotqa,0,1,False,False,,,False,False,no_frozen_plan_snapshot
5a8a1b7a5542992d82986ec0,hotpotqa,3,4,True,True,0,False,True,False,deep_hops_not_shallow
5a8a1dbc55429970aeb7025a,hotpotqa,0,1,False,False,,,False,False,no_frozen_plan_snapshot
5a8a265b5542992d82986ecc,hotpotqa,1,2,False,False,,,False,False,no_frozen_plan_snapshot
5a8a2a5555429930ff3c0ccc,hotpotqa,0,1,False,False,,,False,False,no_frozen_plan_snapshot
5a8a32d65542992d82986ef4,hotpotqa,0,1,False,False,,,False,False,no_frozen_plan_snapshot
5a8a38135542996c9b8d5e59,hotpotqa,1,2,False,False,,,False,False,no_frozen_plan_snapshot
5a8a39b355429930ff3c0d13,hotpotqa,0,1,False,False,,,False,False,no_frozen_plan_snapshot
5a8a3a355542996c9b8d5e5e,hotpotqa,0,1,False,False,,,False,False,no_frozen_plan_snapshot
5a8a3dd55542995153361360,hotpotqa,0,1,False,False,,,False,False,no_frozen_plan_snapshot
5a8a484f5542996c9b8d5e94,hotpotqa,0,1,False,False,,,False,False,no_frozen_plan_snapshot
5a8a495055429930ff3c0d6a,hotpotqa,1,2,False,False,,,False,False,no_frozen_plan_snapshot
5a8a573355429970aeb7029a,hotpotqa,1,2,False,False,,,False,False,no_frozen_plan_snapshot
5a8a575a554299515336136e,hotpotqa,0,1,False,False,,,False,False,no_frozen_plan_snapshot
5a8a57fe55429930ff3c0da0,hotpotqa,-1,0,False,False,,,False,False,no_frozen_plan_snapshot
5a8a59c955429930ff3c0da6,hotpotqa,0,1,False,False,,,False,False,no_frozen_plan_snapshot
5a8a5c0d554299515336137b,hotpotqa,0,1,False,False,,,False,False,no_frozen_plan_snapshot
5a8a647b55429930ff3c0dc1,hotpotqa,0,1,False,False,,,False,False,no_frozen_plan_snapshot
5a8a7d2b55429930ff3c0dfc,hotpotqa,0,1,False,False,,,False,False,no_frozen_plan_snapshot
5a8a9bc15542996c9b8d5f36,hotpotqa,0,1,False,False,,,False,False,no_frozen_plan_snapshot
5a8aad0d5542992d82986f55,hotpotqa,0,1,False,False,,,False,False,no_frozen_plan_snapshot
5a8abb115542992d82986f66,hotpotqa,0,1,False,False,,,False,False,no_frozen_plan_snapshot
5a8abcab5542996c9b8d5f67,hotpotqa,0,1,False,False,,,False,False,no_frozen_plan_snapshot
5a8ac02d5542996c9b8d5f6f,hotpotqa,0,1,False,False,,,False,False,no_frozen_plan_snapshot
5a8ac4085542992d82986f74,hotpotqa,1,2,False,False,,,False,False,no_frozen_plan_snapshot
5a8ac44055429970aeb70304,hotpotqa,1,2,False,False,,,False,False,no_frozen_plan_snapshot
5a8ac5595542992d82986f77,hotpotqa,0,1,False,False,,,False,False,no_frozen_plan_snapshot
5a8ad8305542992d82986f9d,hotpotqa,0,1,False,False,,,False,False,no_frozen_plan_snapshot
5a8ae0ae55429950cd6afbc2,hotpotqa,0,1,False,False,,,False,False,no_frozen_plan_snapshot
5a8af11a55429950cd6afc21,hotpotqa,1,2,False,False,,,False,False,no_frozen_plan_snapshot
5a8af28555429951533613b5,hotpotqa,0,1,False,False,,,False,False,no_frozen_plan_snapshot
5a8af56855429950cd6afc2f,hotpotqa,0,1,False,False,,,False,False,no_frozen_plan_snapshot
5a8af92c55429950cd6afc33,hotpotqa,0,1,False,False,,,False,False,no_frozen_plan_snapshot
5a8af94455429971feec45b6,hotpotqa,0,1,False,False,,,False,False,no_frozen_plan_snapshot
5a8afa4d55429949d91db44c,hotpotqa,0,1,False,False,,,False,False,no_frozen_plan_snapshot
5a8afb9955429971feec45c2,hotpotqa,0,1,False,False,,,False,False,no_frozen_plan_snapshot
5a8aff3d55429971feec45df,hotpotqa,0,1,False,False,,,False,False,no_frozen_plan_snapshot
5a8b057255429971feec4611,hotpotqa,0,1,False,False,,,False,False,no_frozen_plan_snapshot
5a8b058055429971feec4612,hotpotqa,0,1,False,False,,,False,False,no_frozen_plan_snapshot
5a8b05c855429949d91db46a,hotpotqa,0,1,False,False,,,False,False,no_frozen_plan_snapshot
5a8b24f255429950cd6afc56,hotpotqa,0,1,False,False,,,False,False,no_frozen_plan_snapshot
5a8b2a0355429971feec465b,hotpotqa,0,1,False,False,,,False,False,no_frozen_plan_snapshot
5a8b349a55429971feec466b,hotpotqa,0,1,False,False,,,False,False,no_frozen_plan_snapshot
5a8b3af455429971feec467b,hotpotqa,-1,0,False,False,,,False,False,no_frozen_plan_snapshot
5a8b3c0055429949d91db4f8,hotpotqa,0,1,False,False,,,False,False,no_frozen_plan_snapshot
5a8b3c5b55429971feec4684,hotpotqa,0,1,False,False,,,False,False,no_frozen_plan_snapshot
5a8b3fe85542995d1e6f1323,hotpotqa,1,2,False,False,,,False,False,no_frozen_plan_snapshot
5a8b448255429971feec468c,hotpotqa,0,1,False,False,,,False,False,no_frozen_plan_snapshot
5a8b45765542995d1e6f1333,hotpotqa,1,2,False,False,,,False,False,no_frozen_plan_snapshot
5a8b465855429949d91db522,hotpotqa,1,2,False,False,,,False,False,no_frozen_plan_snapshot
5a8b4ec155429949d91db53f,hotpotqa,0,1,False,False,,,False,False,no_frozen_plan_snapshot
5a8b50475542997f31a41cd4,hotpotqa,0,1,False,False,,,False,False,no_frozen_plan_snapshot
5a8b5b1c5542995d1e6f1387,hotpotqa,0,1,False,False,,,False,False,no_frozen_plan_snapshot
5a8b6a5155429949d91db5a3,hotpotqa,0,1,False,False,,,False,False,no_frozen_plan_snapshot
5a8b6eba55429950cd6afcfc,hotpotqa,1,2,False,False,,,False,False,no_frozen_plan_snapshot
5a8b6ee255429950cd6afcfd,hotpotqa,0,1,False,False,,,False,False,no_frozen_plan_snapshot
5a8b7d925542995d1e6f13bd,hotpotqa,0,1,False,False,,,False,False,no_frozen_plan_snapshot
5a8b7dab5542997f31a41d4c,hotpotqa,0,1,False,False,,,False,False,no_frozen_plan_snapshot
5a8b91d25542995d1e6f13fc,hotpotqa,0,1,False,False,,,False,False,no_frozen_plan_snapshot
5a8ba07d5542996e8ac88985,hotpotqa,0,1,False,False,,,False,False,no_frozen_plan_snapshot
5a8babf05542996e8ac8899e,hotpotqa,0,1,False,False,,,False,False,no_frozen_plan_snapshot
5a8bbb8c5542995d1e6f142e,hotpotqa,0,1,False,False,,,False,False,no_frozen_plan_snapshot
5a8bc1565542996e8ac88a0c,hotpotqa,0,1,False,False,,,False,False,no_frozen_plan_snapshot
5a8bd2f95542997f31a41dd2,hotpotqa,0,1,False,False,,,False,False,no_frozen_plan_snapshot
5a8bd43c5542997f31a41dd6,hotpotqa,0,1,False,False,,,False,False,no_frozen_plan_snapshot
5a8bd49d5542997f31a41dd7,hotpotqa,1,2,False,False,,,False,False,no_frozen_plan_snapshot
5a8bd4d65542997f31a41dd8,hotpotqa,0,1,False,False,,,False,False,no_frozen_plan_snapshot
5a8bd9c95542997f31a41de2,hotpotqa,1,2,False,False,,,False,False,no_frozen_plan_snapshot
5a8be8215542995e66a47518,hotpotqa,2,3,True,True,1,False,True,False,deep_hops_not_shallow
5a8c2d23554299240d9c20b7,hotpotqa,0,1,False,False,,,False,False,no_frozen_plan_snapshot
5a8c30f6554299240d9c20d1,hotpotqa,0,1,False,False,,,False,False,no_frozen_plan_snapshot
5a8c493e554299653c1aa020,hotpotqa,0,1,False,False,,,False,False,no_frozen_plan_snapshot
5a8c51f0554299240d9c2111,hotpotqa,0,1,False,False,,,False,False,no_frozen_plan_snapshot
5a8c5be0554299653c1aa04b,hotpotqa,1,2,False,False,,,False,False,no_frozen_plan_snapshot
5a8c5eca554299240d9c213d,hotpotqa,0,1,False,False,,,False,False,no_frozen_plan_snapshot
5a8c6342554299240d9c214a,hotpotqa,0,1,False,False,,,False,False,no_frozen_plan_snapshot
5a8c6bd55542995e66a475ea,hotpotqa,0,1,False,False,,,False,False,no_frozen_plan_snapshot
5a8c6d4e5542996e8ac88aa6,hotpotqa,0,1,False,False,,,False,False,no_frozen_plan_snapshot
5a8c7232554299585d9e36a6,hotpotqa,0,1,False,False,,,False,False,no_frozen_plan_snapshot
5a8c758d5542995e66a475ff,hotpotqa,0,1,False,False,,,False,False,no_frozen_plan_snapshot
5a8c78a8554299585d9e36bc,hotpotqa,3,4,True,True,3,True,True,False,deep_hops_not_shallow
5a8c87aa554299653c1aa0ac,hotpotqa,0,1,False,False,,,False,False,no_frozen_plan_snapshot
5a8c90db554299653c1aa0bf,hotpotqa,0,1,False,False,,,False,False,no_frozen_plan_snapshot
5a8cac04554299240d9c21ce,hotpotqa,0,1,False,False,,,False,False,no_frozen_plan_snapshot
5a8cacce554299585d9e3718,hotpotqa,0,1,False,False,,,False,False,no_frozen_plan_snapshot
5a8cb288554299585d9e3726,hotpotqa,0,1,False,False,,,False,False,no_frozen_plan_snapshot
5a8cbce1554299653c1aa103,hotpotqa,0,1,False,False,,,False,False,no_frozen_plan_snapshot
5a8cc08455429941ae14deea,hotpotqa,0,1,False,False,,,False,False,no_frozen_plan_snapshot
5a8cc602554299653c1aa11a,hotpotqa,0,1,False,False,,,False,False,no_frozen_plan_snapshot
5a8cc8c2554299441c6b9efc,hotpotqa,0,1,False,False,,,False,False,no_frozen_plan_snapshot
5a8cd291554299441c6b9f14,hotpotqa,0,1,False,False,,,False,False,no_frozen_plan_snapshot
5a8cd6de55429941ae14df07,hotpotqa,0,1,False,False,,,False,False,no_frozen_plan_snapshot
5a8cddd1554299441c6b9f3a,hotpotqa,1,2,False,False,,,False,False,no_frozen_plan_snapshot
5a8ce55f554299441c6b9f62,hotpotqa,0,1,False,False,,,False,False,no_frozen_plan_snapshot
5a8ce88c55429941ae14df3b,hotpotqa,0,1,False,False,,,False,False,no_frozen_plan_snapshot
5a8cee9b554299441c6b9f87,hotpotqa,1,2,False,False,,,False,False,no_frozen_plan_snapshot
5a8cefc155429941ae14df55,hotpotqa,2,3,True,True,2,False,True,False,deep_hops_not_shallow
5a8cf064554299585d9e3775,hotpotqa,0,1,False,False,,,False,False,no_frozen_plan_snapshot
5a8cfa2e554299585d9e378b,hotpotqa,0,1,False,False,,,False,False,no_frozen_plan_snapshot
5a8cfee555429941ae14df5c,hotpotqa,0,1,False,False,,,False,False,no_frozen_plan_snapshot
5a8d02cc554299441c6b9fb6,hotpotqa,0,1,False,False,,,False,False,no_frozen_plan_snapshot
5a8d0c1b5542994ba4e3dbb3,hotpotqa,0,1,False,False,,,False,False,no_frozen_plan_snapshot
5a8d0e4e5542994ba4e3dbbf,hotpotqa,0,1,False,False,,,False,False,no_frozen_plan_snapshot
5a8d0efd5542994ba4e3dbc6,hotpotqa,0,1,False,False,,,False,False,no_frozen_plan_snapshot
5a8d40585542994ba4e3dc39,hotpotqa,1,2,False,False,,,False,False,no_frozen_plan_snapshot
5a8d40715542994ba4e3dc3a,hotpotqa,0,1,False,False,,,False,False,no_frozen_plan_snapshot
5a8d51355542994ba4e3dc6b,hotpotqa,0,1,False,False,,,False,False,no_frozen_plan_snapshot
5a8d75f35542994ba4e3dc8b,hotpotqa,0,1,False,False,,,False,False,no_frozen_plan_snapshot
5a8d7edc55429941ae14dfdc,hotpotqa,0,1,False,False,,,False,False,no_frozen_plan_snapshot
5a8d7f2b554299068b959d0c,hotpotqa,0,1,False,False,,,False,False,no_frozen_plan_snapshot
5a8d838955429941ae14dfe5,hotpotqa,0,1,False,False,,,False,False,no_frozen_plan_snapshot
5a8d8abf5542994ba4e3dca1,hotpotqa,1,2,False,False,,,False,False,no_frozen_plan_snapshot
5a8d8f77554299068b959d3e,hotpotqa,0,1,False,False,,,False,False,no_frozen_plan_snapshot
5a8d9573554299068b959d51,hotpotqa,0,1,False,False,,,False,False,no_frozen_plan_snapshot
5a8d9e0f554299441c6ba015,hotpotqa,0,1,False,False,,,False,False,no_frozen_plan_snapshot
5a8da0b85542994ba4e3dcd3,hotpotqa,0,1,False,False,,,False,False,no_frozen_plan_snapshot
5a8da1815542994ba4e3dcd7,hotpotqa,0,1,False,False,,,False,False,no_frozen_plan_snapshot
5a8da70a5542994ba4e3dcea,hotpotqa,0,1,False,False,,,False,False,no_frozen_plan_snapshot
5a8da97c554299068b959d84,hotpotqa,0,1,False,False,,,False,False,no_frozen_plan_snapshot
5a8dab16554299068b959d89,hotpotqa,1,2,False,False,,,False,False,no_frozen_plan_snapshot
5a8dacf2554299068b959d91,hotpotqa,0,1,False,False,,,False,False,no_frozen_plan_snapshot
5a8dad37554299068b959d94,hotpotqa,0,1,False,False,,,False,False,no_frozen_plan_snapshot
5a8dafbd554299068b959da0,hotpotqa,0,1,False,False,,,False,False,no_frozen_plan_snapshot
5a8db42f5542994ba4e3dd11,hotpotqa,0,1,False,False,,,False,False,no_frozen_plan_snapshot
5a8db9b3554299068b959dde,hotpotqa,0,1,False,False,,,False,False,no_frozen_plan_snapshot
5a8dcbc0554299068b959df4,hotpotqa,0,1,False,False,,,False,False,no_frozen_plan_snapshot
5a8dce155542994ba4e3dd24,hotpotqa,0,1,False,False,,,False,False,no_frozen_plan_snapshot
5a8dd5b855429917b4a5bcc6,hotpotqa,0,1,False,False,,,False,False,no_frozen_plan_snapshot
5a8dde01554299653c1aa159,hotpotqa,0,1,False,False,,,False,False,no_frozen_plan_snapshot
5a8de5d55542995085b3734d,hotpotqa,0,1,False,False,,,False,False,no_frozen_plan_snapshot
5a8dfae55542995085b3736b,hotpotqa,0,1,False,False,,,False,False,no_frozen_plan_snapshot
5a8e08ab5542995085b37393,hotpotqa,1,2,False,False,,,False,False,no_frozen_plan_snapshot
5a8e0a005542995085b373a1,hotpotqa,0,1,False,False,,,False,False,no_frozen_plan_snapshot
5a8e2ba05542995085b373b8,hotpotqa,0,1,False,False,,,False,False,no_frozen_plan_snapshot
5a8e32d35542995a26add480,hotpotqa,0,1,False,False,,,False,False,no_frozen_plan_snapshot
5a8e341c5542995085b373d6,hotpotqa,0,1,False,False,,,False,False,no_frozen_plan_snapshot
5a8e3ed7554299068b959e82,hotpotqa,1,2,False,False,,,False,False,no_frozen_plan_snapshot
5a8e40f65542995a26add498,hotpotqa,0,1,False,False,,,False,False,no_frozen_plan_snapshot
5a8e41735542995085b37406,hotpotqa,0,1,False,False,,,False,False,no_frozen_plan_snapshot
5a8e463a5542995a26add4b7,hotpotqa,0,1,False,False,,,False,False,no_frozen_plan_snapshot
5a8e482c5542995a26add4c3,hotpotqa,1,2,False,False,,,False,False,no_frozen_plan_snapshot
5a8e4a7355429917b4a5bd80,hotpotqa,1,2,False,False,,,False,False,no_frozen_plan_snapshot
5a8e612b5542995085b3741b,hotpotqa,0,1,False,False,,,False,False,no_frozen_plan_snapshot
5a8e83545542990e94052b28,hotpotqa,0,1,False,False,,,False,False,no_frozen_plan_snapshot
5a8ec6fd55429917b4a5bdc1,hotpotqa,0,1,False,False,,,False,False,no_frozen_plan_snapshot
5a8ec7cc5542995a26add518,hotpotqa,1,2,False,False,,,False,False,no_frozen_plan_snapshot
5a8ee02955429917b4a5bdfa,hotpotqa,0,1,False,False,,,False,False,no_frozen_plan_snapshot
5a8eed625542995085b374b9,hotpotqa,0,1,False,False,,,False,False,no_frozen_plan_snapshot
5a8ef2a75542995a26add583,hotpotqa,0,1,False,False,,,False,False,no_frozen_plan_snapshot
5a8f03855542997ba9cb3186,hotpotqa,0,1,False,False,,,False,False,no_frozen_plan_snapshot
5a8f05b1554299458435d517,hotpotqa,0,1,False,False,,,False,False,no_frozen_plan_snapshot
5a8f0de35542995b44241f40,hotpotqa,0,1,False,False,,,False,False,no_frozen_plan_snapshot
5a8f122955429918e830d17f,hotpotqa,0,1,False,False,,,False,False,no_frozen_plan_snapshot
5a8f12705542997ba9cb31be,hotpotqa,0,1,False,False,,,False,False,no_frozen_plan_snapshot
5a8f137355429918e830d180,hotpotqa,0,1,False,False,,,False,False,no_frozen_plan_snapshot
5a8f141e55429918e830d181,hotpotqa,0,1,False,False,,,False,False,no_frozen_plan_snapshot
5a8f15d2554299458435d551,hotpotqa,0,1,False,False,,,False,False,no_frozen_plan_snapshot
5a8f1672554299458435d558,hotpotqa,0,1,False,False,,,False,False,no_frozen_plan_snapshot
5a8f186055429918e830d186,hotpotqa,0,1,False,False,,,False,False,no_frozen_plan_snapshot
5a8f21c755429918e830d195,hotpotqa,0,1,False,False,,,False,False,no_frozen_plan_snapshot
5a8f25175542997ba9cb31ea,hotpotqa,0,1,False,False,,,False,False,no_frozen_plan_snapshot
5a8f38fa55429924144829f5,hotpotqa,0,1,False,False,,,False,False,no_frozen_plan_snapshot
5a8f45385542997ba9cb320a,hotpotqa,0,1,False,False,,,False,False,no_frozen_plan_snapshot
5a8f47a55542997ba9cb3219,hotpotqa,3,4,True,True,1,False,False,False,deep_hops_not_shallow
5a8f4c8d554299458435d5a3,hotpotqa,0,1,False,False,,,False,False,no_frozen_plan_snapshot
5a8f503c5542992414482a34,hotpotqa,0,1,False,False,,,False,False,no_frozen_plan_snapshot
5a8f51185542992414482a3d,hotpotqa,0,1,False,False,,,False,False,no_frozen_plan_snapshot
5a8f5273554299458435d5b1,hotpotqa,1,2,False,False,,,False,False,no_frozen_plan_snapshot
5a8f53ad5542992414482a50,hotpotqa,0,1,False,False,,,False,False,no_frozen_plan_snapshot
5a8f54165542992414482a52,hotpotqa,0,1,False,False,,,False,False,no_frozen_plan_snapshot
5a8f541e5542992414482a53,hotpotqa,3,4,True,True,2,False,True,False,deep_hops_not_shallow
5a8f55aa554299458435d5bc,hotpotqa,0,1,False,False,,,False,False,no_frozen_plan_snapshot
5a8f5be9554299458435d5ed,hotpotqa,0,1,False,False,,,False,False,no_frozen_plan_snapshot
5a8f60175542992414482a90,hotpotqa,0,1,False,False,,,False,False,no_frozen_plan_snapshot
5a8f64605542992414482aaa,hotpotqa,0,1,False,False,,,False,False,no_frozen_plan_snapshot
5a8f69b55542997ba9cb324f,hotpotqa,1,2,False,False,,,False,False,no_frozen_plan_snapshot
5a8f6a025542992414482ab8,hotpotqa,1,2,False,False,,,False,False,no_frozen_plan_snapshot
5a8f6e295542992414482ac6,hotpotqa,0,1,False,False,,,False,False,no_frozen_plan_snapshot
5a8f73455542997ba9cb3269,hotpotqa,0,1,False,False,,,False,False,no_frozen_plan_snapshot
5a8f791c5542992414482ad9,hotpotqa,0,1,False,False,,,False,False,no_frozen_plan_snapshot
5a8f799d55429918e830d22d,hotpotqa,1,2,False,False,,,False,False,no_frozen_plan_snapshot
5a8f7c9a55429918e830d239,hotpotqa,0,1,False,False,,,False,False,no_frozen_plan_snapshot
5a8f97305542997ba9cb32e3,hotpotqa,0,1,False,False,,,False,False,no_frozen_plan_snapshot
5a8f979255429918e830d288,hotpotqa,0,1,False,False,,,False,False,no_frozen_plan_snapshot
5a8f9cdb554299458435d69c,hotpotqa,0,1,False,False,,,False,False,no_frozen_plan_snapshot
5a8fbfcd5542997ba9cb3316,hotpotqa,0,1,False,False,,,False,False,no_frozen_plan_snapshot
5a8fc3b155429933b8a20454,hotpotqa,0,1,False,False,,,False,False,no_frozen_plan_snapshot
5a901e5c55429933b8a2047c,hotpotqa,0,1,False,False,,,False,False,no_frozen_plan_snapshot
5a90206155429933b8a20481,hotpotqa,1,2,False,False,,,False,False,no_frozen_plan_snapshot
5a902d5155429933b8a2048d,hotpotqa,0,1,False,False,,,False,False,no_frozen_plan_snapshot
5a9030ef5542995651fb50e4,hotpotqa,0,1,False,False,,,False,False,no_frozen_plan_snapshot
5a90386455429916514e7435,hotpotqa,1,2,False,False,,,False,False,no_frozen_plan_snapshot
5a903b7f55429933b8a204af,hotpotqa,0,1,False,False,,,False,False,no_frozen_plan_snapshot
5a90503755429916514e7470,hotpotqa,0,1,False,False,,,False,False,no_frozen_plan_snapshot
5a9051615542995651fb5136,hotpotqa,0,1,False,False,,,False,False,no_frozen_plan_snapshot
5a9052765542995651fb513d,hotpotqa,1,2,False,False,,,False,False,no_frozen_plan_snapshot
5a9057795542990a984935f7,hotpotqa,0,1,False,False,,,False,False,no_frozen_plan_snapshot
5a905cea55429933b8a204f4,hotpotqa,0,1,False,False,,,False,False,no_frozen_plan_snapshot
5a905f2a55429933b8a204fb,hotpotqa,0,1,False,False,,,False,False,no_frozen_plan_snapshot
5a90629855429916514e749e,hotpotqa,0,1,False,False,,,False,False,no_frozen_plan_snapshot
5a9064c755429916514e74a6,hotpotqa,0,1,False,False,,,False,False,no_frozen_plan_snapshot
5a9068f85542990a98493623,hotpotqa,0,1,False,False,,,False,False,no_frozen_plan_snapshot
5a906a685542990a9849362e,hotpotqa,1,2,False,False,,,False,False,no_frozen_plan_snapshot
5a906c795542990a98493640,hotpotqa,1,2,False,False,,,False,False,no_frozen_plan_snapshot
5a9070dd5542995b442420b5,hotpotqa,0,1,False,False,,,False,False,no_frozen_plan_snapshot
5a9087ac5542990a98493668,hotpotqa,-1,0,False,False,,,False,False,no_frozen_plan_snapshot
5a90991d5542990a9849366b,hotpotqa,0,1,False,False,,,False,False,no_frozen_plan_snapshot
5a90ab995542990a98493683,hotpotqa,1,2,False,False,,,False,False,no_frozen_plan_snapshot
5a90af865542990a9849369c,hotpotqa,0,1,False,False,,,False,False,no_frozen_plan_snapshot
5a90b1a15542990a984936ab,hotpotqa,0,1,False,False,,,False,False,no_frozen_plan_snapshot
5a90b2175542990a984936ae,hotpotqa,0,1,False,False,,,False,False,no_frozen_plan_snapshot
5a90b3c65542990a984936b7,hotpotqa,2,3,True,True,2,True,True,False,deep_hops_not_shallow
5a90ba1b55429933b8a205c6,hotpotqa,-1,0,False,False,,,False,False,no_frozen_plan_snapshot
5a90bb4e55429916514e7536,hotpotqa,0,1,False,False,,,False,False,no_frozen_plan_snapshot
5a90bd7b55429916514e7547,hotpotqa,0,1,False,False,,,False,False,no_frozen_plan_snapshot
5a90c8165542995651fb51ee,hotpotqa,0,1,False,False,,,False,False,no_frozen_plan_snapshot
5ab1cdf8554299722f9b4c84,hotpotqa,0,1,False,False,,,False,False,no_frozen_plan_snapshot
5ab1d6545542997061209588,hotpotqa,0,1,False,False,,,False,False,no_frozen_plan_snapshot
5ab1d7ac554299449642c7e6,hotpotqa,1,2,False,False,,,False,False,no_frozen_plan_snapshot
5ab1e36d554299449642c7f9,hotpotqa,0,1,False,False,,,False,False,no_frozen_plan_snapshot
5ab1e3bb554299340b52541a,hotpotqa,1,2,False,False,,,False,False,no_frozen_plan_snapshot
5ab1eac95542993be8fa987f,hotpotqa,0,1,False,False,,,False,False,no_frozen_plan_snapshot
5ab207f65542993be8fa98b8,hotpotqa,0,1,False,False,,,False,False,no_frozen_plan_snapshot
5ab2342a5542993be8fa98c3,hotpotqa,0,1,False,False,,,False,False,no_frozen_plan_snapshot
5ab2383155429970612095c1,hotpotqa,0,1,False,False,,,False,False,no_frozen_plan_snapshot
5ab2421555429970612095cc,hotpotqa,0,1,False,False,,,False,False,no_frozen_plan_snapshot
5ab250b9554299722f9b4cd9,hotpotqa,0,1,False,False,,,False,False,no_frozen_plan_snapshot
5ab2659e554299340b5254b2,hotpotqa,0,1,False,False,,,False,False,no_frozen_plan_snapshot
5ab2771e554299340b5254d8,hotpotqa,0,1,False,False,,,False,False,no_frozen_plan_snapshot
5ab28120554299449642c8cc,hotpotqa,0,1,False,False,,,False,False,no_frozen_plan_snapshot
5ab283d9554299449642c8d8,hotpotqa,0,1,False,False,,,False,False,no_frozen_plan_snapshot
5ab285d1554299449642c8dd,hotpotqa,-1,0,False,False,,,False,False,no_frozen_plan_snapshot
5ab2861b554299449642c8df,hotpotqa,0,1,False,False,,,False,False,no_frozen_plan_snapshot
5ab288a05542993be8fa993b,hotpotqa,0,1,False,False,,,False,False,no_frozen_plan_snapshot
5ab28b12554299449642c8ee,hotpotqa,1,2,False,False,,,False,False,no_frozen_plan_snapshot
5ab28b395542993be8fa9941,hotpotqa,1,2,False,False,,,False,False,no_frozen_plan_snapshot
5ab28c73554299340b525512,hotpotqa,0,1,False,False,,,False,False,no_frozen_plan_snapshot
5ab28e2a5542993be8fa9947,hotpotqa,1,2,False,False,,,False,False,no_frozen_plan_snapshot
5ab29486554299545a2cf9a4,hotpotqa,0,1,False,False,,,False,False,no_frozen_plan_snapshot
5ab294a6554299545a2cf9a6,hotpotqa,1,2,False,False,,,False,False,no_frozen_plan_snapshot
5ab2979c554299449642c919,hotpotqa,0,1,False,False,,,False,False,no_frozen_plan_snapshot
5ab298fb554299449642c922,hotpotqa,0,1,False,False,,,False,False,no_frozen_plan_snapshot
5ab29956554299194fa9342d,hotpotqa,0,1,False,False,,,False,False,no_frozen_plan_snapshot
5ab2999a554299194fa9342f,hotpotqa,0,1,False,False,,,False,False,no_frozen_plan_snapshot
5ab29b07554299194fa93440,hotpotqa,0,1,False,False,,,False,False,no_frozen_plan_snapshot
5ab29caa554299545a2cf9d3,hotpotqa,0,1,False,False,,,False,False,no_frozen_plan_snapshot
5ab29cef554299449642c936,hotpotqa,0,1,False,False,,,False,False,no_frozen_plan_snapshot
5ab2a01d5542992953946778,hotpotqa,1,2,False,False,,,False,False,no_frozen_plan_snapshot
5ab2a186554299295394677b,hotpotqa,0,1,False,False,,,False,False,no_frozen_plan_snapshot
5ab2a292554299194fa93496,hotpotqa,0,1,False,False,,,False,False,no_frozen_plan_snapshot
5ab2a308554299340b52553b,hotpotqa,0,1,False,False,,,False,False,no_frozen_plan_snapshot
5ab2acbc55429929539467d2,hotpotqa,1,2,False,False,,,False,False,no_frozen_plan_snapshot
5ab2af1655429929539467eb,hotpotqa,0,1,False,False,,,False,False,no_frozen_plan_snapshot
5ab2b1e05542997061209685,hotpotqa,0,1,False,False,,,False,False,no_frozen_plan_snapshot
5ab2b5a0554299295394683c,hotpotqa,0,1,False,False,,,False,False,no_frozen_plan_snapshot
5ab2b61d5542991669774065,hotpotqa,0,1,False,False,,,False,False,no_frozen_plan_snapshot
5ab2b630554299545a2cfa17,hotpotqa,0,1,False,False,,,False,False,no_frozen_plan_snapshot
5ab2b7405542991669774069,hotpotqa,0,1,False,False,,,False,False,no_frozen_plan_snapshot
5ab2bc80554299194fa934d7,hotpotqa,1,2,False,False,,,False,False,no_frozen_plan_snapshot
5ab2be12554299295394686b,hotpotqa,0,1,False,False,,,False,False,no_frozen_plan_snapshot
5ab2be71554299166977408c,hotpotqa,-1,0,False,False,,,False,False,no_frozen_plan_snapshot
5ab2c5e255429916697740ba,hotpotqa,0,1,False,False,,,False,False,no_frozen_plan_snapshot
5ab2ce27554299545a2cfa98,hotpotqa,0,1,False,False,,,False,False,no_frozen_plan_snapshot
5ab2d3c5554299295394687a,hotpotqa,0,1,False,False,,,False,False,no_frozen_plan_snapshot
5ab2da99554299194fa93544,hotpotqa,0,1,False,False,,,False,False,no_frozen_plan_snapshot
5ab2e3a15542992953946893,hotpotqa,0,1,False,False,,,False,False,no_frozen_plan_snapshot
5ab2e3a35542991669774124,hotpotqa,0,1,False,False,,,False,False,no_frozen_plan_snapshot
5ab2e3c45542991669774126,hotpotqa,0,1,False,False,,,False,False,no_frozen_plan_snapshot
5ab2e9b4554299340b525565,hotpotqa,0,1,False,False,,,False,False,no_frozen_plan_snapshot
5ab2f50a55429929539468cd,hotpotqa,0,1,False,False,,,False,False,no_frozen_plan_snapshot
5ab2f53d5542991669774157,hotpotqa,0,1,False,False,,,False,False,no_frozen_plan_snapshot
5ab2fccb5542991669774176,hotpotqa,0,1,False,False,,,False,False,no_frozen_plan_snapshot
5ab3010455429976abd1bc15,hotpotqa,0,1,False,False,,,False,False,no_frozen_plan_snapshot
5ab310bb554299233954fef9,hotpotqa,0,1,False,False,,,False,False,no_frozen_plan_snapshot
5ab31adc554299233954ff0a,hotpotqa,0,1,False,False,,,False,False,no_frozen_plan_snapshot
5ab31fea554299194fa9356a,hotpotqa,1,2,False,False,,,False,False,no_frozen_plan_snapshot
5ab327bc554299233954ff33,hotpotqa,0,1,False,False,,,False,False,no_frozen_plan_snapshot
5ab3357d554299166977419d,hotpotqa,0,1,False,False,,,False,False,no_frozen_plan_snapshot
5ab3849a55429969a97a8170,hotpotqa,0,1,False,False,,,False,False,no_frozen_plan_snapshot
5ab3a84b554299233954ff7b,hotpotqa,-1,0,False,False,,,False,False,no_frozen_plan_snapshot
5ab3abe9554299753aec597e,hotpotqa,0,1,False,False,,,False,False,no_frozen_plan_snapshot
5ab3af70554299233954ff81,hotpotqa,0,1,False,False,,,False,False,no_frozen_plan_snapshot
5ab3b0bf5542992ade7c6e39,hotpotqa,0,1,False,False,,,False,False,no_frozen_plan_snapshot
5ab3c18b55429969a97a81b0,hotpotqa,0,1,False,False,,,False,False,no_frozen_plan_snapshot
5ab3c270554299233954ff9e,hotpotqa,0,1,False,False,,,False,False,no_frozen_plan_snapshot
5ab3c48755429969a97a81b8,hotpotqa,-1,0,False,False,,,False,False,no_frozen_plan_snapshot
5ab3c7df55429969a97a81be,hotpotqa,0,1,False,False,,,False,False,no_frozen_plan_snapshot
5ab3cecd5542992ade7c6eae,hotpotqa,0,1,False,False,,,False,False,no_frozen_plan_snapshot
5ab3d1b85542992ade7c6eba,hotpotqa,0,1,False,False,,,False,False,no_frozen_plan_snapshot
5ab3d5f355429969a97a81c5,hotpotqa,0,1,False,False,,,False,False,no_frozen_plan_snapshot
5ab3d69255429969a97a81c9,hotpotqa,0,1,False,False,,,False,False,no_frozen_plan_snapshot
5ab3e45655429976abd1bcd4,hotpotqa,0,1,False,False,,,False,False,no_frozen_plan_snapshot
5ab3e577554299233954ffe3,hotpotqa,1,2,False,False,,,False,False,no_frozen_plan_snapshot
5ab3ec51554299753aec59f1,hotpotqa,0,1,False,False,,,False,False,no_frozen_plan_snapshot
5ab3ede755429976abd1bcf4,hotpotqa,0,1,False,False,,,False,False,no_frozen_plan_snapshot
5ab3f6935542992339550019,hotpotqa,0,1,False,False,,,False,False,no_frozen_plan_snapshot
5ab4071955429976abd1bd38,hotpotqa,0,1,False,False,,,False,False,no_frozen_plan_snapshot
5ab42b905542992339550040,hotpotqa,1,2,False,False,,,False,False,no_frozen_plan_snapshot
5ab42d6055429942dd415eb0,hotpotqa,0,1,False,False,,,False,False,no_frozen_plan_snapshot
5ab42f3c55429942dd415ebc,hotpotqa,0,1,False,False,,,False,False,no_frozen_plan_snapshot
5ab430fa5542991751b4d6dd,hotpotqa,0,1,False,False,,,False,False,no_frozen_plan_snapshot
5ab431d855429942dd415ed2,hotpotqa,0,1,False,False,,,False,False,no_frozen_plan_snapshot
5ab4355555429942dd415ee3,hotpotqa,0,1,False,False,,,False,False,no_frozen_plan_snapshot
5ab438395542990594ba9bb9,hotpotqa,0,1,False,False,,,False,False,no_frozen_plan_snapshot
5ab439bd55429942dd415eee,hotpotqa,0,1,False,False,,,False,False,no_frozen_plan_snapshot
5ab439f055429942dd415eef,hotpotqa,0,1,False,False,,,False,False,no_frozen_plan_snapshot
5ab442645542991751b4d70c,hotpotqa,-1,0,False,False,,,False,False,no_frozen_plan_snapshot
5ab4475c5542996a3a969f6c,hotpotqa,0,1,False,False,,,False,False,no_frozen_plan_snapshot
5ab463da5542990594ba9c0d,hotpotqa,0,1,False,False,,,False,False,no_frozen_plan_snapshot
5ab46d195542991751b4d76a,hotpotqa,0,1,False,False,,,False,False,no_frozen_plan_snapshot
5ab46f4e5542991751b4d770,hotpotqa,0,1,False,False,,,False,False,no_frozen_plan_snapshot
5ab480c45542990594ba9c36,hotpotqa,0,1,False,False,,,False,False,no_frozen_plan_snapshot
5ab4832e5542991751b4d79d,hotpotqa,0,1,False,False,,,False,False,no_frozen_plan_snapshot
5ab487f55542990594ba9c4f,hotpotqa,0,1,False,False,,,False,False,no_frozen_plan_snapshot
5ab48bab5542991779162cd3,hotpotqa,0,1,False,False,,,False,False,no_frozen_plan_snapshot
5ab48c325542996a3a969f93,hotpotqa,0,1,False,False,,,False,False,no_frozen_plan_snapshot
5ab48ec25542991779162cdc,hotpotqa,0,1,False,False,,,False,False,no_frozen_plan_snapshot
5ab499a55542996a3a969f9f,hotpotqa,0,1,False,False,,,False,False,no_frozen_plan_snapshot
5ab4b9f75542990594ba9ca4,hotpotqa,0,1,False,False,,,False,False,no_frozen_plan_snapshot
5ab4c8735542996a3a969fcb,hotpotqa,8,9,True,True,8,True,True,False,deep_hops_not_shallow
5ab4fd0b55429942dd415fbb,hotpotqa,1,2,False,False,,,False,False,no_frozen_plan_snapshot
5ab503db5542990594ba9cc8,hotpotqa,1,2,False,False,,,False,False,no_frozen_plan_snapshot
5ab510cb5542996a3a96a00f,hotpotqa,0,1,False,False,,,False,False,no_frozen_plan_snapshot
5ab514dc5542990594ba9cfa,hotpotqa,-1,0,False,False,,,False,False,no_frozen_plan_snapshot
5ab520645542991779162d85,hotpotqa,1,2,False,False,,,False,False,no_frozen_plan_snapshot
5ab527205542996a3a96a03d,hotpotqa,0,1,False,False,,,False,False,no_frozen_plan_snapshot
5ab52cb2554299637185c4f1,hotpotqa,0,1,False,False,,,False,False,no_frozen_plan_snapshot
5ab53ad6554299488d4d9917,hotpotqa,1,2,False,False,,,False,False,no_frozen_plan_snapshot
5ab53ef1554299488d4d9920,hotpotqa,1,2,False,False,,,False,False,no_frozen_plan_snapshot
5ab5467e554299494045ef5e,hotpotqa,1,2,False,False,,,False,False,no_frozen_plan_snapshot
5ab56200554299494045ef88,hotpotqa,0,1,False,False,,,False,False,no_frozen_plan_snapshot
5ab5627b5542992aa134a2ff,hotpotqa,0,1,False,False,,,False,False,no_frozen_plan_snapshot
5ab56db7554299494045efc6,hotpotqa,1,2,False,False,,,False,False,no_frozen_plan_snapshot
5ab56f3e5542992aa134a317,hotpotqa,1,2,False,False,,,False,False,no_frozen_plan_snapshot
5ab572ff5542992aa134a31b,hotpotqa,0,1,False,False,,,False,False,no_frozen_plan_snapshot
5ab57673554299637185c5a3,hotpotqa,0,1,False,False,,,False,False,no_frozen_plan_snapshot
5ab57759554299637185c5a5,hotpotqa,4,5,True,True,4,True,True,False,deep_hops_not_shallow
5ab57fc4554299488d4d99c0,hotpotqa,3,4,True,True,0,False,True,False,deep_hops_not_shallow
5ab58ee6554299488d4d99d6,hotpotqa,0,1,False,False,,,False,False,no_frozen_plan_snapshot
5ab58f9a554299488d4d99da,hotpotqa,0,1,False,False,,,False,False,no_frozen_plan_snapshot
5ab5a3fb5542997d4ad1f19b,hotpotqa,0,1,False,False,,,False,False,no_frozen_plan_snapshot
5ab5a4555542997d4ad1f19c,hotpotqa,0,1,False,False,,,False,False,no_frozen_plan_snapshot
5ab5ab5d5542992aa134a37d,hotpotqa,0,1,False,False,,,False,False,no_frozen_plan_snapshot
5ab5ac345542992aa134a37f,hotpotqa,0,1,False,False,,,False,False,no_frozen_plan_snapshot
5ab5b0f75542992aa134a38c,hotpotqa,0,1,False,False,,,False,False,no_frozen_plan_snapshot
5ab5b6c1554299637185c5e5,hotpotqa,-1,0,False,False,,,False,False,no_frozen_plan_snapshot
5ab5c6e55542997d4ad1f1db,hotpotqa,1,2,False,False,,,False,False,no_frozen_plan_snapshot
5ab5cc4a554299637185c61b,hotpotqa,0,1,False,False,,,False,False,no_frozen_plan_snapshot
5ab5d43f5542997d4ad1f1f6,hotpotqa,1,2,False,False,,,False,False,no_frozen_plan_snapshot
5ab5dcb95542992aa134a3b3,hotpotqa,0,1,False,False,,,False,False,no_frozen_plan_snapshot
5ab5df4c5542997d4ad1f218,hotpotqa,0,1,False,False,,,False,False,no_frozen_plan_snapshot
5ab5e8935542997d4ad1f23b,hotpotqa,0,1,False,False,,,False,False,no_frozen_plan_snapshot
5ab5ec795542997d4ad1f252,hotpotqa,0,1,False,False,,,False,False,no_frozen_plan_snapshot
5ab5eed65542997d4ad1f25c,hotpotqa,0,1,False,False,,,False,False,no_frozen_plan_snapshot
5ab6006a554299110f2199b5,hotpotqa,0,1,False,False,,,False,False,no_frozen_plan_snapshot
5ab611cc5542992aa134a411,hotpotqa,0,1,False,False,,,False,False,no_frozen_plan_snapshot
5ab613985542992aa134a418,hotpotqa,1,2,False,False,,,False,False,no_frozen_plan_snapshot
5ab61798554299488d4d9aaa,hotpotqa,0,1,False,False,,,False,False,no_frozen_plan_snapshot
5ab61cf5554299637185c668,hotpotqa,0,1,False,False,,,False,False,no_frozen_plan_snapshot
5ab627d555429953192ad27e,hotpotqa,0,1,False,False,,,False,False,no_frozen_plan_snapshot
5ab66fd355429954757d32b7,hotpotqa,1,2,False,False,,,False,False,no_frozen_plan_snapshot
5ab67772554299110f219a12,hotpotqa,0,1,False,False,,,False,False,no_frozen_plan_snapshot
5ab678f455429954757d32d3,hotpotqa,0,1,False,False,,,False,False,no_frozen_plan_snapshot
5ab67f4c55429953192ad2d9,hotpotqa,0,1,False,False,,,False,False,no_frozen_plan_snapshot
5ab680d15542995eadef0011,hotpotqa,0,1,False,False,,,False,False,no_frozen_plan_snapshot
5ab682dc55429954757d3318,hotpotqa,4,5,True,True,4,True,True,False,deep_hops_not_shallow
5ab692b5554299710c8d1ed6,hotpotqa,0,1,False,False,,,False,False,no_frozen_plan_snapshot
5ab6973f554299110f219a25,hotpotqa,0,1,False,False,,,False,False,no_frozen_plan_snapshot
5ab69f9a554299710c8d1ef8,hotpotqa,0,1,False,False,,,False,False,no_frozen_plan_snapshot
5ab6a2be554299710c8d1f08,hotpotqa,1,2,False,False,,,False,False,no_frozen_plan_snapshot
5ab6aa4c55429953192ad359,hotpotqa,1,2,False,False,,,False,False,no_frozen_plan_snapshot
5ab6b59f5542995eadef0065,hotpotqa,0,1,False,False,,,False,False,no_frozen_plan_snapshot
5ab6bae95542995eadef0086,hotpotqa,0,1,False,False,,,False,False,no_frozen_plan_snapshot
5ab6be2f55429954757d335c,hotpotqa,0,1,False,False,,,False,False,no_frozen_plan_snapshot
5ab6cd0e554299710c8d1f68,hotpotqa,1,2,False,False,,,False,False,no_frozen_plan_snapshot
5ab6dbc15542995eadef00cd,hotpotqa,0,1,False,False,,,False,False,no_frozen_plan_snapshot
5ab6e865554299710c8d1fad,hotpotqa,0,1,False,False,,,False,False,no_frozen_plan_snapshot
5ab6f7415542991d322236f4,hotpotqa,0,1,False,False,,,False,False,no_frozen_plan_snapshot
5ab6f9335542991d322236fc,hotpotqa,0,1,False,False,,,False,False,no_frozen_plan_snapshot
5ab6fc8a5542991d32223714,hotpotqa,0,1,False,False,,,False,False,no_frozen_plan_snapshot
5ab70f79554299110f219aa9,hotpotqa,0,1,False,False,,,False,False,no_frozen_plan_snapshot
5ab721325542992aa3b8c7a2,hotpotqa,0,1,False,False,,,False,False,no_frozen_plan_snapshot
5ab7268b5542992aa3b8c7b1,hotpotqa,0,1,False,False,,,False,False,no_frozen_plan_snapshot
5ab729335542993667793f5a,hotpotqa,0,1,False,False,,,False,False,no_frozen_plan_snapshot
5ab72c7d55429928e1fe3830,hotpotqa,0,1,False,False,,,False,False,no_frozen_plan_snapshot
5ab736a65542992aa3b8c7db,hotpotqa,0,1,False,False,,,False,False,no_frozen_plan_snapshot
5ab73b2e5542993667793f9b,hotpotqa,0,1,False,False,,,False,False,no_frozen_plan_snapshot
5ab73eaf5542992aa3b8c7ef,hotpotqa,0,1,False,False,,,False,False,no_frozen_plan_snapshot
5ab7452b5542992aa3b8c806,hotpotqa,0,1,False,False,,,False,False,no_frozen_plan_snapshot
5ab78e2e55429928e1fe387d,hotpotqa,0,1,False,False,,,False,False,no_frozen_plan_snapshot
5ab78edc5542995dae37e95c,hotpotqa,0,1,False,False,,,False,False,no_frozen_plan_snapshot
5ab7af9d5542993667793fe9,hotpotqa,0,1,False,False,,,False,False,no_frozen_plan_snapshot
5ab7bbbf55429928e1fe38bf,hotpotqa,0,1,False,False,,,False,False,no_frozen_plan_snapshot
5ab7c24e5542995dae37e998,hotpotqa,0,1,False,False,,,False,False,no_frozen_plan_snapshot
5ab7c3df5542993667794003,hotpotqa,0,1,False,False,,,False,False,no_frozen_plan_snapshot
5ab7c3ed5542991d322237b2,hotpotqa,0,1,False,False,,,False,False,no_frozen_plan_snapshot
5ab7da6f55429928e1fe3928,hotpotqa,0,1,False,False,,,False,False,no_frozen_plan_snapshot
5ab7f1315542991d322237d1,hotpotqa,0,1,False,False,,,False,False,no_frozen_plan_snapshot
5ab7f3285542992aa3b8c88f,hotpotqa,0,1,False,False,,,False,False,no_frozen_plan_snapshot
5ab7f6d35542993667794070,hotpotqa,0,1,False,False,,,False,False,no_frozen_plan_snapshot
5ab801da5542990e739ec7c9,hotpotqa,0,1,False,False,,,False,False,no_frozen_plan_snapshot
5ab808b85542991d3222380d,hotpotqa,0,1,False,False,,,False,False,no_frozen_plan_snapshot
5ab809195542991d3222380f,hotpotqa,1,2,False,False,,,False,False,no_frozen_plan_snapshot
5ab815865542995dae37ea2d,hotpotqa,0,1,False,False,,,False,False,no_frozen_plan_snapshot
5ab8179f5542990e739ec817,hotpotqa,0,1,False,False,,,False,False,no_frozen_plan_snapshot
5ab8261655429934fafe6cf1,hotpotqa,0,1,False,False,,,False,False,no_frozen_plan_snapshot
5ab8338155429919ba4e2260,hotpotqa,0,1,False,False,,,False,False,no_frozen_plan_snapshot
5ab83e1a55429919ba4e2280,hotpotqa,0,1,False,False,,,False,False,no_frozen_plan_snapshot
5ab841d15542990e739ec89d,hotpotqa,0,1,False,False,,,False,False,no_frozen_plan_snapshot
5ab846e155429919ba4e229c,hotpotqa,0,1,False,False,,,False,False,no_frozen_plan_snapshot
5ab84bab55429934fafe6d49,hotpotqa,2,3,True,True,0,False,True,False,deep_hops_not_shallow
5ab84bf555429916710eb01f,hotpotqa,0,1,False,False,,,False,False,no_frozen_plan_snapshot
5ab84c6955429916710eb021,hotpotqa,1,2,False,False,,,False,False,no_frozen_plan_snapshot
5ab84de95542990e739ec8b4,hotpotqa,0,1,False,False,,,False,False,no_frozen_plan_snapshot
5ab850b255429916710eb036,hotpotqa,1,2,False,False,,,False,False,no_frozen_plan_snapshot
5ab851e35542990e739ec8c3,hotpotqa,2,3,True,True,2,True,True,False,deep_hops_not_shallow
5ab85a1155429934fafe6d7c,hotpotqa,0,1,False,False,,,False,False,no_frozen_plan_snapshot
5ab85c8d55429934fafe6d84,hotpotqa,0,1,False,False,,,False,False,no_frozen_plan_snapshot
5ab85e195542992aa3b8c8c5,hotpotqa,0,1,False,False,,,False,False,no_frozen_plan_snapshot
5ab85e9e55429934fafe6d8b,hotpotqa,0,1,False,False,,,False,False,no_frozen_plan_snapshot
5ab862b35542990e739ec8db,hotpotqa,0,1,False,False,,,False,False,no_frozen_plan_snapshot
5ab864945542990e739ec8e1,hotpotqa,0,1,False,False,,,False,False,no_frozen_plan_snapshot
5ab868e755429919ba4e22e3,hotpotqa,1,2,False,False,,,False,False,no_frozen_plan_snapshot
5ab870ee5542990e739ec8f6,hotpotqa,0,1,False,False,,,False,False,no_frozen_plan_snapshot
5ab8764155429919ba4e22fe,hotpotqa,1,2,False,False,,,False,False,no_frozen_plan_snapshot
5ab878ba55429916710eb06c,hotpotqa,-1,0,False,False,,,False,False,no_frozen_plan_snapshot
5ab8854555429934fafe6e0c,hotpotqa,0,1,False,False,,,False,False,no_frozen_plan_snapshot
5ab8883455429916710eb084,hotpotqa,0,1,False,False,,,False,False,no_frozen_plan_snapshot
5ab88c075542991b5579efbe,hotpotqa,0,1,False,False,,,False,False,no_frozen_plan_snapshot
5ab8ae585542991b5579efd8,hotpotqa,0,1,False,False,,,False,False,no_frozen_plan_snapshot
5ab8c3c65542991b5579effd,hotpotqa,0,1,False,False,,,False,False,no_frozen_plan_snapshot
5ab8ca5d5542991b5579f005,hotpotqa,1,2,False,False,,,False,False,no_frozen_plan_snapshot
5ab8e70b5542991b5579f031,hotpotqa,0,1,False,False,,,False,False,no_frozen_plan_snapshot
5ab8ee035542991b5579f04b,hotpotqa,0,1,False,False,,,False,False,no_frozen_plan_snapshot
5ab8ffc655429934fafe6e30,hotpotqa,0,1,False,False,,,False,False,no_frozen_plan_snapshot
5ab900045542991b5579f0c0,hotpotqa,0,1,False,False,,,False,False,no_frozen_plan_snapshot
5ab90e9755429934fafe6e51,hotpotqa,0,1,False,False,,,False,False,no_frozen_plan_snapshot
5ab91799554299753720f6ea,hotpotqa,0,1,False,False,,,False,False,no_frozen_plan_snapshot
5ab9180b5542991b5579f0f3,hotpotqa,0,1,False,False,,,False,False,no_frozen_plan_snapshot
5ab9188c5542991b5579f0f5,hotpotqa,1,2,False,False,,,False,False,no_frozen_plan_snapshot
5ab91e3255429916710eb117,hotpotqa,0,1,False,False,,,False,False,no_frozen_plan_snapshot
5ab925c755429919ba4e23d6,hotpotqa,0,1,False,False,,,False,False,no_frozen_plan_snapshot
5ab92e02554299753720f775,hotpotqa,0,1,False,False,,,False,False,no_frozen_plan_snapshot
5ab934465542996be202043e,hotpotqa,0,1,False,False,,,False,False,no_frozen_plan_snapshot
5ab9374b554299131ca422c6,hotpotqa,0,1,False,False,,,False,False,no_frozen_plan_snapshot
5ab938db5542996be2020454,hotpotqa,1,2,False,False,,,False,False,no_frozen_plan_snapshot
5ab946d7554299743d22eaaf,hotpotqa,1,2,False,False,,,False,False,no_frozen_plan_snapshot
5ab94bc2554299743d22eacf,hotpotqa,0,1,False,False,,,False,False,no_frozen_plan_snapshot
5ab94cf0554299743d22eade,hotpotqa,0,1,False,False,,,False,False,no_frozen_plan_snapshot
5ab9530a55429970cfb8ea62,hotpotqa,0,1,False,False,,,False,False,no_frozen_plan_snapshot
5ab9560855429970cfb8ea73,hotpotqa,0,1,False,False,,,False,False,no_frozen_plan_snapshot
5ab959905542996be2020497,hotpotqa,0,1,False,False,,,False,False,no_frozen_plan_snapshot
5ab972485542996be20204f6,hotpotqa,0,1,False,False,,,False,False,no_frozen_plan_snapshot
5ab973b35542996be20204fd,hotpotqa,0,1,False,False,,,False,False,no_frozen_plan_snapshot
5ab97c0255429970cfb8eb1f,hotpotqa,0,1,False,False,,,False,False,no_frozen_plan_snapshot
5ab97d0a5542996be202051e,hotpotqa,0,1,False,False,,,False,False,no_frozen_plan_snapshot
5ab98608554299131ca42362,hotpotqa,0,1,False,False,,,False,False,no_frozen_plan_snapshot
5ab98e2b5542996be202054e,hotpotqa,-1,0,False,False,,,False,False,no_frozen_plan_snapshot
5ab9aab555429970cfb8eb65,hotpotqa,1,2,False,False,,,False,False,no_frozen_plan_snapshot
5ab9b29c554299743d22ebae,hotpotqa,1,2,False,False,,,False,False,no_frozen_plan_snapshot
5ab9c7c355429939ce03dc17,hotpotqa,0,1,False,False,,,False,False,no_frozen_plan_snapshot
5ab9cfe655429970cfb8ebaf,hotpotqa,0,1,False,False,,,False,False,no_frozen_plan_snapshot
5ab9d02155429970cfb8ebb0,hotpotqa,0,1,False,False,,,False,False,no_frozen_plan_snapshot
5ab9d2e255429955dce3ed90,hotpotqa,0,1,False,False,,,False,False,no_frozen_plan_snapshot
5ab9d44255429939ce03dc36,hotpotqa,0,1,False,False,,,False,False,no_frozen_plan_snapshot
5ab9dd4c554299232ef4a22f,hotpotqa,0,1,False,False,,,False,False,no_frozen_plan_snapshot
5ab9dd9a554299232ef4a231,hotpotqa,-1,0,False,False,,,False,False,no_frozen_plan_snapshot
5ab9debb55429955dce3ed97,hotpotqa,0,1,False,False,,,False,False,no_frozen_plan_snapshot
5ab9e2055542994dbf019884,hotpotqa,0,1,False,False,,,False,False,no_frozen_plan_snapshot
5aba11d25542994dbf0198a6,hotpotqa,0,1,False,False,,,False,False,no_frozen_plan_snapshot
5aba33985542994dbf0198c3,hotpotqa,0,1,False,False,,,False,False,no_frozen_plan_snapshot
5aba3bb855429955dce3ede7,hotpotqa,0,1,False,False,,,False,False,no_frozen_plan_snapshot
5aba510f5542994dbf0198d6,hotpotqa,1,2,False,False,,,False,False,no_frozen_plan_snapshot
5aba55f25542994dbf0198e0,hotpotqa,0,1,False,False,,,False,False,no_frozen_plan_snapshot
5aba5d2e55429901930fa799,hotpotqa,1,2,False,False,,,False,False,no_frozen_plan_snapshot
5aba5e2555429955dce3edf1,hotpotqa,0,1,False,False,,,False,False,no_frozen_plan_snapshot
5aba5ea955429939ce03dca5,hotpotqa,0,1,False,False,,,False,False,no_frozen_plan_snapshot
5aba67c255429955dce3ee10,hotpotqa,1,2,False,False,,,False,False,no_frozen_plan_snapshot
5aba6f3e55429955dce3ee21,hotpotqa,0,1,False,False,,,False,False,no_frozen_plan_snapshot
5aba71be5542994dbf01990c,hotpotqa,0,1,False,False,,,False,False,no_frozen_plan_snapshot
5aba725455429901930fa7cc,hotpotqa,1,2,False,False,,,False,False,no_frozen_plan_snapshot
5aba749055429901930fa7d8,hotpotqa,1,2,False,False,,,False,False,no_frozen_plan_snapshot
5aba74ad55429955dce3ee35,hotpotqa,0,1,False,False,,,False,False,no_frozen_plan_snapshot
5aba768c55429901930fa7e0,hotpotqa,1,2,False,False,,,False,False,no_frozen_plan_snapshot
5aba89d555429901930fa816,hotpotqa,0,1,False,False,,,False,False,no_frozen_plan_snapshot
5aba8f1b55429955dce3ee85,hotpotqa,0,1,False,False,,,False,False,no_frozen_plan_snapshot
5aba94e355429901930fa845,hotpotqa,0,1,False,False,,,False,False,no_frozen_plan_snapshot
5aba9db7554299232ef4a361,hotpotqa,0,1,False,False,,,False,False,no_frozen_plan_snapshot
5abaa32655429955dce3eeaa,hotpotqa,0,1,False,False,,,False,False,no_frozen_plan_snapshot
5abaa8b355429901930fa87f,hotpotqa,1,2,False,False,,,False,False,no_frozen_plan_snapshot
5abaaf9355429955dce3eecb,hotpotqa,0,1,False,False,,,False,False,no_frozen_plan_snapshot
5abab36455429955dce3eed1,hotpotqa,0,1,False,False,,,False,False,no_frozen_plan_snapshot
5abac27855429966062415ff,hotpotqa,0,1,False,False,,,False,False,no_frozen_plan_snapshot
5abac35055429901930fa8ae,hotpotqa,0,1,False,False,,,False,False,no_frozen_plan_snapshot
5abaca935542996606241610,hotpotqa,0,1,False,False,,,False,False,no_frozen_plan_snapshot
5abad70d5542996606241631,hotpotqa,1,2,False,False,,,False,False,no_frozen_plan_snapshot
5abae1725542996cc5e49ece,hotpotqa,0,1,False,False,,,False,False,no_frozen_plan_snapshot
5abae88c554299660624167e,hotpotqa,0,1,False,False,,,False,False,no_frozen_plan_snapshot
5abaeda95542992ccd8e7e5d,hotpotqa,0,1,False,False,,,False,False,no_frozen_plan_snapshot
5abaf6865542996cc5e49f3c,hotpotqa,0,1,False,False,,,False,False,no_frozen_plan_snapshot
5abb0b5c5542996cc5e49f79,hotpotqa,0,1,False,False,,,False,False,no_frozen_plan_snapshot
5abb14a55542992ccd8e7f06,hotpotqa,0,1,False,False,,,False,False,no_frozen_plan_snapshot
5abb14d85542996cc5e49f92,hotpotqa,0,1,False,False,,,False,False,no_frozen_plan_snapshot
5abb1fd95542996cc5e49fb6,hotpotqa,0,1,False,False,,,False,False,no_frozen_plan_snapshot
5abb207d5542992ccd8e7f1d,hotpotqa,0,1,False,False,,,False,False,no_frozen_plan_snapshot
5abb23035542992ccd8e7f22,hotpotqa,0,1,False,False,,,False,False,no_frozen_plan_snapshot
5abb291355429939ce03dd9e,hotpotqa,0,1,False,False,,,False,False,no_frozen_plan_snapshot
5abb2a5f5542996cc5e49fca,hotpotqa,0,1,False,False,,,False,False,no_frozen_plan_snapshot
5abb2e6855429966062416df,hotpotqa,0,1,False,False,,,False,False,no_frozen_plan_snapshot
5abb2f2f554299232ef4a3d7,hotpotqa,0,1,False,False,,,False,False,no_frozen_plan_snapshot
5abb30755542996cc5e49fd8,hotpotqa,0,1,False,False,,,False,False,no_frozen_plan_snapshot
5abb4b4a5542993f40c73aea,hotpotqa,0,1,False,False,,,False,False,no_frozen_plan_snapshot
5abb61735542993f40c73aef,hotpotqa,0,1,False,False,,,False,False,no_frozen_plan_snapshot
5abb61c0554299642a094a86,hotpotqa,0,1,False,False,,,False,False,no_frozen_plan_snapshot
5abb729b5542993f40c73af4,hotpotqa,0,1,False,False,,,False,False,no_frozen_plan_snapshot
5abb7ff15542996cc5e4a015,hotpotqa,0,1,False,False,,,False,False,no_frozen_plan_snapshot
5abba3255542996cc5e4a031,hotpotqa,0,1,False,False,,,False,False,no_frozen_plan_snapshot
5abba3cd554299642a094aee,hotpotqa,0,1,False,False,,,False,False,no_frozen_plan_snapshot
5abba8545542993f40c73b72,hotpotqa,0,1,False,False,,,False,False,no_frozen_plan_snapshot
5abba91e554299642a094b10,hotpotqa,0,1,False,False,,,False,False,no_frozen_plan_snapshot
5abbaf6c554299660624171c,hotpotqa,0,1,False,False,,,False,False,no_frozen_plan_snapshot
5abbb42555429931dba144af,hotpotqa,0,1,False,False,,,False,False,no_frozen_plan_snapshot
5abbc3a955429931dba144f9,hotpotqa,0,1,False,False,,,False,False,no_frozen_plan_snapshot
5abbc96755429931dba1452c,hotpotqa,0,1,False,False,,,False,False,no_frozen_plan_snapshot
5abbcfaf5542993f40c73ba9,hotpotqa,0,1,False,False,,,False,False,no_frozen_plan_snapshot
5abbd2575542993f40c73bbd,hotpotqa,0,1,False,False,,,False,False,no_frozen_plan_snapshot
5abbd34d5542993f40c73bc6,hotpotqa,1,2,False,False,,,False,False,no_frozen_plan_snapshot
5abbd3ac55429931dba1458b,hotpotqa,0,1,False,False,,,False,False,no_frozen_plan_snapshot
5abbd4035542993f40c73bcb,hotpotqa,0,1,False,False,,,False,False,no_frozen_plan_snapshot
5abbd4425542993f40c73bcc,hotpotqa,0,1,False,False,,,False,False,no_frozen_plan_snapshot
5abbd72d55429931dba1459e,hotpotqa,1,2,False,False,,,False,False,no_frozen_plan_snapshot
5abbd7985542992ccd8e7fb8,hotpotqa,0,1,False,False,,,False,False,no_frozen_plan_snapshot
5abbd8655542992ccd8e7fba,hotpotqa,0,1,False,False,,,False,False,no_frozen_plan_snapshot
5abbdb335542992ccd8e7fc1,hotpotqa,0,1,False,False,,,False,False,no_frozen_plan_snapshot
5abbdf8055429931dba145bb,hotpotqa,0,1,False,False,,,False,False,no_frozen_plan_snapshot
5abbf3845542993f40c73c2e,hotpotqa,2,3,True,True,2,False,True,False,deep_hops_not_shallow
5abbf43d5542993f40c73c2f,hotpotqa,0,1,False,False,,,False,False,no_frozen_plan_snapshot
5abbf64055429965836003bc,hotpotqa,0,1,False,False,,,False,False,no_frozen_plan_snapshot
5abbf7d755429931dba145eb,hotpotqa,0,1,False,False,,,False,False,no_frozen_plan_snapshot
5abbf8bc5542993f40c73c35,hotpotqa,0,1,False,False,,,False,False,no_frozen_plan_snapshot
5abbf8be554299114383a0c1,hotpotqa,0,1,False,False,,,False,False,no_frozen_plan_snapshot
5abbfa8f55429965836003cc,hotpotqa,0,1,False,False,,,False,False,no_frozen_plan_snapshot
5abc089b5542993f40c73c57,hotpotqa,0,1,False,False,,,False,False,no_frozen_plan_snapshot
5abc095c5542993f40c73c5d,hotpotqa,0,1,False,False,,,False,False,no_frozen_plan_snapshot
5abc0a5d5542993f40c73c64,hotpotqa,0,1,False,False,,,False,False,no_frozen_plan_snapshot
5abc0aba55429959677d6a00,hotpotqa,1,2,False,False,,,False,False,no_frozen_plan_snapshot
5abc0ac455429959677d6a01,hotpotqa,0,1,False,False,,,False,False,no_frozen_plan_snapshot
5abc0bea554299658360040d,hotpotqa,0,1,False,False,,,False,False,no_frozen_plan_snapshot
5abc0dfe55429959677d6a05,hotpotqa,0,1,False,False,,,False,False,no_frozen_plan_snapshot
5abc17555542993a06baf858,hotpotqa,0,1,False,False,,,False,False,no_frozen_plan_snapshot
5abc184a5542993a06baf863,hotpotqa,0,1,False,False,,,False,False,no_frozen_plan_snapshot
5abc2e1c554299700f9d7806,hotpotqa,0,1,False,False,,,False,False,no_frozen_plan_snapshot
5abc3a65554299700f9d782d,hotpotqa,0,1,False,False,,,False,False,no_frozen_plan_snapshot
5abc40835542993a06baf8ba,hotpotqa,0,1,False,False,,,False,False,no_frozen_plan_snapshot
5abc5951554299114383a116,hotpotqa,0,1,False,False,,,False,False,no_frozen_plan_snapshot
5abc6d14554299700f9d78bf,hotpotqa,0,1,False,False,,,False,False,no_frozen_plan_snapshot
5abc817c5542993a06baf8fd,hotpotqa,0,1,False,False,,,False,False,no_frozen_plan_snapshot
5abc8620554299700f9d78e2,hotpotqa,0,1,False,False,,,False,False,no_frozen_plan_snapshot
5abc8d00554299700f9d78fd,hotpotqa,0,1,False,False,,,False,False,no_frozen_plan_snapshot
5abc8d75554299700f9d7900,hotpotqa,0,1,False,False,,,False,False,no_frozen_plan_snapshot
5abce1fa5542993a06baf993,hotpotqa,0,1,False,False,,,False,False,no_frozen_plan_snapshot
5abce7d755429959677d6b3a,hotpotqa,0,1,False,False,,,False,False,no_frozen_plan_snapshot
5abce85755429959677d6b3e,hotpotqa,1,2,False,False,,,False,False,no_frozen_plan_snapshot
5abce87e5542993a06baf9a5,hotpotqa,1,2,False,False,,,False,False,no_frozen_plan_snapshot
5abcf17655429959677d6b5c,hotpotqa,-1,0,False,False,,,False,False,no_frozen_plan_snapshot
5abcf5ec55429959677d6b76,hotpotqa,1,2,False,False,,,False,False,no_frozen_plan_snapshot
5abcf84d55429959677d6b86,hotpotqa,0,1,False,False,,,False,False,no_frozen_plan_snapshot
5abcfa6f5542993a06baf9c7,hotpotqa,0,1,False,False,,,False,False,no_frozen_plan_snapshot
5abd01205542992ac4f3819b,hotpotqa,0,1,False,False,,,False,False,no_frozen_plan_snapshot
5abd0296554299114383a1d1,hotpotqa,0,1,False,False,,,False,False,no_frozen_plan_snapshot
5abd05e655429965836004f1,hotpotqa,0,1,False,False,,,False,False,no_frozen_plan_snapshot
5abd0b6b5542996e802b46b4,hotpotqa,0,1,False,False,,,False,False,no_frozen_plan_snapshot
5abd0d635542992ac4f381b8,hotpotqa,0,1,False,False,,,False,False,no_frozen_plan_snapshot
5abd0eae5542996e802b46d4,hotpotqa,0,1,False,False,,,False,False,no_frozen_plan_snapshot
5abd1529554299114383a1e3,hotpotqa,1,2,False,False,,,False,False,no_frozen_plan_snapshot
5abd2eb255429933744ab750,hotpotqa,0,1,False,False,,,False,False,no_frozen_plan_snapshot
5abd4fe05542993062266c4e,hotpotqa,0,1,False,False,,,False,False,no_frozen_plan_snapshot
5abd56355542993062266c58,hotpotqa,1,2,False,False,,,False,False,no_frozen_plan_snapshot
5abd578a5542993062266c5d,hotpotqa,1,2,False,False,,,False,False,no_frozen_plan_snapshot
5abd583255429924427fcfb9,hotpotqa,0,1,False,False,,,False,False,no_frozen_plan_snapshot
5abd5a135542992ac4f3829f,hotpotqa,0,1,False,False,,,False,False,no_frozen_plan_snapshot
5abd6a7455429933744ab7c5,hotpotqa,0,1,False,False,,,False,False,no_frozen_plan_snapshot
5abd81ff5542993062266cb3,hotpotqa,0,1,False,False,,,False,False,no_frozen_plan_snapshot
5abd830455429924427fd033,hotpotqa,0,1,False,False,,,False,False,no_frozen_plan_snapshot
5abd848455429924427fd03a,hotpotqa,0,1,False,False,,,False,False,no_frozen_plan_snapshot
5abd8c295542992ac4f382ab,hotpotqa,0,1,False,False,,,False,False,no_frozen_plan_snapshot
5abd920e55429924427fd05d,hotpotqa,0,1,False,False,,,False,False,no_frozen_plan_snapshot
5abda2b755429933744ab80f,hotpotqa,0,1,False,False,,,False,False,no_frozen_plan_snapshot
5abda6b255429965af743d9a,hotpotqa,0,1,False,False,,,False,False,no_frozen_plan_snapshot
5abda6e955429965af743d9b,hotpotqa,0,1,False,False,,,False,False,no_frozen_plan_snapshot
5abdb10f55429965af743dc9,hotpotqa,1,2,False,False,,,False,False,no_frozen_plan_snapshot
5abdb5b455429965af743dfa,hotpotqa,0,1,False,False,,,False,False,no_frozen_plan_snapshot
5abdb7ff5542993f32c2a011,hotpotqa,1,2,False,False,,,False,False,no_frozen_plan_snapshot
5abdcaea55429965af743e4e,hotpotqa,0,1,False,False,,,False,False,no_frozen_plan_snapshot
5abdd0f15542991f6610604d,hotpotqa,0,1,False,False,,,False,False,no_frozen_plan_snapshot
5abdd30c5542991f66106052,hotpotqa,0,1,False,False,,,False,False,no_frozen_plan_snapshot
5abde0655542991f6610608b,hotpotqa,0,1,False,False,,,False,False,no_frozen_plan_snapshot
5abde7ba5542991f6610609e,hotpotqa,0,1,False,False,,,False,False,no_frozen_plan_snapshot
5abdf12255429976d4830a2f,hotpotqa,0,1,False,False,,,False,False,no_frozen_plan_snapshot
5abdf8c45542993f32c2a072,hotpotqa,1,2,False,False,,,False,False,no_frozen_plan_snapshot
5abdff775542993f32c2a082,hotpotqa,0,1,False,False,,,False,False,no_frozen_plan_snapshot
5abe024c5542991f661060a2,hotpotqa,0,1,False,False,,,False,False,no_frozen_plan_snapshot
5abe03635542991f661060a5,hotpotqa,1,2,False,False,,,False,False,no_frozen_plan_snapshot
5abe044d5542991f661060a7,hotpotqa,2,3,True,True,2,True,True,False,deep_hops_not_shallow
5abe36745542991f66106101,hotpotqa,0,1,False,False,,,False,False,no_frozen_plan_snapshot
5abe369055429976d4830a8a,hotpotqa,0,1,False,False,,,False,False,no_frozen_plan_snapshot
5abe3abb55429965af743ea1,hotpotqa,1,2,False,False,,,False,False,no_frozen_plan_snapshot
5abe3dc65542993f32c2a0c4,hotpotqa,1,2,False,False,,,False,False,no_frozen_plan_snapshot
5abe3f3455429976d4830aa8,hotpotqa,1,2,False,False,,,False,False,no_frozen_plan_snapshot
5abe48675542991f66106119,hotpotqa,0,1,False,False,,,False,False,no_frozen_plan_snapshot
5abe49765542991f6610611f,hotpotqa,0,1,False,False,,,False,False,no_frozen_plan_snapshot
5abe4fd95542991f6610613d,hotpotqa,0,1,False,False,,,False,False,no_frozen_plan_snapshot
5abe54585542991f66106148,hotpotqa,-1,0,False,False,,,False,False,no_frozen_plan_snapshot
5abe65e25542993f32c2a101,hotpotqa,0,1,False,False,,,False,False,no_frozen_plan_snapshot
5abe689a55429976d4830b16,hotpotqa,0,1,False,False,,,False,False,no_frozen_plan_snapshot
5abe76c255429965af743f15,hotpotqa,1,2,False,False,,,False,False,no_frozen_plan_snapshot
5abe92de5542993f32c2a16b,hotpotqa,0,1,False,False,,,False,False,no_frozen_plan_snapshot
5abe94fd55429965af743f37,hotpotqa,0,1,False,False,,,False,False,no_frozen_plan_snapshot
5abeb7eb5542993fe9a41d1f,hotpotqa,0,1,False,False,,,False,False,no_frozen_plan_snapshot
5abebbe65542997719eab59d,hotpotqa,0,1,False,False,,,False,False,no_frozen_plan_snapshot
5abec9b25542997ec76fd366,hotpotqa,1,2,False,False,,,False,False,no_frozen_plan_snapshot
5abecdf45542997719eab5d4,hotpotqa,-1,0,False,False,,,False,False,no_frozen_plan_snapshot
5abed2b45542990832d3a0d0,hotpotqa,0,1,False,False,,,False,False,no_frozen_plan_snapshot
5abed4d55542990832d3a0e0,hotpotqa,0,1,False,False,,,False,False,no_frozen_plan_snapshot
5abed9435542994516f45457,hotpotqa,0,1,False,False,,,False,False,no_frozen_plan_snapshot
5abee41a5542993fe9a41d79,hotpotqa,1,2,False,False,,,False,False,no_frozen_plan_snapshot
5abee70a5542994516f45476,hotpotqa,1,2,False,False,,,False,False,no_frozen_plan_snapshot
5abefbc15542990832d3a117,hotpotqa,0,1,False,False,,,False,False,no_frozen_plan_snapshot
5abf04ae5542993fe9a41dbf,hotpotqa,1,2,False,False,,,False,False,no_frozen_plan_snapshot
5abf2e605542993fe9a41de4,hotpotqa,0,1,False,False,,,False,False,no_frozen_plan_snapshot
5abf8e135542990832d3a14f,hotpotqa,0,1,False,False,,,False,False,no_frozen_plan_snapshot
5abf92c45542993fe9a41e07,hotpotqa,0,1,False,False,,,False,False,no_frozen_plan_snapshot
5abf931f5542990832d3a158,hotpotqa,0,1,False,False,,,False,False,no_frozen_plan_snapshot
5abfa0285542990832d3a171,hotpotqa,-1,0,False,False,,,False,False,no_frozen_plan_snapshot
5abfa2255542993fe9a41e18,hotpotqa,0,1,False,False,,,False,False,no_frozen_plan_snapshot
5abfa9745542997ec76fd426,hotpotqa,0,1,False,False,,,False,False,no_frozen_plan_snapshot
5abfaa445542990832d3a18c,hotpotqa,0,1,False,False,,,False,False,no_frozen_plan_snapshot
5abfab8d5542997ec76fd42d,hotpotqa,0,1,False,False,,,False,False,no_frozen_plan_snapshot
5abfca465542993fe9a41e65,hotpotqa,1,2,False,False,,,False,False,no_frozen_plan_snapshot
5abfcdb55542993fe9a41e7b,hotpotqa,0,1,False,False,,,False,False,no_frozen_plan_snapshot
5abfce075542994516f454f7,hotpotqa,0,1,False,False,,,False,False,no_frozen_plan_snapshot
5abfdc185542994516f45513,hotpotqa,0,1,False,False,,,False,False,no_frozen_plan_snapshot
5abfde655542997719eab6f2,hotpotqa,0,1,False,False,,,False,False,no_frozen_plan_snapshot
5abfe1115542997d64295909,hotpotqa,0,1,False,False,,,False,False,no_frozen_plan_snapshot
5abfe2a15542997d6429591c,hotpotqa,0,1,False,False,,,False,False,no_frozen_plan_snapshot
5abff0645542994516f45539,hotpotqa,0,1,False,False,,,False,False,no_frozen_plan_snapshot
5abffda6554299012d1db55b,hotpotqa,0,1,False,False,,,False,False,no_frozen_plan_snapshot
5abffdec554299012d1db55d,hotpotqa,0,1,False,False,,,False,False,no_frozen_plan_snapshot
5ac00f795542996f0d89cb16,hotpotqa,1,2,False,False,,,False,False,no_frozen_plan_snapshot
5ac01bca5542992a796dec8d,hotpotqa,0,1,False,False,,,False,False,no_frozen_plan_snapshot
5ac027005542996f0d89cb3d,hotpotqa,0,1,False,False,,,False,False,no_frozen_plan_snapshot
5ac02880554299012d1db5c0,hotpotqa,1,2,False,False,,,False,False,no_frozen_plan_snapshot
5ac02edb554299294b218f41,hotpotqa,0,1,False,False,,,False,False,no_frozen_plan_snapshot
5ac033495542996f0d89cb59,hotpotqa,0,1,False,False,,,False,False,no_frozen_plan_snapshot
5ac038db554299294b218f57,hotpotqa,1,2,False,False,,,False,False,no_frozen_plan_snapshot
5ac04a265542997d642959f1,hotpotqa,1,2,False,False,,,False,False,no_frozen_plan_snapshot
5ac06191554299294b218fab,hotpotqa,0,1,False,False,,,False,False,no_frozen_plan_snapshot
5ac06e24554299294b218fd1,hotpotqa,0,1,False,False,,,False,False,no_frozen_plan_snapshot
5ac07327554299012d1db5f2,hotpotqa,1,2,False,False,,,False,False,no_frozen_plan_snapshot
5ac0784e554299294b218ff6,hotpotqa,0,1,False,False,,,False,False,no_frozen_plan_snapshot
5ac082535542992a796ded2f,hotpotqa,0,1,False,False,,,False,False,no_frozen_plan_snapshot
5ac09d265542992a796ded39,hotpotqa,1,2,False,False,,,False,False,no_frozen_plan_snapshot
5ac0aa955542997d64295a49,hotpotqa,0,1,False,False,,,False,False,no_frozen_plan_snapshot
5ac0b6b15542996f0d89cc1e,hotpotqa,0,1,False,False,,,False,False,no_frozen_plan_snapshot
5ac0d5cf554299294b219026,hotpotqa,0,1,False,False,,,False,False,no_frozen_plan_snapshot
5ac0dcf25542996f0d89cc2c,hotpotqa,0,1,False,False,,,False,False,no_frozen_plan_snapshot
5ac0e064554299012d1db64e,hotpotqa,0,1,False,False,,,False,False,no_frozen_plan_snapshot
5ac0e0c75542997d64295a6e,hotpotqa,0,1,False,False,,,False,False,no_frozen_plan_snapshot
5ac0e0e25542997d64295a6f,hotpotqa,0,1,False,False,,,False,False,no_frozen_plan_snapshot
5ac0f7df554299012d1db667,hotpotqa,0,1,False,False,,,False,False,no_frozen_plan_snapshot
5ac10832554299012d1db687,hotpotqa,0,1,False,False,,,False,False,no_frozen_plan_snapshot
5ac11139554299294b219083,hotpotqa,0,1,False,False,,,False,False,no_frozen_plan_snapshot
5ac120c55542992a796dedfc,hotpotqa,0,1,False,False,,,False,False,no_frozen_plan_snapshot
5ac1276c554299294b2190bc,hotpotqa,0,1,False,False,,,False,False,no_frozen_plan_snapshot
5ac131575542994d76dccdb6,hotpotqa,1,2,False,False,,,False,False,no_frozen_plan_snapshot
5ac13a3d5542996f0d89cc75,hotpotqa,0,1,False,False,,,False,False,no_frozen_plan_snapshot
5ac160605542994ab5c67d02,hotpotqa,1,2,False,False,,,False,False,no_frozen_plan_snapshot
5ac164da55429964131be1bf,hotpotqa,-1,0,False,False,,,False,False,no_frozen_plan_snapshot
5ac173295542994ab5c67d45,hotpotqa,0,1,False,False,,,False,False,no_frozen_plan_snapshot
5ac175635542994ab5c67d4b,hotpotqa,0,1,False,False,,,False,False,no_frozen_plan_snapshot
5ac176555542994d76dcce47,hotpotqa,0,1,False,False,,,False,False,no_frozen_plan_snapshot
5ac1795f5542994ab5c67d5f,hotpotqa,0,1,False,False,,,False,False,no_frozen_plan_snapshot
5ac195455542991316484b40,hotpotqa,2,3,True,True,2,True,False,False,deep_hops_not_shallow
5ac19bf55542994ab5c67d97,hotpotqa,0,1,False,False,,,False,False,no_frozen_plan_snapshot
5ac19ff35542991316484b61,hotpotqa,0,1,False,False,,,False,False,no_frozen_plan_snapshot
5ac1a04e5542991316484b63,hotpotqa,0,1,False,False,,,False,False,no_frozen_plan_snapshot
5ac1a4745542991316484b82,hotpotqa,0,1,False,False,,,False,False,no_frozen_plan_snapshot
5ac1a6bf5542991316484b8d,hotpotqa,0,1,False,False,,,False,False,no_frozen_plan_snapshot
5ac1b1345542994ab5c67dd0,hotpotqa,3,4,True,True,3,True,True,False,deep_hops_not_shallow
5ac1b8cd55429963665198fc,hotpotqa,0,1,False,False,,,False,False,no_frozen_plan_snapshot
5ac1bce45542994ab5c67def,hotpotqa,0,1,False,False,,,False,False,no_frozen_plan_snapshot
5ac1bff05542994ab5c67dfc,hotpotqa,0,1,False,False,,,False,False,no_frozen_plan_snapshot
5ac1c7605542994ab5c67e14,hotpotqa,0,1,False,False,,,False,False,no_frozen_plan_snapshot
5ac21ac05542991316484bee,hotpotqa,0,1,False,False,,,False,False,no_frozen_plan_snapshot
5ac23f5255429951e9e684d8,hotpotqa,0,1,False,False,,,False,False,no_frozen_plan_snapshot
5ac248fd55429951e9e68525,hotpotqa,0,1,False,False,,,False,False,no_frozen_plan_snapshot
5ac24ad7554299636651995a,hotpotqa,0,1,False,False,,,False,False,no_frozen_plan_snapshot
5ac259125542992f1f2b3867,hotpotqa,0,1,False,False,,,False,False,no_frozen_plan_snapshot
5ac259585542992f1f2b3868,hotpotqa,0,1,False,False,,,False,False,no_frozen_plan_snapshot
5ac25fa955429951e9e6858c,hotpotqa,0,1,False,False,,,False,False,no_frozen_plan_snapshot
5ac2610f55429951e9e68593,hotpotqa,0,1,False,False,,,False,False,no_frozen_plan_snapshot
5ac2616b5542996366519997,hotpotqa,0,1,False,False,,,False,False,no_frozen_plan_snapshot
5ac2659b55429963665199a1,hotpotqa,1,2,False,False,,,False,False,no_frozen_plan_snapshot
5ac2680055429963665199a8,hotpotqa,0,1,False,False,,,False,False,no_frozen_plan_snapshot
5ac2716f5542992f1f2b38cb,hotpotqa,0,1,False,False,,,False,False,no_frozen_plan_snapshot
5ac275e755429921a00aaf81,hotpotqa,0,1,False,False,,,False,False,no_frozen_plan_snapshot
5ac27d2555429963665199dc,hotpotqa,2,3,True,True,2,True,True,False,deep_hops_not_shallow
5ac283f7554299677310254a,hotpotqa,0,1,False,False,,,False,False,no_frozen_plan_snapshot
5ac290e85542992f1f2b3916,hotpotqa,0,1,False,False,,,False,False,no_frozen_plan_snapshot
5ac298805542990b17b15429,hotpotqa,0,1,False,False,,,False,False,no_frozen_plan_snapshot
5ac29aa655429967731025b2,hotpotqa,0,1,False,False,,,False,False,no_frozen_plan_snapshot
5ac2a10e554299657fa28fec,hotpotqa,1,2,False,False,,,False,False,no_frozen_plan_snapshot
5ac2a277554299657fa28ff3,hotpotqa,1,2,False,False,,,False,False,no_frozen_plan_snapshot
5ac2a399554299218029dada,hotpotqa,0,1,False,False,,,False,False,no_frozen_plan_snapshot
5ac2a41e55429967731025d0,hotpotqa,0,1,False,False,,,False,False,no_frozen_plan_snapshot
5ac2a55b55429921a00ab018,hotpotqa,0,1,False,False,,,False,False,no_frozen_plan_snapshot
5ac2ab9455429967731025f0,hotpotqa,0,1,False,False,,,False,False,no_frozen_plan_snapshot
5ac2bbd0554299218029db09,hotpotqa,0,1,False,False,,,False,False,no_frozen_plan_snapshot
5ac2c338554299657fa29039,hotpotqa,0,1,False,False,,,False,False,no_frozen_plan_snapshot
5ac2c4fe554299218029db3b,hotpotqa,0,1,False,False,,,False,False,no_frozen_plan_snapshot
5ac2c7ff554299657fa2904f,hotpotqa,0,1,False,False,,,False,False,no_frozen_plan_snapshot
5ac2cb09554299657fa29066,hotpotqa,0,1,False,False,,,False,False,no_frozen_plan_snapshot
5ac2cb125542996773102626,hotpotqa,0,1,False,False,,,False,False,no_frozen_plan_snapshot
5ac2cb3e5542996773102627,hotpotqa,0,1,False,False,,,False,False,no_frozen_plan_snapshot
5ac2db67554299657fa290a6,hotpotqa,0,1,False,False,,,False,False,no_frozen_plan_snapshot
5ac2dc4b55429921a00ab083,hotpotqa,0,1,False,False,,,False,False,no_frozen_plan_snapshot
5ac2dfac554299657fa290b3,hotpotqa,2,3,True,True,2,True,True,False,deep_hops_not_shallow
5ac2ea1a5542990b17b154a1,hotpotqa,0,1,False,False,,,False,False,no_frozen_plan_snapshot
5ac2ed41554299218029db96,hotpotqa,0,1,False,False,,,False,False,no_frozen_plan_snapshot
5ac2efd65542990b17b154c7,hotpotqa,0,1,False,False,,,False,False,no_frozen_plan_snapshot
5ac2f1d1554299218029dba4,hotpotqa,0,1,False,False,,,False,False,no_frozen_plan_snapshot
5ac31066554299741d48a19d,hotpotqa,0,1,False,False,,,False,False,no_frozen_plan_snapshot
5ac31129554299741d48a1a2,hotpotqa,0,1,False,False,,,False,False,no_frozen_plan_snapshot
5ac312ee5542995ef918c0ec,hotpotqa,0,1,False,False,,,False,False,no_frozen_plan_snapshot
5ac313145542995ef918c0ed,hotpotqa,0,1,False,False,,,False,False,no_frozen_plan_snapshot
5ac31456554299741d48a1b4,hotpotqa,1,2,False,False,,,False,False,no_frozen_plan_snapshot
5ac31602554299741d48a1bf,hotpotqa,2,3,True,True,2,True,True,False,deep_hops_not_shallow
5ac3165c5542995ef918c10a,hotpotqa,0,1,False,False,,,False,False,no_frozen_plan_snapshot
5ac31b0a554299741d48a1f0,hotpotqa,0,1,False,False,,,False,False,no_frozen_plan_snapshot
5ac324ad5542995ef918c127,hotpotqa,4,5,True,True,4,True,True,False,deep_hops_not_shallow
5ac32b565542995ef918c154,hotpotqa,0,1,False,False,,,False,False,no_frozen_plan_snapshot
5ac34994554299741d48a242,hotpotqa,-1,0,False,False,,,False,False,no_frozen_plan_snapshot
5ac34ed0554299741d48a248,hotpotqa,1,2,False,False,,,False,False,no_frozen_plan_snapshot
5ac35a7e554299741d48a257,hotpotqa,2,3,True,True,2,False,True,False,deep_hops_not_shallow
5ac371aa5542995ef918c191,hotpotqa,1,2,False,False,,,False,False,no_frozen_plan_snapshot
5ac372195542995ef918c194,hotpotqa,0,1,False,False,,,False,False,no_frozen_plan_snapshot
5ac37dd6554299218029dbdb,hotpotqa,0,1,False,False,,,False,False,no_frozen_plan_snapshot
5ac38ce255429939154137c2,hotpotqa,0,1,False,False,,,False,False,no_frozen_plan_snapshot
5ac3908e554299741d48a297,hotpotqa,0,1,False,False,,,False,False,no_frozen_plan_snapshot
5ac39844554299741d48a2ac,hotpotqa,0,1,False,False,,,False,False,no_frozen_plan_snapshot
5ac39d22554299391541381f,hotpotqa,0,1,False,False,,,False,False,no_frozen_plan_snapshot
5ac3a2f35542993915413856,hotpotqa,-1,0,False,False,,,False,False,no_frozen_plan_snapshot
5ac3a4ab5542993915413870,hotpotqa,0,1,False,False,,,False,False,no_frozen_plan_snapshot
5ac3a76e554299741d48a2be,hotpotqa,0,1,False,False,,,False,False,no_frozen_plan_snapshot
5ac3a7ce554299391541388f,hotpotqa,0,1,False,False,,,False,False,no_frozen_plan_snapshot
5ac3ad7f5542995ef918c1de,hotpotqa,0,1,False,False,,,False,False,no_frozen_plan_snapshot
5ac3ae475542995ef918c1e5,hotpotqa,0,1,False,False,,,False,False,no_frozen_plan_snapshot
5ac3ae885542995ef918c1e7,hotpotqa,0,1,False,False,,,False,False,no_frozen_plan_snapshot
5ac3b8b8554299741d48a301,hotpotqa,0,1,False,False,,,False,False,no_frozen_plan_snapshot
5ac3ba0455429939154138f2,hotpotqa,0,1,False,False,,,False,False,no_frozen_plan_snapshot
5ac3bd0c554299204fd21e21,hotpotqa,0,1,False,False,,,False,False,no_frozen_plan_snapshot
5ac3c08a5542995ef918c217,hotpotqa,0,1,False,False,,,False,False,no_frozen_plan_snapshot
5ac3c1805542995ef918c21f,hotpotqa,1,2,False,False,,,False,False,no_frozen_plan_snapshot
5ac3ce74554299204fd21e71,hotpotqa,0,1,False,False,,,False,False,no_frozen_plan_snapshot
5ac3d10b5542993915413952,hotpotqa,0,1,False,False,,,False,False,no_frozen_plan_snapshot
5ac3d21e554299204fd21e8b,hotpotqa,0,1,False,False,,,False,False,no_frozen_plan_snapshot
5ac3d4b6554299204fd21e93,hotpotqa,0,1,False,False,,,False,False,no_frozen_plan_snapshot
5ac3d68f554299076e296ca6,hotpotqa,0,1,False,False,,,False,False,no_frozen_plan_snapshot
5ac3d7f8554299076e296cb0,hotpotqa,0,1,False,False,,,False,False,no_frozen_plan_snapshot
5ac3d90b5542995c82c4ac4b,hotpotqa,0,1,False,False,,,False,False,no_frozen_plan_snapshot
5ac3def75542997ea680c95f,hotpotqa,1,2,False,False,,,False,False,no_frozen_plan_snapshot
5ac3e01d5542997ea680c969,hotpotqa,0,1,False,False,,,False,False,no_frozen_plan_snapshot
5ac3e0ab554299204fd21eae,hotpotqa,0,1,False,False,,,False,False,no_frozen_plan_snapshot
5ac3e68b5542997ea680c98b,hotpotqa,0,1,False,False,,,False,False,no_frozen_plan_snapshot
5ac3e80b554299076e296ccd,hotpotqa,0,1,False,False,,,False,False,no_frozen_plan_snapshot
5ac3f1c9554299204fd21ed4,hotpotqa,0,1,False,False,,,False,False,no_frozen_plan_snapshot
5ac403c45542997ea680c9b5,hotpotqa,1,2,False,False,,,False,False,no_frozen_plan_snapshot
5ac413ca5542997ea680c9e9,hotpotqa,0,1,False,False,,,False,False,no_frozen_plan_snapshot
5ac439005542995c82c4acf9,hotpotqa,0,1,False,False,,,False,False,no_frozen_plan_snapshot
5ac4392e5542997ea680ca32,hotpotqa,0,1,False,False,,,False,False,no_frozen_plan_snapshot
5ac448185542995c82c4ad1b,hotpotqa,0,1,False,False,,,False,False,no_frozen_plan_snapshot
5ac44b47554299194317396c,hotpotqa,0,1,False,False,,,False,False,no_frozen_plan_snapshot
5ac458f8554299204fd21f2a,hotpotqa,0,1,False,False,,,False,False,no_frozen_plan_snapshot
5ac497025542997ea680ca8d,hotpotqa,0,1,False,False,,,False,False,no_frozen_plan_snapshot
5ac49a1c5542996feb3fe905,hotpotqa,0,1,False,False,,,False,False,no_frozen_plan_snapshot
5ac4a7615542996feb3fe92a,hotpotqa,0,1,False,False,,,False,False,no_frozen_plan_snapshot
5ac4c0fc5542997ea680cab1,hotpotqa,0,1,False,False,,,False,False,no_frozen_plan_snapshot
5ac4db1d554299076e296e1a,hotpotqa,1,2,False,False,,,False,False,no_frozen_plan_snapshot
5ac4deff554299076e296e26,hotpotqa,0,1,False,False,,,False,False,no_frozen_plan_snapshot
5ac4e9ab5542996feb3fe974,hotpotqa,1,2,False,False,,,False,False,no_frozen_plan_snapshot
5ac4ecea55429919431739fd,hotpotqa,1,2,False,False,,,False,False,no_frozen_plan_snapshot
5ac4edf155429924173fb4e3,hotpotqa,0,1,False,False,,,False,False,no_frozen_plan_snapshot
5ac4f9db55429924173fb532,hotpotqa,0,1,False,False,,,False,False,no_frozen_plan_snapshot
5ac50bca55429924173fb57f,hotpotqa,1,2,False,False,,,False,False,no_frozen_plan_snapshot
5ac50c0355429924173fb581,hotpotqa,0,1,False,False,,,False,False,no_frozen_plan_snapshot
5ac50dd05542994611c8b343,hotpotqa,0,1,False,False,,,False,False,no_frozen_plan_snapshot
5ac5101455429924173fb592,hotpotqa,1,2,False,False,,,False,False,no_frozen_plan_snapshot
5ac51c2255429924173fb5b4,hotpotqa,0,1,False,False,,,False,False,no_frozen_plan_snapshot
5ac524e55542994611c8b3d0,hotpotqa,0,1,False,False,,,False,False,no_frozen_plan_snapshot
5ac537975542996feb3fea3c,hotpotqa,1,2,False,False,,,False,False,no_frozen_plan_snapshot
5ac5391e5542994611c8b439,hotpotqa,0,1,False,False,,,False,False,no_frozen_plan_snapshot
5ac54c435542993e66e822d1,hotpotqa,0,1,False,False,,,False,False,no_frozen_plan_snapshot
5ac55e835542993e66e82375,hotpotqa,0,1,False,False,,,False,False,no_frozen_plan_snapshot
5ac55ea55542993e66e82377,hotpotqa,0,1,False,False,,,False,False,no_frozen_plan_snapshot
5ac561315542993e66e823a9,hotpotqa,1,2,False,False,,,False,False,no_frozen_plan_snapshot
5ac5630e5542993e66e823d5,hotpotqa,0,1,False,False,,,False,False,no_frozen_plan_snapshot
5adbd70c55429947ff173843,hotpotqa,1,2,False,False,,,False,False,no_frozen_plan_snapshot
5adbdc8a55429944faac238e,hotpotqa,0,1,False,False,,,False,False,no_frozen_plan_snapshot
5adbf3fa554299438c868ce0,hotpotqa,0,1,False,False,,,False,False,no_frozen_plan_snapshot
5adbf84555429947ff17387c,hotpotqa,0,1,False,False,,,False,False,no_frozen_plan_snapshot
5adbfb3f55429947ff17388a,hotpotqa,1,2,False,False,,,False,False,no_frozen_plan_snapshot
5adbfbd555429947ff173893,hotpotqa,0,1,False,False,,,False,False,no_frozen_plan_snapshot
5adc020e55429947ff1738b4,hotpotqa,0,1,False,False,,,False,False,no_frozen_plan_snapshot
5adc094a55429947ff1738c0,hotpotqa,0,1,False,False,,,False,False,no_frozen_plan_snapshot
5adc0c2b55429947ff1738db,hotpotqa,0,1,False,False,,,False,False,no_frozen_plan_snapshot
5adc0e0355429944faac2404,hotpotqa,1,2,False,False,,,False,False,no_frozen_plan_snapshot
5adc0e395542996e685252c1,hotpotqa,2,3,True,True,2,False,True,False,deep_hops_not_shallow
5adc1af75542994650320c75,hotpotqa,0,1,False,False,,,False,False,no_frozen_plan_snapshot
5adc294c5542996e685252cf,hotpotqa,1,2,False,False,,,False,False,no_frozen_plan_snapshot
5adc2ae5554299438c868d64,hotpotqa,0,1,False,False,,,False,False,no_frozen_plan_snapshot
5adc2f53554299438c868d6d,hotpotqa,0,1,False,False,,,False,False,no_frozen_plan_snapshot
5adc393f5542996e685252e7,hotpotqa,0,1,False,False,,,False,False,no_frozen_plan_snapshot
5adc3aff5542996e685252eb,hotpotqa,1,2,False,False,,,False,False,no_frozen_plan_snapshot
5adc459255429944faac24ad,hotpotqa,0,1,False,False,,,False,False,no_frozen_plan_snapshot
5adc46665542994650320cc8,hotpotqa,0,1,False,False,,,False,False,no_frozen_plan_snapshot
5adc53f75542996e6852530a,hotpotqa,0,1,False,False,,,False,False,no_frozen_plan_snapshot
5adc54085542994650320cce,hotpotqa,0,1,False,False,,,False,False,no_frozen_plan_snapshot
5adc597d55429947ff17392f,hotpotqa,1,2,False,False,,,False,False,no_frozen_plan_snapshot
5adc5b875542996e68525328,hotpotqa,0,1,False,False,,,False,False,no_frozen_plan_snapshot
5adc69ef554299438c868daf,hotpotqa,0,1,False,False,,,False,False,no_frozen_plan_snapshot
5adc6a3b55429947ff173953,hotpotqa,0,1,False,False,,,False,False,no_frozen_plan_snapshot
5adc6ca85542994650320ce1,hotpotqa,0,1,False,False,,,False,False,no_frozen_plan_snapshot
5adc6f6255429947ff173961,hotpotqa,0,1,False,False,,,False,False,no_frozen_plan_snapshot
5adc7dbf5542994d58a2f618,hotpotqa,0,1,False,False,,,False,False,no_frozen_plan_snapshot
5adc82fc554299438c868dce,hotpotqa,0,1,False,False,,,False,False,no_frozen_plan_snapshot
5adc85b855429944faac24e9,hotpotqa,1,2,False,False,,,False,False,no_frozen_plan_snapshot
5adc872b5542994d58a2f62f,hotpotqa,0,1,False,False,,,False,False,no_frozen_plan_snapshot
5adc8ab05542994d58a2f642,hotpotqa,0,1,False,False,,,False,False,no_frozen_plan_snapshot
5adc8cb45542994d58a2f651,hotpotqa,0,1,False,False,,,False,False,no_frozen_plan_snapshot
5adc985e5542990d50227cb7,hotpotqa,0,1,False,False,,,False,False,no_frozen_plan_snapshot
5adc995d5542994ed6169ba8,hotpotqa,0,1,False,False,,,False,False,no_frozen_plan_snapshot
5adc99ba5542994ed6169ba9,hotpotqa,0,1,False,False,,,False,False,no_frozen_plan_snapshot
5adca5eb5542994d58a2f693,hotpotqa,0,1,False,False,,,False,False,no_frozen_plan_snapshot
5adca8375542990d50227cd4,hotpotqa,0,1,False,False,,,False,False,no_frozen_plan_snapshot
5adcaa7f5542990d50227cdb,hotpotqa,1,2,False,False,,,False,False,no_frozen_plan_snapshot
5adcb6875542994ed6169bcb,hotpotqa,0,1,False,False,,,False,False,no_frozen_plan_snapshot
5adcb7eb5542994ed6169bd0,hotpotqa,0,1,False,False,,,False,False,no_frozen_plan_snapshot
5adcbc645542994d58a2f6b6,hotpotqa,0,1,False,False,,,False,False,no_frozen_plan_snapshot
5adcc21f5542990d50227d05,hotpotqa,1,2,False,False,,,False,False,no_frozen_plan_snapshot
5adcc5715542990d50227d0a,hotpotqa,0,1,False,False,,,False,False,no_frozen_plan_snapshot
5adcc6765542994d58a2f6c9,hotpotqa,0,1,False,False,,,False,False,no_frozen_plan_snapshot
5adcc90c5542990d50227d1b,hotpotqa,0,1,False,False,,,False,False,no_frozen_plan_snapshot
5adcc975554299473435379f,hotpotqa,0,1,False,False,,,False,False,no_frozen_plan_snapshot
5adcc9f35542990d50227d20,hotpotqa,0,1,False,False,,,False,False,no_frozen_plan_snapshot
5adccaca5542994d58a2f6d5,hotpotqa,0,1,False,False,,,False,False,no_frozen_plan_snapshot
5adccdab5542994d58a2f6db,hotpotqa,1,2,False,False,,,False,False,no_frozen_plan_snapshot
5adcceda5542990d50227d31,hotpotqa,0,1,False,False,,,False,False,no_frozen_plan_snapshot
5adcd2435542992c1e3a241b,hotpotqa,0,1,False,False,,,False,False,no_frozen_plan_snapshot
5adce0f455429947343537bd,hotpotqa,0,1,False,False,,,False,False,no_frozen_plan_snapshot
5adce12e5542990d50227d4f,hotpotqa,0,1,False,False,,,False,False,no_frozen_plan_snapshot
5adce22c5542990d50227d51,hotpotqa,0,1,False,False,,,False,False,no_frozen_plan_snapshot
5adcf3a45542994ed6169c38,hotpotqa,0,1,False,False,,,False,False,no_frozen_plan_snapshot
5adcf48e5542992c1e3a24d4,hotpotqa,1,2,False,False,,,False,False,no_frozen_plan_snapshot
5adcf8155542990d50227d6a,hotpotqa,0,1,False,False,,,False,False,no_frozen_plan_snapshot
5adcfb5f5542990d50227d81,hotpotqa,0,1,False,False,,,False,False,no_frozen_plan_snapshot
5adcfba05542990d50227d83,hotpotqa,0,1,False,False,,,False,False,no_frozen_plan_snapshot
5adcfe7f5542992c1e3a24f1,hotpotqa,0,1,False,False,,,False,False,no_frozen_plan_snapshot
5add00775542992c1e3a2503,hotpotqa,0,1,False,False,,,False,False,no_frozen_plan_snapshot
5add10ca5542994ed6169c59,hotpotqa,0,1,False,False,,,False,False,no_frozen_plan_snapshot
5add1d435542990d50227de8,hotpotqa,0,1,False,False,,,False,False,no_frozen_plan_snapshot
5add2397554299473435386f,hotpotqa,0,1,False,False,,,False,False,no_frozen_plan_snapshot
5add292b5542990d50227e0a,hotpotqa,0,1,False,False,,,False,False,no_frozen_plan_snapshot
5add2b435542990d50227e11,hotpotqa,0,1,False,False,,,False,False,no_frozen_plan_snapshot
5add2b865542992c1e3a2550,hotpotqa,0,1,False,False,,,False,False,no_frozen_plan_snapshot
5add2ba55542994ed6169ca8,hotpotqa,0,1,False,False,,,False,False,no_frozen_plan_snapshot
5add2df85542992ae4cec4d6,hotpotqa,0,1,False,False,,,False,False,no_frozen_plan_snapshot
5add2eab5542992ae4cec4da,hotpotqa,1,2,False,False,,,False,False,no_frozen_plan_snapshot
5add3aaa5542992ae4cec500,hotpotqa,0,1,False,False,,,False,False,no_frozen_plan_snapshot
5add3acb5542990dbb2f7ddc,hotpotqa,0,1,False,False,,,False,False,no_frozen_plan_snapshot
5add3ccc5542997545bbbce5,hotpotqa,1,2,False,False,,,False,False,no_frozen_plan_snapshot
5add3fe05542992c1e3a2580,hotpotqa,0,1,False,False,,,False,False,no_frozen_plan_snapshot
5add433b5542997545bbbd02,hotpotqa,1,2,False,False,,,False,False,no_frozen_plan_snapshot
5add44c25542997545bbbd0a,hotpotqa,1,2,False,False,,,False,False,no_frozen_plan_snapshot
5add53fe5542992200553ab1,hotpotqa,1,2,False,False,,,False,False,no_frozen_plan_snapshot
5add559e5542992ae4cec511,hotpotqa,0,1,False,False,,,False,False,no_frozen_plan_snapshot
5add564a5542990dbb2f7e38,hotpotqa,0,1,False,False,,,False,False,no_frozen_plan_snapshot
5add56a85542992200553abe,hotpotqa,0,1,False,False,,,False,False,no_frozen_plan_snapshot
5add61d65542995b365fab21,hotpotqa,1,2,False,False,,,False,False,no_frozen_plan_snapshot
5add63845542992ae4cec541,hotpotqa,0,1,False,False,,,False,False,no_frozen_plan_snapshot
5add673e5542992ae4cec54d,hotpotqa,0,1,False,False,,,False,False,no_frozen_plan_snapshot
5add67555542992ae4cec54e,hotpotqa,0,1,False,False,,,False,False,no_frozen_plan_snapshot
5add67915542992200553af8,hotpotqa,0,1,False,False,,,False,False,no_frozen_plan_snapshot
5add6b595542992200553b0c,hotpotqa,0,1,False,False,,,False,False,no_frozen_plan_snapshot
5add7a335542992200553b37,hotpotqa,0,1,False,False,,,False,False,no_frozen_plan_snapshot
5add7ce55542992ae4cec585,hotpotqa,0,1,False,False,,,False,False,no_frozen_plan_snapshot
5adda7275542995b365fab57,hotpotqa,0,1,False,False,,,False,False,no_frozen_plan_snapshot
5adda8d45542995b365fab59,hotpotqa,1,2,False,False,,,False,False,no_frozen_plan_snapshot
5addbf645542997dc7907014,hotpotqa,0,1,False,False,,,False,False,no_frozen_plan_snapshot
5addcb215542997dc7907033,hotpotqa,0,1,False,False,,,False,False,no_frozen_plan_snapshot
5adddd075542992200553b71,hotpotqa,0,1,False,False,,,False,False,no_frozen_plan_snapshot
5adde16a5542997dc7907084,hotpotqa,0,1,False,False,,,False,False,no_frozen_plan_snapshot
5adde73f5542992200553b94,hotpotqa,1,2,False,False,,,False,False,no_frozen_plan_snapshot
5adde8a05542997dc79070a4,hotpotqa,0,1,False,False,,,False,False,no_frozen_plan_snapshot
5addf05a5542997dc79070cd,hotpotqa,0,1,False,False,,,False,False,no_frozen_plan_snapshot
5addf0fd5542997dc79070d2,hotpotqa,2,3,True,True,0,False,True,False,deep_hops_not_shallow
5addf9e05542997dc79070f9,hotpotqa,0,1,False,False,,,False,False,no_frozen_plan_snapshot
5addfdf65542992200553bd2,hotpotqa,0,1,False,False,,,False,False,no_frozen_plan_snapshot
5ade00855542997dc7907118,hotpotqa,0,1,False,False,,,False,False,no_frozen_plan_snapshot
5ade03c65542990dbb2f7f2e,hotpotqa,0,1,False,False,,,False,False,no_frozen_plan_snapshot
5ade09945542997545bbbe2c,hotpotqa,0,1,False,False,,,False,False,no_frozen_plan_snapshot
5ade09a15542995b365fabdf,hotpotqa,1,2,False,False,,,False,False,no_frozen_plan_snapshot
5ade0cc85542990dbb2f7f37,hotpotqa,0,1,False,False,,,False,False,no_frozen_plan_snapshot
5ade126355429939a52fe7ea,hotpotqa,0,1,False,False,,,False,False,no_frozen_plan_snapshot
5ade15a45542997545bbbe46,hotpotqa,0,1,False,False,,,False,False,no_frozen_plan_snapshot
5ade15ae5542990dbb2f7f4c,hotpotqa,0,1,False,False,,,False,False,no_frozen_plan_snapshot
5ade15f35542997545bbbe47,hotpotqa,0,1,False,False,,,False,False,no_frozen_plan_snapshot
5ade17d255429939a52fe80e,hotpotqa,0,1,False,False,,,False,False,no_frozen_plan_snapshot
5ade190f55429975fa854e40,hotpotqa,0,1,False,False,,,False,False,no_frozen_plan_snapshot
5ade1c9e55429939a52fe822,hotpotqa,0,1,False,False,,,False,False,no_frozen_plan_snapshot
5ade1f1c55429939a52fe82d,hotpotqa,0,1,False,False,,,False,False,no_frozen_plan_snapshot
5ade24e35542992fa25da6e6,hotpotqa,1,2,False,False,,,False,False,no_frozen_plan_snapshot
5ade26db5542997c77aded77,hotpotqa,0,1,False,False,,,False,False,no_frozen_plan_snapshot
5ade27e05542997c77aded7d,hotpotqa,0,1,False,False,,,False,False,no_frozen_plan_snapshot
5ade28b15542997c77aded83,hotpotqa,0,1,False,False,,,False,False,no_frozen_plan_snapshot
5ade2bce5542997c77aded96,hotpotqa,0,1,False,False,,,False,False,no_frozen_plan_snapshot
5ade38d8554299728e26c680,hotpotqa,0,1,False,False,,,False,False,no_frozen_plan_snapshot
5ade3d75554299728e26c68b,hotpotqa,0,1,False,False,,,False,False,no_frozen_plan_snapshot
5ade42b55542992fa25da717,hotpotqa,0,1,False,False,,,False,False,no_frozen_plan_snapshot
5ade4801554299728e26c6ab,hotpotqa,0,1,False,False,,,False,False,no_frozen_plan_snapshot
5ade48795542992fa25da729,hotpotqa,0,1,False,False,,,False,False,no_frozen_plan_snapshot
5ade4e415542992fa25da73f,hotpotqa,0,1,False,False,,,False,False,no_frozen_plan_snapshot
5ade4fcc5542997c77adeded,hotpotqa,0,1,False,False,,,False,False,no_frozen_plan_snapshot
5ade51515542992fa25da745,hotpotqa,0,1,False,False,,,False,False,no_frozen_plan_snapshot
5ade5e335542992fa25da766,hotpotqa,0,1,False,False,,,False,False,no_frozen_plan_snapshot
5ade653f55429975fa854ebb,hotpotqa,0,1,False,False,,,False,False,no_frozen_plan_snapshot
5ade664555429939a52fe89c,hotpotqa,0,1,False,False,,,False,False,no_frozen_plan_snapshot
5ade69e455429975fa854ec5,hotpotqa,0,1,False,False,,,False,False,no_frozen_plan_snapshot
5ade6acf554299728e26c71a,hotpotqa,0,1,False,False,,,False,False,no_frozen_plan_snapshot
5ade6b67554299728e26c71c,hotpotqa,0,1,False,False,,,False,False,no_frozen_plan_snapshot
5ade6eb65542992fa25da782,hotpotqa,6,7,True,True,0,False,True,False,deep_hops_not_shallow
5ade6fcd55429975fa854ecf,hotpotqa,1,2,False,False,,,False,False,no_frozen_plan_snapshot
5ade895955429975fa854ef5,hotpotqa,0,1,False,False,,,False,False,no_frozen_plan_snapshot
5ade90aa554299728e26c733,hotpotqa,0,1,False,False,,,False,False,no_frozen_plan_snapshot
5ade914b55429939a52fe8f9,hotpotqa,0,1,False,False,,,False,False,no_frozen_plan_snapshot
5ade9545554299728e26c740,hotpotqa,0,1,False,False,,,False,False,no_frozen_plan_snapshot
5ade99235542997c77adee7f,hotpotqa,0,1,False,False,,,False,False,no_frozen_plan_snapshot
5adea62e55429975fa854f3b,hotpotqa,0,1,False,False,,,False,False,no_frozen_plan_snapshot
5adeab4555429975fa854f5f,hotpotqa,0,1,False,False,,,False,False,no_frozen_plan_snapshot
5adeacf955429975fa854f66,hotpotqa,0,1,False,False,,,False,False,no_frozen_plan_snapshot
5adeaec455429939a52fe952,hotpotqa,0,1,False,False,,,False,False,no_frozen_plan_snapshot
5adeb78a554299728e26c77a,hotpotqa,0,1,False,False,,,False,False,no_frozen_plan_snapshot
5adec62a55429975fa854f89,hotpotqa,0,1,False,False,,,False,False,no_frozen_plan_snapshot
5adef1b35542993a75d263af,hotpotqa,0,1,False,False,,,False,False,no_frozen_plan_snapshot
5adf043b5542993a75d263d4,hotpotqa,1,2,False,False,,,False,False,no_frozen_plan_snapshot
5adf04915542995534e8c72f,hotpotqa,1,2,False,False,,,False,False,no_frozen_plan_snapshot
5adf07f25542992d7e9f9279,hotpotqa,0,1,False,False,,,False,False,no_frozen_plan_snapshot
5adf0cbd5542993a75d263e0,hotpotqa,0,1,False,False,,,False,False,no_frozen_plan_snapshot
5adf0e7c5542992d7e9f9297,hotpotqa,1,2,False,False,,,False,False,no_frozen_plan_snapshot
5adf1c3f5542993a75d263ec,hotpotqa,0,1,False,False,,,False,False,no_frozen_plan_snapshot
5adf24155542992d7e9f92af,hotpotqa,0,1,False,False,,,False,False,no_frozen_plan_snapshot
5adf2ba05542993a75d26411,hotpotqa,0,1,False,False,,,False,False,no_frozen_plan_snapshot
5adf2d375542993344016c0d,hotpotqa,0,1,False,False,,,False,False,no_frozen_plan_snapshot
5adf315c5542995ec70e8f8b,hotpotqa,0,1,False,False,,,False,False,no_frozen_plan_snapshot
5adf34955542993a75d26423,hotpotqa,0,1,False,False,,,False,False,no_frozen_plan_snapshot
5adf38ae5542993a75d26433,hotpotqa,0,1,False,False,,,False,False,no_frozen_plan_snapshot
5adf39ce5542995534e8c76d,hotpotqa,0,1,False,False,,,False,False,no_frozen_plan_snapshot
5adf3a4f5542992d7e9f92ec,hotpotqa,0,1,False,False,,,False,False,no_frozen_plan_snapshot
5adf3e355542993a75d26440,hotpotqa,1,2,False,False,,,False,False,no_frozen_plan_snapshot
5adf430e5542993a75d2645e,hotpotqa,0,1,False,False,,,False,False,no_frozen_plan_snapshot
5adf4b335542993a75d264a5,hotpotqa,0,1,False,False,,,False,False,no_frozen_plan_snapshot
5adf50c05542992d7e9f931e,hotpotqa,0,1,False,False,,,False,False,no_frozen_plan_snapshot
5adf53dc5542995534e8c791,hotpotqa,0,1,False,False,,,False,False,no_frozen_plan_snapshot
5adf5daf5542995534e8c79d,hotpotqa,0,1,False,False,,,False,False,no_frozen_plan_snapshot
5adf5e285542992d7e9f9323,hotpotqa,0,1,False,False,,,False,False,no_frozen_plan_snapshot
5adf5fa65542993a75d264db,hotpotqa,0,1,False,False,,,False,False,no_frozen_plan_snapshot
5adf62d05542992d7e9f932d,hotpotqa,1,2,False,False,,,False,False,no_frozen_plan_snapshot
5adf72d35542992d7e9f9369,hotpotqa,0,1,False,False,,,False,False,no_frozen_plan_snapshot
5adf734b5542995ec70e9016,hotpotqa,0,1,False,False,,,False,False,no_frozen_plan_snapshot
5adf73a45542992d7e9f9378,hotpotqa,0,1,False,False,,,False,False,no_frozen_plan_snapshot
5adf86b45542993344016cc1,hotpotqa,0,1,False,False,,,False,False,no_frozen_plan_snapshot
5adf88995542993344016cd4,hotpotqa,0,1,False,False,,,False,False,no_frozen_plan_snapshot
5adf8c375542995534e8c7dd,hotpotqa,0,1,False,False,,,False,False,no_frozen_plan_snapshot
5adf8dd25542993344016cfe,hotpotqa,0,1,False,False,,,False,False,no_frozen_plan_snapshot
5adf8dea5542995534e8c7e4,hotpotqa,0,1,False,False,,,False,False,no_frozen_plan_snapshot
5adf92f15542995534e8c7f3,hotpotqa,0,1,False,False,,,False,False,no_frozen_plan_snapshot
5adf95745542995534e8c7f8,hotpotqa,1,2,False,False,,,False,False,no_frozen_plan_snapshot
5adf98215542993344016d19,hotpotqa,0,1,False,False,,,False,False,no_frozen_plan_snapshot
5adf9b1e5542992d7e9f93b5,hotpotqa,0,1,False,False,,,False,False,no_frozen_plan_snapshot
5adf9f6c5542992d7e9f93c2,hotpotqa,0,1,False,False,,,False,False,no_frozen_plan_snapshot
5adfa12c554299025d62a301,hotpotqa,0,1,False,False,,,False,False,no_frozen_plan_snapshot
5adfa22655429942ec259ac4,hotpotqa,0,1,False,False,,,False,False,no_frozen_plan_snapshot
5adfa570554299025d62a31c,hotpotqa,0,1,False,False,,,False,False,no_frozen_plan_snapshot
5adfa6c7554299025d62a326,hotpotqa,0,1,False,False,,,False,False,no_frozen_plan_snapshot
5adfa73b55429942ec259ad8,hotpotqa,0,1,False,False,,,False,False,no_frozen_plan_snapshot
5adface25542995ec70e906c,hotpotqa,0,1,False,False,,,False,False,no_frozen_plan_snapshot
5adfb10855429942ec259af9,hotpotqa,0,1,False,False,,,False,False,no_frozen_plan_snapshot
5adfb60655429942ec259b08,hotpotqa,0,1,False,False,,,False,False,no_frozen_plan_snapshot
5adfb78f5542995ec70e9081,hotpotqa,0,1,False,False,,,False,False,no_frozen_plan_snapshot
5adfbca255429942ec259b2c,hotpotqa,0,1,False,False,,,False,False,no_frozen_plan_snapshot
5adfc11e55429942ec259b3a,hotpotqa,0,1,False,False,,,False,False,no_frozen_plan_snapshot
5adfc8cf554299603e4183ad,hotpotqa,0,1,False,False,,,False,False,no_frozen_plan_snapshot
5adfc9a555429906c02daa42,hotpotqa,-1,0,False,False,,,False,False,no_frozen_plan_snapshot
5adfd01f55429925eb1afa9f,hotpotqa,0,1,False,False,,,False,False,no_frozen_plan_snapshot
5adfd0d655429942ec259b4e,hotpotqa,0,1,False,False,,,False,False,no_frozen_plan_snapshot
5adfd30c55429906c02daa53,hotpotqa,0,1,False,False,,,False,False,no_frozen_plan_snapshot
5adfda5255429942ec259b5e,hotpotqa,0,1,False,False,,,False,False,no_frozen_plan_snapshot
5adfe0de55429925eb1afae9,hotpotqa,0,1,False,False,,,False,False,no_frozen_plan_snapshot
5adfecf0554299603e4183c3,hotpotqa,0,1,False,False,,,False,False,no_frozen_plan_snapshot
5adfed45554299603e4183c5,hotpotqa,1,2,False,False,,,False,False,no_frozen_plan_snapshot
5adfeeed55429925eb1afb44,hotpotqa,0,1,False,False,,,False,False,no_frozen_plan_snapshot
5adffc8d55429925eb1afbc6,hotpotqa,1,2,False,False,,,False,False,no_frozen_plan_snapshot
5adfffe755429925eb1afbd1,hotpotqa,0,1,False,False,,,False,False,no_frozen_plan_snapshot
5ae0006755429925eb1afbd3,hotpotqa,1,2,False,False,,,False,False,no_frozen_plan_snapshot
5ae002ec55429925eb1afbdc,hotpotqa,0,1,False,False,,,False,False,no_frozen_plan_snapshot
5ae00b9f554299025d62a3c3,hotpotqa,0,1,False,False,,,False,False,no_frozen_plan_snapshot
5ae0156455429942ec259c15,hotpotqa,0,1,False,False,,,False,False,no_frozen_plan_snapshot
5ae02b6c55429924de1b7044,hotpotqa,0,1,False,False,,,False,False,no_frozen_plan_snapshot
5ae031c455429924de1b7055,hotpotqa,0,1,False,False,,,False,False,no_frozen_plan_snapshot
5ae0335655429925eb1afc28,hotpotqa,1,2,False,False,,,False,False,no_frozen_plan_snapshot
5ae034bd55429925eb1afc2a,hotpotqa,0,1,False,False,,,False,False,no_frozen_plan_snapshot
5ae03cd855429924de1b7072,hotpotqa,0,1,False,False,,,False,False,no_frozen_plan_snapshot
5ae04a2755429924de1b7091,hotpotqa,0,1,False,False,,,False,False,no_frozen_plan_snapshot
5ae04ea555429924de1b709e,hotpotqa,0,1,False,False,,,False,False,no_frozen_plan_snapshot
5ae0504055429942ec259c6a,hotpotqa,0,1,False,False,,,False,False,no_frozen_plan_snapshot
5ae0536755429924de1b70a6,hotpotqa,0,1,False,False,,,False,False,no_frozen_plan_snapshot
5ae0613d5542993d6555eb22,hotpotqa,0,1,False,False,,,False,False,no_frozen_plan_snapshot
5ae077805542993d6555eb6e,hotpotqa,0,1,False,False,,,False,False,no_frozen_plan_snapshot
5ae07ddb55429945ae95937b,hotpotqa,4,5,True,True,4,False,False,False,deep_hops_not_shallow
5ae07e5b55429945ae959381,hotpotqa,1,2,False,False,,,False,False,no_frozen_plan_snapshot
5ae083e855429924de1b70fb,hotpotqa,0,1,False,False,,,False,False,no_frozen_plan_snapshot
5ae0847455429945ae959394,hotpotqa,0,1,False,False,,,False,False,no_frozen_plan_snapshot
5ae0850055429945ae959396,hotpotqa,0,1,False,False,,,False,False,no_frozen_plan_snapshot
5ae08dad55429945ae9593b9,hotpotqa,0,1,False,False,,,False,False,no_frozen_plan_snapshot
5ae0a54e5542993d6555ebdd,hotpotqa,0,1,False,False,,,False,False,no_frozen_plan_snapshot
5ae0a5825542993d6555ebdf,hotpotqa,0,1,False,False,,,False,False,no_frozen_plan_snapshot
5ae0a59a55429945ae9593e2,hotpotqa,0,1,False,False,,,False,False,no_frozen_plan_snapshot
5ae0aaf35542993d6555ec02,hotpotqa,0,1,False,False,,,False,False,no_frozen_plan_snapshot
5ae0ae4555429945ae959419,hotpotqa,0,1,False,False,,,False,False,no_frozen_plan_snapshot
5ae0b7cf554299603e418446,hotpotqa,0,1,False,False,,,False,False,no_frozen_plan_snapshot
5ae0b82855429906c02daaff,hotpotqa,0,1,False,False,,,False,False,no_frozen_plan_snapshot
5ae0b9b155429924de1b7152,hotpotqa,0,1,False,False,,,False,False,no_frozen_plan_snapshot
5ae0ba1155429924de1b7156,hotpotqa,0,1,False,False,,,False,False,no_frozen_plan_snapshot
5ae0ba15554299603e41844d,hotpotqa,0,1,False,False,,,False,False,no_frozen_plan_snapshot
5ae0bb2c5542993d6555ec27,hotpotqa,0,1,False,False,,,False,False,no_frozen_plan_snapshot
5ae0d5335542990adbacf674,hotpotqa,1,2,False,False,,,False,False,no_frozen_plan_snapshot
5ae0d85d5542990adbacf67e,hotpotqa,0,1,False,False,,,False,False,no_frozen_plan_snapshot
5ae0d9c555429924de1b719a,hotpotqa,0,1,False,False,,,False,False,no_frozen_plan_snapshot
5ae0db8955429924de1b71a1,hotpotqa,0,1,False,False,,,False,False,no_frozen_plan_snapshot
5ae0de1455429924de1b71b4,hotpotqa,0,1,False,False,,,False,False,no_frozen_plan_snapshot
5ae0e8c35542997b2ef7d064,hotpotqa,0,1,False,False,,,False,False,no_frozen_plan_snapshot
5ae0ead25542990adbacf6c8,hotpotqa,0,1,False,False,,,False,False,no_frozen_plan_snapshot
5ae0ee2c5542993d6555eca3,hotpotqa,0,1,False,False,,,False,False,no_frozen_plan_snapshot
5ae0f6f5554299422ee99583,hotpotqa,0,1,False,False,,,False,False,no_frozen_plan_snapshot
5ae0f97a5542997b2ef7d0c1,hotpotqa,0,1,False,False,,,False,False,no_frozen_plan_snapshot
5ae0ff95554299422ee995b0,hotpotqa,0,1,False,False,,,False,False,no_frozen_plan_snapshot
5ae10df355429920d52342ac,hotpotqa,0,1,False,False,,,False,False,no_frozen_plan_snapshot
5ae113de55429901ffe4ad51,hotpotqa,0,1,False,False,,,False,False,no_frozen_plan_snapshot
5ae114f155429901ffe4ad5c,hotpotqa,0,1,False,False,,,False,False,no_frozen_plan_snapshot
5ae121315542997b2ef7d0ee,hotpotqa,0,1,False,False,,,False,False,no_frozen_plan_snapshot
5ae122465542997b2ef7d0f4,hotpotqa,0,1,False,False,,,False,False,no_frozen_plan_snapshot
5ae12aa6554299422ee99617,hotpotqa,1,2,False,False,,,False,False,no_frozen_plan_snapshot
5ae12b6755429920d52342e4,hotpotqa,0,1,False,False,,,False,False,no_frozen_plan_snapshot
5ae12d5355429920d52342eb,hotpotqa,0,1,False,False,,,False,False,no_frozen_plan_snapshot
5ae12f105542997b2ef7d11e,hotpotqa,1,2,False,False,,,False,False,no_frozen_plan_snapshot
5ae1305b55429901ffe4add6,hotpotqa,0,1,False,False,,,False,False,no_frozen_plan_snapshot
5ae1316555429901ffe4adda,hotpotqa,0,1,False,False,,,False,False,no_frozen_plan_snapshot
5ae1319c55429920d5234301,hotpotqa,0,1,False,False,,,False,False,no_frozen_plan_snapshot
5ae136375542997b2ef7d12f,hotpotqa,0,1,False,False,,,False,False,no_frozen_plan_snapshot
5ae1388e5542997b2ef7d13a,hotpotqa,0,1,False,False,,,False,False,no_frozen_plan_snapshot
5ae13bf1554299422ee99634,hotpotqa,0,1,False,False,,,False,False,no_frozen_plan_snapshot
5ae13c5155429920d5234336,hotpotqa,0,1,False,False,,,False,False,no_frozen_plan_snapshot
5ae13f3c5542997b2ef7d168,hotpotqa,0,1,False,False,,,False,False,no_frozen_plan_snapshot
5ae1408a55429901ffe4ae2a,hotpotqa,0,1,False,False,,,False,False,no_frozen_plan_snapshot
5ae1408a5542997b2ef7d17c,hotpotqa,0,1,False,False,,,False,False,no_frozen_plan_snapshot
5ae1412a55429920d523434c,hotpotqa,0,1,False,False,,,False,False,no_frozen_plan_snapshot
5ae1465855429920d5234373,hotpotqa,0,1,False,False,,,False,False,no_frozen_plan_snapshot
5ae14b5c55429920d52343aa,hotpotqa,0,1,False,False,,,False,False,no_frozen_plan_snapshot
5ae14def55429901ffe4ae4a,hotpotqa,0,1,False,False,,,False,False,no_frozen_plan_snapshot
5ae1568a55429901ffe4ae6b,hotpotqa,0,1,False,False,,,False,False,no_frozen_plan_snapshot
5ae1599155429901ffe4ae7b,hotpotqa,0,1,False,False,,,False,False,no_frozen_plan_snapshot
5ae164685542997b2ef7d1cb,hotpotqa,0,1,False,False,,,False,False,no_frozen_plan_snapshot
5ae16ea85542990adbacf790,hotpotqa,0,1,False,False,,,False,False,no_frozen_plan_snapshot
5ae172c155429920d52343de,hotpotqa,1,2,False,False,,,False,False,no_frozen_plan_snapshot
5ae17a9b5542990adbacf7a2,hotpotqa,0,1,False,False,,,False,False,no_frozen_plan_snapshot
5ae1801955429901ffe4aec4,hotpotqa,0,1,False,False,,,False,False,no_frozen_plan_snapshot
5ae1847e55429920d52343ee,hotpotqa,0,1,False,False,,,False,False,no_frozen_plan_snapshot
5ae1892f5542997b2ef7d1f3,hotpotqa,0,1,False,False,,,False,False,no_frozen_plan_snapshot
5ae195bf5542997b2ef7d207,hotpotqa,0,1,False,False,,,False,False,no_frozen_plan_snapshot
5ae1ab2f554299234fd042ba,hotpotqa,0,1,False,False,,,False,False,no_frozen_plan_snapshot
5ae1b1445542997283cd223d,hotpotqa,2,3,True,True,2,False,False,False,deep_hops_not_shallow
5ae1c2d8554299234fd042ee,hotpotqa,0,1,False,False,,,False,False,no_frozen_plan_snapshot
5ae1c3cd554299492dc91b87,hotpotqa,0,1,False,False,,,False,False,no_frozen_plan_snapshot
5ae1cf785542997f29b3c12a,hotpotqa,0,1,False,False,,,False,False,no_frozen_plan_snapshot
5ae1d0e8554299234fd0430a,hotpotqa,0,1,False,False,,,False,False,no_frozen_plan_snapshot
5ae1da385542997283cd2297,hotpotqa,0,1,False,False,,,False,False,no_frozen_plan_snapshot
5ae1dac95542997283cd229b,hotpotqa,1,2,False,False,,,False,False,no_frozen_plan_snapshot
5ae1f48d554299234fd0436b,hotpotqa,0,1,False,False,,,False,False,no_frozen_plan_snapshot
5ae1f528554299234fd04370,hotpotqa,0,1,False,False,,,False,False,no_frozen_plan_snapshot
5ae1fa2b5542997f29b3c1df,hotpotqa,1,2,False,False,,,False,False,no_frozen_plan_snapshot
5ae1fb7a554299234fd04383,hotpotqa,0,1,False,False,,,False,False,no_frozen_plan_snapshot
5ae200655542994d89d5b2f4,hotpotqa,0,1,False,False,,,False,False,no_frozen_plan_snapshot
5ae203d6554299234fd04394,hotpotqa,1,2,False,False,,,False,False,no_frozen_plan_snapshot
5ae205fd554299234fd043a9,hotpotqa,0,1,False,False,,,False,False,no_frozen_plan_snapshot
5ae206c45542994d89d5b311,hotpotqa,1,2,False,False,,,False,False,no_frozen_plan_snapshot
5ae2098e5542997f29b3c21b,hotpotqa,0,1,False,False,,,False,False,no_frozen_plan_snapshot
5ae20cd25542997283cd2376,hotpotqa,0,1,False,False,,,False,False,no_frozen_plan_snapshot
5ae20e265542994d89d5b325,hotpotqa,0,1,False,False,,,False,False,no_frozen_plan_snapshot
5ae2120c5542997283cd23ac,hotpotqa,0,1,False,False,,,False,False,no_frozen_plan_snapshot
5ae2125e554299495565d9db,hotpotqa,0,1,False,False,,,False,False,no_frozen_plan_snapshot
5ae212c9554299495565d9de,hotpotqa,0,1,False,False,,,False,False,no_frozen_plan_snapshot
5ae2138c5542997283cd23b7,hotpotqa,0,1,False,False,,,False,False,no_frozen_plan_snapshot
5ae222ec5542996483e648ff,hotpotqa,1,2,False,False,,,False,False,no_frozen_plan_snapshot
5ae226755542996483e64906,hotpotqa,0,1,False,False,,,False,False,no_frozen_plan_snapshot
5ae22a08554299234fd0440b,hotpotqa,1,2,False,False,,,False,False,no_frozen_plan_snapshot
5ae22f4e5542996483e6492f,hotpotqa,1,2,False,False,,,False,False,no_frozen_plan_snapshot
5ae236b2554299495565da3e,hotpotqa,0,1,False,False,,,False,False,no_frozen_plan_snapshot
5ae241005542994d89d5b3a4,hotpotqa,0,1,False,False,,,False,False,no_frozen_plan_snapshot
5ae25d2b554299495565da46,hotpotqa,0,1,False,False,,,False,False,no_frozen_plan_snapshot
5ae25ed15542992decbdccd2,hotpotqa,0,1,False,False,,,False,False,no_frozen_plan_snapshot
5ae267a35542992decbdccee,hotpotqa,0,1,False,False,,,False,False,no_frozen_plan_snapshot
5ae268f35542994d89d5b416,hotpotqa,1,2,False,False,,,False,False,no_frozen_plan_snapshot
5ae274dd5542996483e649ad,hotpotqa,1,2,False,False,,,False,False,no_frozen_plan_snapshot
5ae277575542996483e649b2,hotpotqa,0,1,False,False,,,False,False,no_frozen_plan_snapshot
5ae27b535542996483e649b6,hotpotqa,0,1,False,False,,,False,False,no_frozen_plan_snapshot
5ae27e19554299495565da8b,hotpotqa,0,1,False,False,,,False,False,no_frozen_plan_snapshot
5ae27f22554299495565da8d,hotpotqa,0,1,False,False,,,False,False,no_frozen_plan_snapshot
5ae2979a554299495565dade,hotpotqa,0,1,False,False,,,False,False,no_frozen_plan_snapshot
5ae29d8a5542996483e64a0f,hotpotqa,0,1,False,False,,,False,False,no_frozen_plan_snapshot
5ae2b770554299495565db0f,hotpotqa,0,1,False,False,,,False,False,no_frozen_plan_snapshot
5ae2c416554299492dc91c67,hotpotqa,0,1,False,False,,,False,False,no_frozen_plan_snapshot
5ae2c509554299492dc91c68,hotpotqa,1,2,False,False,,,False,False,no_frozen_plan_snapshot
5ae2dd2055429928c423950d,hotpotqa,0,1,False,False,,,False,False,no_frozen_plan_snapshot
5ae2e61455429928c423953e,hotpotqa,0,1,False,False,,,False,False,no_frozen_plan_snapshot
5ae2eda355429928c4239570,hotpotqa,0,1,False,False,,,False,False,no_frozen_plan_snapshot
5ae2ff2055429928c4239598,hotpotqa,0,1,False,False,,,False,False,no_frozen_plan_snapshot
5ae305355542992decbdcdc2,hotpotqa,0,1,False,False,,,False,False,no_frozen_plan_snapshot
5ae30aa05542992decbdcdd7,hotpotqa,1,2,False,False,,,False,False,no_frozen_plan_snapshot
5ae31ca155429928c4239608,hotpotqa,0,1,False,False,,,False,False,no_frozen_plan_snapshot
5ae322b75542994393b9e622,hotpotqa,1,2,False,False,,,False,False,no_frozen_plan_snapshot
5ae324775542994393b9e62f,hotpotqa,0,1,False,False,,,False,False,no_frozen_plan_snapshot
5ae324e85542991a06ce9934,hotpotqa,0,1,False,False,,,False,False,no_frozen_plan_snapshot
5ae325bd5542991a06ce9936,hotpotqa,0,1,False,False,,,False,False,no_frozen_plan_snapshot
5ae326e95542990afbd1e0b6,hotpotqa,0,1,False,False,,,False,False,no_frozen_plan_snapshot
5ae3287f5542991a06ce993b,hotpotqa,0,1,False,False,,,False,False,no_frozen_plan_snapshot
5ae32e125542991a06ce9946,hotpotqa,0,1,False,False,,,False,False,no_frozen_plan_snapshot
5ae32eca5542994393b9e640,hotpotqa,1,2,False,False,,,False,False,no_frozen_plan_snapshot
5ae3305c55429928c423965f,hotpotqa,0,1,False,False,,,False,False,no_frozen_plan_snapshot
5ae3376455429928c4239688,hotpotqa,0,1,False,False,,,False,False,no_frozen_plan_snapshot
5ae33bdc5542992f92d8225e,hotpotqa,0,1,False,False,,,False,False,no_frozen_plan_snapshot
5ae340a85542994393b9e668,hotpotqa,1,2,False,False,,,False,False,no_frozen_plan_snapshot
5ae347fb5542992e3233c368,hotpotqa,0,1,False,False,,,False,False,no_frozen_plan_snapshot
5ae361605542994393b9e69b,hotpotqa,0,1,False,False,,,False,False,no_frozen_plan_snapshot
5ae362105542991a06ce99ae,hotpotqa,0,1,False,False,,,False,False,no_frozen_plan_snapshot
5ae363ff5542992f92d822bc,hotpotqa,0,1,False,False,,,False,False,no_frozen_plan_snapshot
5ae368715542991a06ce99bd,hotpotqa,0,1,False,False,,,False,False,no_frozen_plan_snapshot
5ae375955542990afbd1e15d,hotpotqa,1,2,False,False,,,False,False,no_frozen_plan_snapshot
5ae377415542992e3233c40a,hotpotqa,1,2,False,False,,,False,False,no_frozen_plan_snapshot
5ae3789b5542992e3233c412,hotpotqa,2,3,True,True,2,True,True,False,deep_hops_not_shallow
5ae37b4d5542991a06ce99ce,hotpotqa,0,1,False,False,,,False,False,no_frozen_plan_snapshot
5ae37c765542992f92d822d4,hotpotqa,0,1,False,False,,,False,False,no_frozen_plan_snapshot
5ae37e525542992e3233c42d,hotpotqa,0,1,False,False,,,False,False,no_frozen_plan_snapshot
5ae382ee5542992e3233c430,hotpotqa,0,1,False,False,,,False,False,no_frozen_plan_snapshot
5ae385df5542992f92d82305,hotpotqa,0,1,False,False,,,False,False,no_frozen_plan_snapshot
5ae388ea5542994393b9e6f0,hotpotqa,2,3,True,True,2,True,True,False,deep_hops_not_shallow
5ae389fc5542992f92d8230f,hotpotqa,1,2,False,False,,,False,False,no_frozen_plan_snapshot
5ae38b115542990afbd1e183,hotpotqa,0,1,False,False,,,False,False,no_frozen_plan_snapshot
5ae397df5542994393b9e71f,hotpotqa,0,1,False,False,,,False,False,no_frozen_plan_snapshot
5ae3992d5542994393b9e722,hotpotqa,1,2,False,False,,,False,False,no_frozen_plan_snapshot
5ae39e9c5542990afbd1e195,hotpotqa,0,1,False,False,,,False,False,no_frozen_plan_snapshot
5ae3a1aa5542994393b9e72d,hotpotqa,1,2,False,False,,,False,False,no_frozen_plan_snapshot
5ae3a3835542990afbd1e19c,hotpotqa,0,1,False,False,,,False,False,no_frozen_plan_snapshot
5ae3b1ba5542992f92d82343,hotpotqa,0,1,False,False,,,False,False,no_frozen_plan_snapshot
5ae3d4345542992f92d82387,hotpotqa,0,1,False,False,,,False,False,no_frozen_plan_snapshot
5ae3d67f5542992f92d8238f,hotpotqa,1,2,False,False,,,False,False,no_frozen_plan_snapshot
5ae3d6bd5542991a06ce9a2b,hotpotqa,0,1,False,False,,,False,False,no_frozen_plan_snapshot
5ae3dcc05542991a06ce9a33,hotpotqa,0,1,False,False,,,False,False,no_frozen_plan_snapshot
5ae3dce45542994393b9e783,hotpotqa,0,1,False,False,,,False,False,no_frozen_plan_snapshot
5ae3de615542992f92d823a5,hotpotqa,2,3,True,True,2,False,True,False,deep_hops_not_shallow
5ae3f1bb5542995ad6573cbe,hotpotqa,0,1,False,False,,,False,False,no_frozen_plan_snapshot
5ae3f1fb5542995ad6573cc1,hotpotqa,-1,0,False,False,,,False,False,no_frozen_plan_snapshot
5ae3f2d25542995ad6573ccc,hotpotqa,1,2,False,False,,,False,False,no_frozen_plan_snapshot
5ae3f33e5542991a06ce9a3d,hotpotqa,0,1,False,False,,,False,False,no_frozen_plan_snapshot
5ae3f6775542991a06ce9a3f,hotpotqa,0,1,False,False,,,False,False,no_frozen_plan_snapshot
5ae406f055429970de88d874,hotpotqa,1,2,False,False,,,False,False,no_frozen_plan_snapshot
5ae4075b55429970de88d87a,hotpotqa,0,1,False,False,,,False,False,no_frozen_plan_snapshot
5ae4083755429970de88d885,hotpotqa,0,1,False,False,,,False,False,no_frozen_plan_snapshot
5ae444b55542996836b02c63,hotpotqa,0,1,False,False,,,False,False,no_frozen_plan_snapshot
5ae446825542995ad6573d21,hotpotqa,0,1,False,False,,,False,False,no_frozen_plan_snapshot
5ae457a95542996836b02c85,hotpotqa,0,1,False,False,,,False,False,no_frozen_plan_snapshot
5ae4606c5542996836b02c91,hotpotqa,0,1,False,False,,,False,False,no_frozen_plan_snapshot
5ae4627d5542991a06ce9a4d,hotpotqa,0,1,False,False,,,False,False,no_frozen_plan_snapshot
5ae473545542995dadf2433d,hotpotqa,0,1,False,False,,,False,False,no_frozen_plan_snapshot
5ae4758b5542995dadf24342,hotpotqa,0,1,False,False,,,False,False,no_frozen_plan_snapshot
5ae479745542996836b02cb1,hotpotqa,0,1,False,False,,,False,False,no_frozen_plan_snapshot
5ae4818f5542995ad6573d5b,hotpotqa,0,1,False,False,,,False,False,no_frozen_plan_snapshot
5ae4843455429970de88d997,hotpotqa,0,1,False,False,,,False,False,no_frozen_plan_snapshot
5ae484f855429970de88d999,hotpotqa,0,1,False,False,,,False,False,no_frozen_plan_snapshot
5ae490a85542995ad6573d9d,hotpotqa,0,1,False,False,,,False,False,no_frozen_plan_snapshot
5ae4932855429970de88d9b8,hotpotqa,0,1,False,False,,,False,False,no_frozen_plan_snapshot
5ae4957155429970de88d9bc,hotpotqa,1,2,False,False,,,False,False,no_frozen_plan_snapshot
5ae496735542995dadf2435d,hotpotqa,0,1,False,False,,,False,False,no_frozen_plan_snapshot
5ae499d755429970de88d9ca,hotpotqa,0,1,False,False,,,False,False,no_frozen_plan_snapshot
5ae49b705542995ad6573dbc,hotpotqa,1,2,False,False,,,False,False,no_frozen_plan_snapshot
5ae4a0ca5542995ad6573dcb,hotpotqa,0,1,False,False,,,False,False,no_frozen_plan_snapshot
5ae4a1ef55429970de88d9e7,hotpotqa,0,1,False,False,,,False,False,no_frozen_plan_snapshot
5ae4a45b55429970de88d9ed,hotpotqa,0,1,False,False,,,False,False,no_frozen_plan_snapshot
5ae4accf5542995ad6573e19,hotpotqa,0,1,False,False,,,False,False,no_frozen_plan_snapshot
5ae4ad3155429913cc2044cb,hotpotqa,0,1,False,False,,,False,False,no_frozen_plan_snapshot
5ae4b5935542995ad6573e27,hotpotqa,0,1,False,False,,,False,False,no_frozen_plan_snapshot
5ae4b8fc55429913cc2044e5,hotpotqa,0,1,False,False,,,False,False,no_frozen_plan_snapshot
5ae4bc7955429913cc2044e9,hotpotqa,2,3,True,True,2,False,True,False,deep_hops_not_shallow
5ae4be5c5542995ad6573e3a,hotpotqa,0,1,False,False,,,False,False,no_frozen_plan_snapshot
5ae4c01e55429913cc2044f3,hotpotqa,0,1,False,False,,,False,False,no_frozen_plan_snapshot
5ae4c39f5542995dadf243fb,hotpotqa,1,2,False,False,,,False,False,no_frozen_plan_snapshot
5ae4c96355429913cc204506,hotpotqa,-1,0,False,False,,,False,False,no_frozen_plan_snapshot
5ae4d0ff55429913cc204511,hotpotqa,0,1,False,False,,,False,False,no_frozen_plan_snapshot
5ae4d15255429908b6326483,hotpotqa,3,4,True,True,3,True,True,False,deep_hops_not_shallow
5ae4d1a355429913cc204513,hotpotqa,0,1,False,False,,,False,False,no_frozen_plan_snapshot
5ae4d9985542990ba0bbb175,hotpotqa,0,1,False,False,,,False,False,no_frozen_plan_snapshot
5ae4eb9255429908b63264ba,hotpotqa,0,1,False,False,,,False,False,no_frozen_plan_snapshot
5ae4ebeb55429908b63264bb,hotpotqa,0,1,False,False,,,False,False,no_frozen_plan_snapshot
5ae4ec1e5542990ba0bbb19b,hotpotqa,0,1,False,False,,,False,False,no_frozen_plan_snapshot
5ae4f2c45542990ba0bbb1a9,hotpotqa,0,1,False,False,,,False,False,no_frozen_plan_snapshot
5ae504a855429908b63264df,hotpotqa,0,1,False,False,,,False,False,no_frozen_plan_snapshot
5ae518655542993aec5ec139,hotpotqa,0,1,False,False,,,False,False,no_frozen_plan_snapshot
5ae51b495542993aec5ec146,hotpotqa,0,1,False,False,,,False,False,no_frozen_plan_snapshot
5ae51fa25542992663a4f11f,hotpotqa,0,1,False,False,,,False,False,no_frozen_plan_snapshot
5ae520315542993aec5ec152,hotpotqa,0,1,False,False,,,False,False,no_frozen_plan_snapshot
5ae528ed5542993aec5ec16e,hotpotqa,0,1,False,False,,,False,False,no_frozen_plan_snapshot
5ae531695542990ba0bbb1fb,hotpotqa,0,1,False,False,,,False,False,no_frozen_plan_snapshot
5ae531a95542990ba0bbb1fc,hotpotqa,2,3,True,True,2,True,True,False,deep_hops_not_shallow
5ae532365542992663a4f150,hotpotqa,0,1,False,False,,,False,False,no_frozen_plan_snapshot
5ae534bb5542990ba0bbb21d,hotpotqa,1,2,False,False,,,False,False,no_frozen_plan_snapshot
5ae5366e5542990ba0bbb22b,hotpotqa,0,1,False,False,,,False,False,no_frozen_plan_snapshot
5ae537895542990ba0bbb234,hotpotqa,0,1,False,False,,,False,False,no_frozen_plan_snapshot
5ae5390355429960a22e0271,hotpotqa,0,1,False,False,,,False,False,no_frozen_plan_snapshot
5ae544035542992663a4f1af,hotpotqa,0,1,False,False,,,False,False,no_frozen_plan_snapshot
5ae544d75542990ba0bbb249,hotpotqa,1,2,False,False,,,False,False,no_frozen_plan_snapshot
5ae54b4f5542990ba0bbb261,hotpotqa,2,3,True,True,3,False,True,False,deep_hops_not_shallow
5ae54b6355429908b63265cc,hotpotqa,0,1,False,False,,,False,False,no_frozen_plan_snapshot
5ae54bbd5542990ba0bbb262,hotpotqa,0,1,False,False,,,False,False,no_frozen_plan_snapshot
5ae5559c55429960a22e02ba,hotpotqa,0,1,False,False,,,False,False,no_frozen_plan_snapshot
5ae55dda5542992663a4f1e9,hotpotqa,0,1,False,False,,,False,False,no_frozen_plan_snapshot
5ae55e6855429960a22e02d0,hotpotqa,0,1,False,False,,,False,False,no_frozen_plan_snapshot
5ae55ec855429908b63265f5,hotpotqa,1,2,False,False,,,False,False,no_frozen_plan_snapshot
5ae5621655429908b63265fc,hotpotqa,1,2,False,False,,,False,False,no_frozen_plan_snapshot
5ae564a155429960a22e02e4,hotpotqa,0,1,False,False,,,False,False,no_frozen_plan_snapshot
5ae56a0d5542990ba0bbb29c,hotpotqa,0,1,False,False,,,False,False,no_frozen_plan_snapshot
5ae56fb85542993aec5ec1a9,hotpotqa,0,1,False,False,,,False,False,no_frozen_plan_snapshot
5ae57d3a554299546bf82ee6,hotpotqa,0,1,False,False,,,False,False,no_frozen_plan_snapshot
5ae5a4e5554299546bf82f01,hotpotqa,1,2,False,False,,,False,False,no_frozen_plan_snapshot
5ae5aba0554299546bf82f17,hotpotqa,0,1,False,False,,,False,False,no_frozen_plan_snapshot
5ae5b25d5542990ba0bbb2bb,hotpotqa,0,1,False,False,,,False,False,no_frozen_plan_snapshot
5ae5b81d5542990ba0bbb2c2,hotpotqa,0,1,False,False,,,False,False,no_frozen_plan_snapshot
5ae5bcbd55429960a22e0324,hotpotqa,0,1,False,False,,,False,False,no_frozen_plan_snapshot
5ae5be02554299546bf82f3e,hotpotqa,0,1,False,False,,,False,False,no_frozen_plan_snapshot
5ae5be475542990ba0bbb2c6,hotpotqa,1,2,False,False,,,False,False,no_frozen_plan_snapshot
5ae5c27b554299546bf82f4c,hotpotqa,0,1,False,False,,,False,False,no_frozen_plan_snapshot
5ae5c72a554299546bf82f57,hotpotqa,1,2,False,False,,,False,False,no_frozen_plan_snapshot
5ae5c74d554299546bf82f58,hotpotqa,0,1,False,False,,,False,False,no_frozen_plan_snapshot
5ae5cf0b55429929b08079aa,hotpotqa,0,1,False,False,,,False,False,no_frozen_plan_snapshot
5ae5cf625542996de7b71a22,hotpotqa,0,1,False,False,,,False,False,no_frozen_plan_snapshot
5ae5d008554299546bf82f7d,hotpotqa,0,1,False,False,,,False,False,no_frozen_plan_snapshot
5ae5d0b5554299546bf82f80,hotpotqa,0,1,False,False,,,False,False,no_frozen_plan_snapshot
5ae5d63b5542996de7b71a2d,hotpotqa,0,1,False,False,,,False,False,no_frozen_plan_snapshot
5ae5d82f554299546bf82f9a,hotpotqa,0,1,False,False,,,False,False,no_frozen_plan_snapshot
5ae5df84554299546bf82fa8,hotpotqa,0,1,False,False,,,False,False,no_frozen_plan_snapshot
5ae5e0a6554299546bf82fa9,hotpotqa,0,1,False,False,,,False,False,no_frozen_plan_snapshot
5ae5e1345542996de7b71a50,hotpotqa,0,1,False,False,,,False,False,no_frozen_plan_snapshot
5ae5fd395542996de7b71ab3,hotpotqa,0,1,False,False,,,False,False,no_frozen_plan_snapshot
5ae601e45542992663a4f23b,hotpotqa,0,1,False,False,,,False,False,no_frozen_plan_snapshot
5ae603a65542996de7b71af3,hotpotqa,0,1,False,False,,,False,False,no_frozen_plan_snapshot
5ae60426554299546bf83019,hotpotqa,1,2,False,False,,,False,False,no_frozen_plan_snapshot
5ae6097c55429929b0807a9a,hotpotqa,0,1,False,False,,,False,False,no_frozen_plan_snapshot
5ae60d36554299546bf8303e,hotpotqa,0,1,False,False,,,False,False,no_frozen_plan_snapshot
5ae60dcc554299546bf83043,hotpotqa,0,1,False,False,,,False,False,no_frozen_plan_snapshot
5ae61351554299546bf83066,hotpotqa,0,1,False,False,,,False,False,no_frozen_plan_snapshot
5ae614215542992663a4f254,hotpotqa,1,2,False,False,,,False,False,no_frozen_plan_snapshot
5ae618535542995703ce8af7,hotpotqa,0,1,False,False,,,False,False,no_frozen_plan_snapshot
5ae61e7555429929b0807adf,hotpotqa,0,1,False,False,,,False,False,no_frozen_plan_snapshot
5ae6233c5542992ae0d1623e,hotpotqa,0,1,False,False,,,False,False,no_frozen_plan_snapshot
5ae629215542995703ce8b34,hotpotqa,0,1,False,False,,,False,False,no_frozen_plan_snapshot
5ae635505542992ae0d16282,hotpotqa,0,1,False,False,,,False,False,no_frozen_plan_snapshot
5ae6371155429929b0807af1,hotpotqa,0,1,False,False,,,False,False,no_frozen_plan_snapshot
5ae63cc55542992ae0d16298,hotpotqa,0,1,False,False,,,False,False,no_frozen_plan_snapshot
5ae6443355429908198fa563,hotpotqa,0,1,False,False,,,False,False,no_frozen_plan_snapshot
5ae6453e55429908198fa56c,hotpotqa,2,3,True,True,2,True,True,False,deep_hops_not_shallow
5ae6479a55429929b0807b1b,hotpotqa,0,1,False,False,,,False,False,no_frozen_plan_snapshot
5ae648b955429929b0807b1d,hotpotqa,0,1,False,False,,,False,False,no_frozen_plan_snapshot
5ae64ad25542995703ce8b4f,hotpotqa,0,1,False,False,,,False,False,no_frozen_plan_snapshot
5ae64b015542992ae0d162bc,hotpotqa,0,1,False,False,,,False,False,no_frozen_plan_snapshot
5ae6537c5542991bbc9760c1,hotpotqa,0,1,False,False,,,False,False,no_frozen_plan_snapshot
5ae6545f5542991bbc9760c2,hotpotqa,0,1,False,False,,,False,False,no_frozen_plan_snapshot
5ae658855542992ae0d162e3,hotpotqa,0,1,False,False,,,False,False,no_frozen_plan_snapshot
5ae663b05542992ae0d16316,hotpotqa,2,3,True,True,2,True,True,False,deep_hops_not_shallow
5ae666d35542991bbc9760cc,hotpotqa,0,1,False,False,,,False,False,no_frozen_plan_snapshot
5ae678915542996d980e7b70,hotpotqa,0,1,False,False,,,False,False,no_frozen_plan_snapshot
5ae67def5542991bbc9760f3,hotpotqa,1,2,False,False,,,False,False,no_frozen_plan_snapshot
5ae67fba5542996d980e7b9a,hotpotqa,0,1,False,False,,,False,False,no_frozen_plan_snapshot
5ae6808f5542995703ce8b6b,hotpotqa,0,1,False,False,,,False,False,no_frozen_plan_snapshot
5ae682c45542995703ce8b6f,hotpotqa,1,2,False,False,,,False,False,no_frozen_plan_snapshot
5ae68fcb5542992ae0d1635b,hotpotqa,0,1,False,False,,,False,False,no_frozen_plan_snapshot
5ae6940e5542991bbc97613f,hotpotqa,0,1,False,False,,,False,False,no_frozen_plan_snapshot
5ae69df255429908198fa664,hotpotqa,0,1,False,False,,,False,False,no_frozen_plan_snapshot
5ae69e3f5542996d980e7c61,hotpotqa,-1,0,False,False,,,False,False,no_frozen_plan_snapshot
5ae6a5d15542991bbc97615d,hotpotqa,0,1,False,False,,,False,False,no_frozen_plan_snapshot
5ae6b6065542991bbc976168,hotpotqa,0,1,False,False,,,False,False,no_frozen_plan_snapshot
5ae6c0f35542991bbc97616f,hotpotqa,0,1,False,False,,,False,False,no_frozen_plan_snapshot
5ae70ed7554299572ea546a1,hotpotqa,0,1,False,False,,,False,False,no_frozen_plan_snapshot
5ae70f4c5542991bbc9761b2,hotpotqa,0,1,False,False,,,False,False,no_frozen_plan_snapshot
5ae71c4c554299572ea546ee,hotpotqa,0,1,False,False,,,False,False,no_frozen_plan_snapshot
5ae720e9554299572ea54715,hotpotqa,0,1,False,False,,,False,False,no_frozen_plan_snapshot
5ae721885542996d980e7cba,hotpotqa,1,2,False,False,,,False,False,no_frozen_plan_snapshot
5ae724ec5542995703ce8bd8,hotpotqa,0,1,False,False,,,False,False,no_frozen_plan_snapshot
5ae72c1e554299572ea54754,hotpotqa,1,2,False,False,,,False,False,no_frozen_plan_snapshot
5ae72c7d5542991e8301cb91,hotpotqa,0,1,False,False,,,False,False,no_frozen_plan_snapshot
5ae733dc5542991e8301cbd1,hotpotqa,0,1,False,False,,,False,False,no_frozen_plan_snapshot
5ae7385d5542992ae0d163da,hotpotqa,0,1,False,False,,,False,False,no_frozen_plan_snapshot
5ae738f75542991bbc9761c4,hotpotqa,0,1,False,False,,,False,False,no_frozen_plan_snapshot
5ae73c00554299572ea5478a,hotpotqa,0,1,False,False,,,False,False,no_frozen_plan_snapshot
5ae73eca5542991e8301cc37,hotpotqa,1,2,False,False,,,False,False,no_frozen_plan_snapshot
5ae74818554299572ea547ad,hotpotqa,0,1,False,False,,,False,False,no_frozen_plan_snapshot
5ae74eeb5542991bbc9761e1,hotpotqa,0,1,False,False,,,False,False,no_frozen_plan_snapshot
5ae7525f5542991e8301cc60,hotpotqa,0,1,False,False,,,False,False,no_frozen_plan_snapshot
5ae7535c5542997b22f6a6d8,hotpotqa,0,1,False,False,,,False,False,no_frozen_plan_snapshot
5ae75a5a5542991bbc9761f3,hotpotqa,0,1,False,False,,,False,False,no_frozen_plan_snapshot
5ae762835542997b22f6a711,hotpotqa,1,2,False,False,,,False,False,no_frozen_plan_snapshot
5ae762985542995703ce8c04,hotpotqa,0,1,False,False,,,False,False,no_frozen_plan_snapshot
5ae764a85542997b22f6a720,hotpotqa,0,1,False,False,,,False,False,no_frozen_plan_snapshot
5ae765185542995703ce8c0f,hotpotqa,0,1,False,False,,,False,False,no_frozen_plan_snapshot
5ae76e615542997ec2727647,hotpotqa,0,1,False,False,,,False,False,no_frozen_plan_snapshot
5ae7739c5542997b22f6a775,hotpotqa,0,1,False,False,,,False,False,no_frozen_plan_snapshot
5ae780a55542997b22f6a79f,hotpotqa,0,1,False,False,,,False,False,no_frozen_plan_snapshot
5ae786c8554299540e5a55d7,hotpotqa,0,1,False,False,,,False,False,no_frozen_plan_snapshot
5ae788fa55429952e35ea964,hotpotqa,0,1,False,False,,,False,False,no_frozen_plan_snapshot
5ae78d155542994a481bbd99,hotpotqa,1,2,False,False,,,False,False,no_frozen_plan_snapshot
5ae7909f5542994a481bbda6,hotpotqa,0,1,False,False,,,False,False,no_frozen_plan_snapshot
5ae791a55542994a481bbdaa,hotpotqa,0,1,False,False,,,False,False,no_frozen_plan_snapshot
5ae791cf55429952e35ea978,hotpotqa,0,1,False,False,,,False,False,no_frozen_plan_snapshot
5ae791ef55429952e35ea979,hotpotqa,2,3,True,True,2,True,True,False,deep_hops_not_shallow
5ae794215542997ec27276a8,hotpotqa,0,1,False,False,,,False,False,no_frozen_plan_snapshot
5ae7a8175542993210983ed8,hotpotqa,1,2,False,False,,,False,False,no_frozen_plan_snapshot
5ae7a9765542994a481bbdbc,hotpotqa,0,1,False,False,,,False,False,no_frozen_plan_snapshot
5ae7b001554299540e5a5645,hotpotqa,0,1,False,False,,,False,False,no_frozen_plan_snapshot
5ae7b271554299540e5a564d,hotpotqa,0,1,False,False,,,False,False,no_frozen_plan_snapshot
5ae7ba7a5542993210983f12,hotpotqa,0,1,False,False,,,False,False,no_frozen_plan_snapshot
5ae7bdc05542993210983f29,hotpotqa,0,1,False,False,,,False,False,no_frozen_plan_snapshot
5ae7c5ef5542993210983f44,hotpotqa,0,1,False,False,,,False,False,no_frozen_plan_snapshot
5ae7cb575542997ec27276ea,hotpotqa,0,1,False,False,,,False,False,no_frozen_plan_snapshot
5ae7cea355429952e35ea9c1,hotpotqa,0,1,False,False,,,False,False,no_frozen_plan_snapshot
5ae7d03b55429952e35ea9c2,hotpotqa,2,3,True,True,2,False,True,False,deep_hops_not_shallow
5ae7eb43554299540e5a5695,hotpotqa,0,1,False,False,,,False,False,no_frozen_plan_snapshot
5ae7ed17554299540e5a56a3,hotpotqa,0,1,False,False,,,False,False,no_frozen_plan_snapshot
5ae7ed9555429952e35ea9e6,hotpotqa,0,1,False,False,,,False,False,no_frozen_plan_snapshot
5ae7edee554299540e5a56ad,hotpotqa,0,1,False,False,,,False,False,no_frozen_plan_snapshot
5ae7ee41554299540e5a56b0,hotpotqa,0,1,False,False,,,False,False,no_frozen_plan_snapshot
5ae7f41c5542997ec2727701,hotpotqa,0,1,False,False,,,False,False,no_frozen_plan_snapshot
5ae7f56e5542993210983fd1,hotpotqa,0,1,False,False,,,False,False,no_frozen_plan_snapshot
5ae7f7d85542994a481bbe52,hotpotqa,0,1,False,False,,,False,False,no_frozen_plan_snapshot
5ae7fd085542993210984007,hotpotqa,-1,0,False,False,,,False,False,no_frozen_plan_snapshot
5ae80f73554299540e5a5722,hotpotqa,0,1,False,False,,,False,False,no_frozen_plan_snapshot
5ae81060554299540e5a572c,hotpotqa,0,1,False,False,,,False,False,no_frozen_plan_snapshot
5ae8164d5542994a481bbeb6,hotpotqa,0,1,False,False,,,False,False,no_frozen_plan_snapshot
5ae8167b55429952e35eaa06,hotpotqa,0,1,False,False,,,False,False,no_frozen_plan_snapshot
5ae819ac55429952e35eaa16,hotpotqa,0,1,False,False,,,False,False,no_frozen_plan_snapshot
5ae8242455429952e35eaa54,hotpotqa,0,1,False,False,,,False,False,no_frozen_plan_snapshot
5ae826675542997ec2727733,hotpotqa,0,1,False,False,,,False,False,no_frozen_plan_snapshot
5ae835f25542997ec272776f,hotpotqa,0,1,False,False,,,False,False,no_frozen_plan_snapshot
2hop__10114_599630,musique,0,1,False,False,,,False,False,no_frozen_plan_snapshot
2hop__10620_49084,musique,1,2,False,False,,,False,False,no_frozen_plan_snapshot
2hop__106864_80460,musique,0,1,False,False,,,False,False,no_frozen_plan_snapshot
2hop__107601_110222,musique,0,1,False,False,,,False,False,no_frozen_plan_snapshot
2hop__108158_83769,musique,1,2,False,False,,,False,False,no_frozen_plan_snapshot
2hop__10900_21567,musique,0,1,False,False,,,False,False,no_frozen_plan_snapshot
2hop__109242_113442,musique,0,1,False,False,,,False,False,no_frozen_plan_snapshot
2hop__12039_11957,musique,0,1,False,False,,,False,False,no_frozen_plan_snapshot
2hop__123145_66723,musique,0,1,False,False,,,False,False,no_frozen_plan_snapshot
2hop__123166_47134,musique,2,3,True,True,3,False,True,False,deep_hops_not_shallow
2hop__123214_22402,musique,1,2,False,False,,,False,False,no_frozen_plan_snapshot
2hop__124592_402641,musique,1,2,False,False,,,False,False,no_frozen_plan_snapshot
2hop__126188_396277,musique,0,1,False,False,,,False,False,no_frozen_plan_snapshot
2hop__128420_375952,musique,0,1,False,False,,,False,False,no_frozen_plan_snapshot
2hop__130508_32379,musique,0,1,False,False,,,False,False,no_frozen_plan_snapshot
2hop__132929_684936,musique,0,1,False,False,,,False,False,no_frozen_plan_snapshot
2hop__133241_33564,musique,0,1,False,False,,,False,False,no_frozen_plan_snapshot
2hop__13539_13493,musique,0,1,False,False,,,False,False,no_frozen_plan_snapshot
2hop__13548_13529,musique,1,2,False,False,,,False,False,no_frozen_plan_snapshot
2hop__135653_669373,musique,0,1,False,False,,,False,False,no_frozen_plan_snapshot
2hop__136067_160249,musique,2,3,True,True,0,False,True,False,deep_hops_not_shallow
2hop__142198_152093,musique,0,1,False,False,,,False,False,no_frozen_plan_snapshot
2hop__142443_768138,musique,0,1,False,False,,,False,False,no_frozen_plan_snapshot
2hop__142699_67465,musique,0,1,False,False,,,False,False,no_frozen_plan_snapshot
2hop__144784_623159,musique,0,1,False,False,,,False,False,no_frozen_plan_snapshot
2hop__145082_35034,musique,0,1,False,False,,,False,False,no_frozen_plan_snapshot
2hop__147171_27537,musique,0,1,False,False,,,False,False,no_frozen_plan_snapshot
2hop__149710_108549,musique,0,1,False,False,,,False,False,no_frozen_plan_snapshot
2hop__149862_108549,musique,0,1,False,False,,,False,False,no_frozen_plan_snapshot
2hop__151750_141308,musique,0,1,False,False,,,False,False,no_frozen_plan_snapshot
2hop__152027_141308,musique,0,1,False,False,,,False,False,no_frozen_plan_snapshot
2hop__153532_72380,musique,0,1,False,False,,,False,False,no_frozen_plan_snapshot
2hop__153573_45901,musique,0,1,False,False,,,False,False,no_frozen_plan_snapshot
2hop__156658_155922,musique,1,2,False,False,,,False,False,no_frozen_plan_snapshot
2hop__156700_73244,musique,1,2,False,False,,,False,False,no_frozen_plan_snapshot
2hop__157737_46621,musique,0,1,False,False,,,False,False,no_frozen_plan_snapshot
2hop__158275_35739,musique,0,1,False,False,,,False,False,no_frozen_plan_snapshot
2hop__159741_40169,musique,2,3,True,True,2,True,True,False,deep_hops_not_shallow
2hop__159816_37168,musique,0,1,False,False,,,False,False,no_frozen_plan_snapshot
2hop__159903_419949,musique,0,1,False,False,,,False,False,no_frozen_plan_snapshot
2hop__161273_92673,musique,0,1,False,False,,,False,False,no_frozen_plan_snapshot
2hop__161915_78851,musique,0,1,False,False,,,False,False,no_frozen_plan_snapshot
2hop__16446_58556,musique,1,2,False,False,,,False,False,no_frozen_plan_snapshot
2hop__16581_16569,musique,0,1,False,False,,,False,False,no_frozen_plan_snapshot
2hop__175168_110222,musique,0,1,False,False,,,False,False,no_frozen_plan_snapshot
2hop__176_51164,musique,2,3,True,True,2,True,True,False,deep_hops_not_shallow
2hop__17854_17873,musique,0,1,False,False,,,False,False,no_frozen_plan_snapshot
2hop__178922_5385,musique,0,1,False,False,,,False,False,no_frozen_plan_snapshot
2hop__189094_612080,musique,0,1,False,False,,,False,False,no_frozen_plan_snapshot
2hop__191125_781346,musique,0,1,False,False,,,False,False,no_frozen_plan_snapshot
2hop__198650_84856,musique,0,1,False,False,,,False,False,no_frozen_plan_snapshot
2hop__201704_135481,musique,0,1,False,False,,,False,False,no_frozen_plan_snapshot
2hop__20256_74481,musique,0,1,False,False,,,False,False,no_frozen_plan_snapshot
2hop__20268_42004,musique,0,1,False,False,,,False,False,no_frozen_plan_snapshot
2hop__20268_42014,musique,0,1,False,False,,,False,False,no_frozen_plan_snapshot
2hop__203437_152093,musique,1,2,False,False,,,False,False,no_frozen_plan_snapshot
2hop__20433_157939,musique,0,1,False,False,,,False,False,no_frozen_plan_snapshot
2hop__20685_712629,musique,1,2,False,False,,,False,False,no_frozen_plan_snapshot
2hop__207476_625987,musique,0,1,False,False,,,False,False,no_frozen_plan_snapshot
2hop__21104_16334,musique,0,1,False,False,,,False,False,no_frozen_plan_snapshot
2hop__2150_78851,musique,1,2,False,False,,,False,False,no_frozen_plan_snapshot
2hop__215124_83837,musique,0,1,False,False,,,False,False,no_frozen_plan_snapshot
2hop__216535_370666,musique,0,1,False,False,,,False,False,no_frozen_plan_snapshot
2hop__216959_204037,musique,1,2,False,False,,,False,False,no_frozen_plan_snapshot
2hop__219456_87295,musique,3,4,True,True,3,False,True,False,deep_hops_not_shallow
2hop__22431_16335,musique,0,1,False,False,,,False,False,no_frozen_plan_snapshot
2hop__226204_69048,musique,1,2,False,False,,,False,False,no_frozen_plan_snapshot
2hop__227791_75487,musique,0,1,False,False,,,False,False,no_frozen_plan_snapshot
2hop__2299_1783,musique,0,1,False,False,,,False,False,no_frozen_plan_snapshot
2hop__231805_514393,musique,1,2,False,False,,,False,False,no_frozen_plan_snapshot
2hop__231890_595414,musique,0,1,False,False,,,False,False,no_frozen_plan_snapshot
2hop__2416_86208,musique,0,1,False,False,,,False,False,no_frozen_plan_snapshot
2hop__244193_461106,musique,0,1,False,False,,,False,False,no_frozen_plan_snapshot
2hop__245835_762148,musique,0,1,False,False,,,False,False,no_frozen_plan_snapshot
2hop__24661_81961,musique,0,1,False,False,,,False,False,no_frozen_plan_snapshot
2hop__24697_578772,musique,0,1,False,False,,,False,False,no_frozen_plan_snapshot
2hop__247353_55227,musique,0,1,False,False,,,False,False,no_frozen_plan_snapshot
2hop__24973_5674,musique,0,1,False,False,,,False,False,no_frozen_plan_snapshot
2hop__252311_366220,musique,0,1,False,False,,,False,False,no_frozen_plan_snapshot
2hop__256336_714772,musique,0,1,False,False,,,False,False,no_frozen_plan_snapshot
2hop__25797_25855,musique,0,1,False,False,,,False,False,no_frozen_plan_snapshot
2hop__258940_135844,musique,0,1,False,False,,,False,False,no_frozen_plan_snapshot
2hop__2683_577502,musique,0,1,False,False,,,False,False,no_frozen_plan_snapshot
2hop__269076_449113,musique,0,1,False,False,,,False,False,no_frozen_plan_snapshot
2hop__271045_68633,musique,0,1,False,False,,,False,False,no_frozen_plan_snapshot
2hop__274110_413723,musique,-1,0,False,False,,,False,False,no_frozen_plan_snapshot
2hop__28287_89399,musique,0,1,False,False,,,False,False,no_frozen_plan_snapshot
2hop__283298_22402,musique,0,1,False,False,,,False,False,no_frozen_plan_snapshot
2hop__283_574195,musique,0,1,False,False,,,False,False,no_frozen_plan_snapshot
2hop__286_574195,musique,0,1,False,False,,,False,False,no_frozen_plan_snapshot
2hop__29191_59955,musique,1,2,False,False,,,False,False,no_frozen_plan_snapshot
2hop__293131_110222,musique,0,1,False,False,,,False,False,no_frozen_plan_snapshot
2hop__29339_40482,musique,1,2,False,False,,,False,False,no_frozen_plan_snapshot
2hop__29367_29376,musique,0,1,False,False,,,False,False,no_frozen_plan_snapshot
2hop__29606_600504,musique,0,1,False,False,,,False,False,no_frozen_plan_snapshot
2hop__29873_679424,musique,0,1,False,False,,,False,False,no_frozen_plan_snapshot
2hop__30390_36634,musique,0,1,False,False,,,False,False,no_frozen_plan_snapshot
2hop__30390_92972,musique,0,1,False,False,,,False,False,no_frozen_plan_snapshot
2hop__304852_758385,musique,1,2,False,False,,,False,False,no_frozen_plan_snapshot
2hop__30905_189318,musique,1,2,False,False,,,False,False,no_frozen_plan_snapshot
2hop__310456_846599,musique,0,1,False,False,,,False,False,no_frozen_plan_snapshot
2hop__32887_235620,musique,0,1,False,False,,,False,False,no_frozen_plan_snapshot
2hop__329591_91104,musique,1,2,False,False,,,False,False,no_frozen_plan_snapshot
2hop__329676_119915,musique,0,1,False,False,,,False,False,no_frozen_plan_snapshot
2hop__337223_56873,musique,1,2,False,False,,,False,False,no_frozen_plan_snapshot
2hop__342746_679190,musique,0,1,False,False,,,False,False,no_frozen_plan_snapshot
2hop__34495_49388,musique,0,1,False,False,,,False,False,no_frozen_plan_snapshot
2hop__34495_85544,musique,0,1,False,False,,,False,False,no_frozen_plan_snapshot
2hop__34734_92852,musique,1,2,False,False,,,False,False,no_frozen_plan_snapshot
2hop__347686_127399,musique,3,4,True,True,0,False,True,False,deep_hops_not_shallow
2hop__353836_80026,musique,0,1,False,False,,,False,False,no_frozen_plan_snapshot
2hop__35418_22458,musique,0,1,False,False,,,False,False,no_frozen_plan_snapshot
2hop__35686_58556,musique,1,2,False,False,,,False,False,no_frozen_plan_snapshot
2hop__36269_63853,musique,0,1,False,False,,,False,False,no_frozen_plan_snapshot
2hop__363214_590899,musique,0,1,False,False,,,False,False,no_frozen_plan_snapshot
2hop__367336_97805,musique,0,1,False,False,,,False,False,no_frozen_plan_snapshot
2hop__36747_18974,musique,0,1,False,False,,,False,False,no_frozen_plan_snapshot
2hop__370564_71701,musique,0,1,False,False,,,False,False,no_frozen_plan_snapshot
2hop__37097_86208,musique,0,1,False,False,,,False,False,no_frozen_plan_snapshot
2hop__373544_66723,musique,0,1,False,False,,,False,False,no_frozen_plan_snapshot
2hop__373544_80420,musique,0,1,False,False,,,False,False,no_frozen_plan_snapshot
2hop__37656_160040,musique,0,1,False,False,,,False,False,no_frozen_plan_snapshot
2hop__37765_85990,musique,1,2,False,False,,,False,False,no_frozen_plan_snapshot
2hop__38030_23241,musique,0,1,False,False,,,False,False,no_frozen_plan_snapshot
2hop__388467_110882,musique,1,2,False,False,,,False,False,no_frozen_plan_snapshot
2hop__389778_78303,musique,1,2,False,False,,,False,False,no_frozen_plan_snapshot
2hop__390947_232243,musique,0,1,False,False,,,False,False,no_frozen_plan_snapshot
2hop__391873_88622,musique,0,1,False,False,,,False,False,no_frozen_plan_snapshot
2hop__394720_120259,musique,1,2,False,False,,,False,False,no_frozen_plan_snapshot
2hop__398344_439882,musique,0,1,False,False,,,False,False,no_frozen_plan_snapshot
2hop__398344_54166,musique,1,2,False,False,,,False,False,no_frozen_plan_snapshot
2hop__39954_80940,musique,0,1,False,False,,,False,False,no_frozen_plan_snapshot
2hop__401710_456439,musique,0,1,False,False,,,False,False,no_frozen_plan_snapshot
2hop__40270_11402,musique,0,1,False,False,,,False,False,no_frozen_plan_snapshot
2hop__417937_158105,musique,1,2,False,False,,,False,False,no_frozen_plan_snapshot
2hop__418360_67370,musique,0,1,False,False,,,False,False,no_frozen_plan_snapshot
2hop__423972_540249,musique,0,1,False,False,,,False,False,no_frozen_plan_snapshot
2hop__424908_500483,musique,0,1,False,False,,,False,False,no_frozen_plan_snapshot
2hop__434218_29905,musique,-1,0,False,False,,,False,False,no_frozen_plan_snapshot
2hop__435087_55984,musique,1,2,False,False,,,False,False,no_frozen_plan_snapshot
2hop__435184_67370,musique,0,1,False,False,,,False,False,no_frozen_plan_snapshot
2hop__435184_84856,musique,0,1,False,False,,,False,False,no_frozen_plan_snapshot
2hop__442175_56873,musique,0,1,False,False,,,False,False,no_frozen_plan_snapshot
2hop__442516_595885,musique,2,3,True,True,2,True,True,False,deep_hops_not_shallow
2hop__44259_747874,musique,0,1,False,False,,,False,False,no_frozen_plan_snapshot
2hop__44590_510545,musique,1,2,False,False,,,False,False,no_frozen_plan_snapshot
2hop__445963_6095,musique,0,1,False,False,,,False,False,no_frozen_plan_snapshot
2hop__445963_6098,musique,0,1,False,False,,,False,False,no_frozen_plan_snapshot
2hop__44652_165532,musique,0,1,False,False,,,False,False,no_frozen_plan_snapshot
2hop__448615_127908,musique,0,1,False,False,,,False,False,no_frozen_plan_snapshot
2hop__45126_807969,musique,0,1,False,False,,,False,False,no_frozen_plan_snapshot
2hop__451574_120065,musique,0,1,False,False,,,False,False,no_frozen_plan_snapshot
2hop__452580_70131,musique,0,1,False,False,,,False,False,no_frozen_plan_snapshot
2hop__460946_294723,musique,0,1,False,False,,,False,False,no_frozen_plan_snapshot
2hop__461639_83837,musique,0,1,False,False,,,False,False,no_frozen_plan_snapshot
2hop__46213_494136,musique,0,1,False,False,,,False,False,no_frozen_plan_snapshot
2hop__463884_807572,musique,0,1,False,False,,,False,False,no_frozen_plan_snapshot
2hop__466700_214359,musique,1,2,False,False,,,False,False,no_frozen_plan_snapshot
2hop__46862_68042,musique,0,1,False,False,,,False,False,no_frozen_plan_snapshot
2hop__471509_136043,musique,0,1,False,False,,,False,False,no_frozen_plan_snapshot
2hop__472486_97805,musique,0,1,False,False,,,False,False,no_frozen_plan_snapshot
2hop__475070_532404,musique,0,1,False,False,,,False,False,no_frozen_plan_snapshot
2hop__477492_240386,musique,0,1,False,False,,,False,False,no_frozen_plan_snapshot
2hop__481349_302087,musique,0,1,False,False,,,False,False,no_frozen_plan_snapshot
2hop__48481_319887,musique,0,1,False,False,,,False,False,no_frozen_plan_snapshot
2hop__487706_40502,musique,0,1,False,False,,,False,False,no_frozen_plan_snapshot
2hop__48776_807969,musique,0,1,False,False,,,False,False,no_frozen_plan_snapshot
2hop__488811_30078,musique,0,1,False,False,,,False,False,no_frozen_plan_snapshot
2hop__488811_30110,musique,0,1,False,False,,,False,False,no_frozen_plan_snapshot
2hop__488811_30113,musique,0,1,False,False,,,False,False,no_frozen_plan_snapshot
2hop__496732_658428,musique,1,2,False,False,,,False,False,no_frozen_plan_snapshot
2hop__496792_392646,musique,0,1,False,False,,,False,False,no_frozen_plan_snapshot
2hop__496961_554601,musique,1,2,False,False,,,False,False,no_frozen_plan_snapshot
2hop__497191_129669,musique,1,2,False,False,,,False,False,no_frozen_plan_snapshot
2hop__498061_88622,musique,0,1,False,False,,,False,False,no_frozen_plan_snapshot
2hop__500379_126537,musique,0,1,False,False,,,False,False,no_frozen_plan_snapshot
2hop__50087_807969,musique,0,1,False,False,,,False,False,no_frozen_plan_snapshot
2hop__504464_708278,musique,0,1,False,False,,,False,False,no_frozen_plan_snapshot
2hop__506099_20057,musique,1,2,False,False,,,False,False,no_frozen_plan_snapshot
2hop__507528_139339,musique,0,1,False,False,,,False,False,no_frozen_plan_snapshot
2hop__50936_90973,musique,0,1,False,False,,,False,False,no_frozen_plan_snapshot
2hop__510647_507085,musique,0,1,False,False,,,False,False,no_frozen_plan_snapshot
2hop__510860_22402,musique,0,1,False,False,,,False,False,no_frozen_plan_snapshot
2hop__511296_577502,musique,1,2,False,False,,,False,False,no_frozen_plan_snapshot
2hop__511454_120259,musique,0,1,False,False,,,False,False,no_frozen_plan_snapshot
2hop__512773_346751,musique,0,1,False,False,,,False,False,no_frozen_plan_snapshot
2hop__52283_75184,musique,0,1,False,False,,,False,False,no_frozen_plan_snapshot
2hop__538412_126089,musique,1,2,False,False,,,False,False,no_frozen_plan_snapshot
2hop__538735_3299,musique,0,1,False,False,,,False,False,no_frozen_plan_snapshot
2hop__539184_119915,musique,0,1,False,False,,,False,False,no_frozen_plan_snapshot
2hop__55032_786853,musique,0,1,False,False,,,False,False,no_frozen_plan_snapshot
2hop__55129_80460,musique,0,1,False,False,,,False,False,no_frozen_plan_snapshot
2hop__55463_19033,musique,0,1,False,False,,,False,False,no_frozen_plan_snapshot
2hop__556426_9237,musique,1,2,False,False,,,False,False,no_frozen_plan_snapshot
2hop__56270_68396,musique,0,1,False,False,,,False,False,no_frozen_plan_snapshot
2hop__56307_604644,musique,0,1,False,False,,,False,False,no_frozen_plan_snapshot
2hop__56851_343058,musique,0,1,False,False,,,False,False,no_frozen_plan_snapshot
2hop__569582_304416,musique,0,1,False,False,,,False,False,no_frozen_plan_snapshot
2hop__574496_123283,musique,0,1,False,False,,,False,False,no_frozen_plan_snapshot
2hop__57638_88526,musique,1,2,False,False,,,False,False,no_frozen_plan_snapshot
2hop__581084_828685,musique,0,1,False,False,,,False,False,no_frozen_plan_snapshot
2hop__58691_192417,musique,0,1,False,False,,,False,False,no_frozen_plan_snapshot
2hop__589264_150107,musique,1,2,False,False,,,False,False,no_frozen_plan_snapshot
2hop__59048_827343,musique,2,3,True,True,0,False,True,False,deep_hops_not_shallow
2hop__591435_51329,musique,1,2,False,False,,,False,False,no_frozen_plan_snapshot
2hop__593397_224832,musique,0,1,False,False,,,False,False,no_frozen_plan_snapshot
2hop__59366_71206,musique,0,1,False,False,,,False,False,no_frozen_plan_snapshot
2hop__59612_42352,musique,0,1,False,False,,,False,False,no_frozen_plan_snapshot
2hop__59612_42429,musique,1,2,False,False,,,False,False,no_frozen_plan_snapshot
2hop__59612_50883,musique,0,1,False,False,,,False,False,no_frozen_plan_snapshot
2hop__598467_68489,musique,1,2,False,False,,,False,False,no_frozen_plan_snapshot
2hop__60229_38663,musique,1,2,False,False,,,False,False,no_frozen_plan_snapshot
2hop__603365_120259,musique,1,2,False,False,,,False,False,no_frozen_plan_snapshot
2hop__609313_20273,musique,0,1,False,False,,,False,False,no_frozen_plan_snapshot
2hop__61318_362941,musique,0,1,False,False,,,False,False,no_frozen_plan_snapshot
2hop__613779_55984,musique,0,1,False,False,,,False,False,no_frozen_plan_snapshot
2hop__61714_89309,musique,0,1,False,False,,,False,False,no_frozen_plan_snapshot
2hop__619265_45326,musique,0,1,False,False,,,False,False,no_frozen_plan_snapshot
2hop__62020_158262,musique,0,1,False,False,,,False,False,no_frozen_plan_snapshot
2hop__622637_120171,musique,0,1,False,False,,,False,False,no_frozen_plan_snapshot
2hop__62369_84616,musique,0,1,False,False,,,False,False,no_frozen_plan_snapshot
2hop__63002_461854,musique,0,1,False,False,,,False,False,no_frozen_plan_snapshot
2hop__635187_861533,musique,1,2,False,False,,,False,False,no_frozen_plan_snapshot
2hop__635544_110949,musique,0,1,False,False,,,False,False,no_frozen_plan_snapshot
2hop__639445_567836,musique,0,1,False,False,,,False,False,no_frozen_plan_snapshot
2hop__63982_768138,musique,0,1,False,False,,,False,False,no_frozen_plan_snapshot
2hop__642686_7292,musique,0,1,False,False,,,False,False,no_frozen_plan_snapshot
2hop__64323_55840,musique,0,1,False,False,,,False,False,no_frozen_plan_snapshot
2hop__645448_77615,musique,0,1,False,False,,,False,False,no_frozen_plan_snapshot
2hop__646493_5385,musique,0,1,False,False,,,False,False,no_frozen_plan_snapshot
2hop__646573_83769,musique,0,1,False,False,,,False,False,no_frozen_plan_snapshot
2hop__647996_551681,musique,0,1,False,False,,,False,False,no_frozen_plan_snapshot
2hop__657913_88628,musique,0,1,False,False,,,False,False,no_frozen_plan_snapshot
2hop__658472_5385,musique,0,1,False,False,,,False,False,no_frozen_plan_snapshot
2hop__66149_85990,musique,0,1,False,False,,,False,False,no_frozen_plan_snapshot
2hop__669160_139339,musique,0,1,False,False,,,False,False,no_frozen_plan_snapshot
2hop__66_59409,musique,0,1,False,False,,,False,False,no_frozen_plan_snapshot
2hop__6736_6733,musique,0,1,False,False,,,False,False,no_frozen_plan_snapshot
2hop__6744_6731,musique,0,1,False,False,,,False,False,no_frozen_plan_snapshot
2hop__6745_6731,musique,0,1,False,False,,,False,False,no_frozen_plan_snapshot
2hop__67660_158861,musique,0,1,False,False,,,False,False,no_frozen_plan_snapshot
2hop__68162_482364,musique,1,2,False,False,,,False,False,no_frozen_plan_snapshot
2hop__6827_49664,musique,0,1,False,False,,,False,False,no_frozen_plan_snapshot
2hop__6827_86319,musique,0,1,False,False,,,False,False,no_frozen_plan_snapshot
2hop__68322_510545,musique,0,1,False,False,,,False,False,no_frozen_plan_snapshot
2hop__684287_78303,musique,1,2,False,False,,,False,False,no_frozen_plan_snapshot
2hop__689472_52835,musique,0,1,False,False,,,False,False,no_frozen_plan_snapshot
2hop__696442_51329,musique,0,1,False,False,,,False,False,no_frozen_plan_snapshot
2hop__697729_576069,musique,1,2,False,False,,,False,False,no_frozen_plan_snapshot
2hop__699172_141338,musique,0,1,False,False,,,False,False,no_frozen_plan_snapshot
2hop__69_59409,musique,0,1,False,False,,,False,False,no_frozen_plan_snapshot
2hop__700093_455653,musique,0,1,False,False,,,False,False,no_frozen_plan_snapshot
2hop__702496_430061,musique,1,2,False,False,,,False,False,no_frozen_plan_snapshot
2hop__7046_44085,musique,0,1,False,False,,,False,False,no_frozen_plan_snapshot
2hop__711639_110949,musique,0,1,False,False,,,False,False,no_frozen_plan_snapshot
2hop__71165_807969,musique,0,1,False,False,,,False,False,no_frozen_plan_snapshot
2hop__71715_50429,musique,0,1,False,False,,,False,False,no_frozen_plan_snapshot
2hop__71900_712629,musique,1,2,False,False,,,False,False,no_frozen_plan_snapshot
2hop__719184_55227,musique,0,1,False,False,,,False,False,no_frozen_plan_snapshot
2hop__723101_150107,musique,1,2,False,False,,,False,False,no_frozen_plan_snapshot
2hop__72487_510545,musique,3,4,True,True,3,True,True,False,deep_hops_not_shallow
2hop__72686_83769,musique,0,1,False,False,,,False,False,no_frozen_plan_snapshot
2hop__728887_159109,musique,0,1,False,False,,,False,False,no_frozen_plan_snapshot
2hop__729651_631003,musique,0,1,False,False,,,False,False,no_frozen_plan_snapshot
2hop__73615_16848,musique,1,2,False,False,,,False,False,no_frozen_plan_snapshot
2hop__73615_42173,musique,0,1,False,False,,,False,False,no_frozen_plan_snapshot
2hop__73717_653666,musique,0,1,False,False,,,False,False,no_frozen_plan_snapshot
2hop__744371_78851,musique,0,1,False,False,,,False,False,no_frozen_plan_snapshot
2hop__748182_78303,musique,0,1,False,False,,,False,False,no_frozen_plan_snapshot
2hop__749997_96912,musique,0,1,False,False,,,False,False,no_frozen_plan_snapshot
2hop__752214_639679,musique,0,1,False,False,,,False,False,no_frozen_plan_snapshot
2hop__754753_57816,musique,0,1,False,False,,,False,False,no_frozen_plan_snapshot
2hop__75714_21969,musique,0,1,False,False,,,False,False,no_frozen_plan_snapshot
2hop__757497_78606,musique,0,1,False,False,,,False,False,no_frozen_plan_snapshot
2hop__761291_87295,musique,0,1,False,False,,,False,False,no_frozen_plan_snapshot
2hop__76402_653666,musique,0,1,False,False,,,False,False,no_frozen_plan_snapshot
2hop__766973_770570,musique,0,1,False,False,,,False,False,no_frozen_plan_snapshot
2hop__768312_814677,musique,0,1,False,False,,,False,False,no_frozen_plan_snapshot
2hop__77263_84616,musique,0,1,False,False,,,False,False,no_frozen_plan_snapshot
2hop__77601_814677,musique,0,1,False,False,,,False,False,no_frozen_plan_snapshot
2hop__77775_162341,musique,-1,0,False,False,,,False,False,no_frozen_plan_snapshot
2hop__779424_75487,musique,0,1,False,False,,,False,False,no_frozen_plan_snapshot
2hop__780238_110949,musique,0,1,False,False,,,False,False,no_frozen_plan_snapshot
2hop__780652_93362,musique,1,2,False,False,,,False,False,no_frozen_plan_snapshot
2hop__7855_7794,musique,0,1,False,False,,,False,False,no_frozen_plan_snapshot
2hop__788306_131879,musique,0,1,False,False,,,False,False,no_frozen_plan_snapshot
2hop__789398_74735,musique,0,1,False,False,,,False,False,no_frozen_plan_snapshot
2hop__802991_443552,musique,0,1,False,False,,,False,False,no_frozen_plan_snapshot
2hop__80375_90181,musique,0,1,False,False,,,False,False,no_frozen_plan_snapshot
2hop__80546_75184,musique,0,1,False,False,,,False,False,no_frozen_plan_snapshot
2hop__80673_510545,musique,0,1,False,False,,,False,False,no_frozen_plan_snapshot
2hop__806869_56873,musique,0,1,False,False,,,False,False,no_frozen_plan_snapshot
2hop__80_59409,musique,0,1,False,False,,,False,False,no_frozen_plan_snapshot
2hop__810411_159673,musique,0,1,False,False,,,False,False,no_frozen_plan_snapshot
2hop__814671_82341,musique,0,1,False,False,,,False,False,no_frozen_plan_snapshot
2hop__816977_6455,musique,1,2,False,False,,,False,False,no_frozen_plan_snapshot
2hop__817096_15463,musique,0,1,False,False,,,False,False,no_frozen_plan_snapshot
2hop__820739_250752,musique,0,1,False,False,,,False,False,no_frozen_plan_snapshot
2hop__822113_91104,musique,0,1,False,False,,,False,False,no_frozen_plan_snapshot
2hop__825727_584042,musique,2,3,True,True,2,False,True,False,deep_hops_not_shallow
2hop__829358_754719,musique,2,3,True,True,2,True,True,False,deep_hops_not_shallow
2hop__83489_747874,musique,0,1,False,False,,,False,False,no_frozen_plan_snapshot
2hop__835710_7298,musique,0,1,False,False,,,False,False,no_frozen_plan_snapshot
2hop__835914_91104,musique,0,1,False,False,,,False,False,no_frozen_plan_snapshot
2hop__837900_71701,musique,1,2,False,False,,,False,False,no_frozen_plan_snapshot
2hop__83800_747874,musique,0,1,False,False,,,False,False,no_frozen_plan_snapshot
2hop__84103_345851,musique,0,1,False,False,,,False,False,no_frozen_plan_snapshot
2hop__84172_198548,musique,1,2,False,False,,,False,False,no_frozen_plan_snapshot
2hop__846415_88165,musique,0,1,False,False,,,False,False,no_frozen_plan_snapshot
2hop__846844_47134,musique,0,1,False,False,,,False,False,no_frozen_plan_snapshot
2hop__848156_130869,musique,0,1,False,False,,,False,False,no_frozen_plan_snapshot
2hop__84937_148696,musique,0,1,False,False,,,False,False,no_frozen_plan_snapshot
2hop__8496_21567,musique,0,1,False,False,,,False,False,no_frozen_plan_snapshot
2hop__850984_7292,musique,1,2,False,False,,,False,False,no_frozen_plan_snapshot
2hop__852657_155922,musique,1,2,False,False,,,False,False,no_frozen_plan_snapshot
2hop__85325_88165,musique,0,1,False,False,,,False,False,no_frozen_plan_snapshot
2hop__85455_158105,musique,0,1,False,False,,,False,False,no_frozen_plan_snapshot
2hop__85713_72187,musique,0,1,False,False,,,False,False,no_frozen_plan_snapshot
2hop__85713_84469,musique,0,1,False,False,,,False,False,no_frozen_plan_snapshot
2hop__857493_17335,musique,0,1,False,False,,,False,False,no_frozen_plan_snapshot
2hop__85753_64503,musique,0,1,False,False,,,False,False,no_frozen_plan_snapshot
2hop__85931_108632,musique,0,1,False,False,,,False,False,no_frozen_plan_snapshot
2hop__85958_87295,musique,0,1,False,False,,,False,False,no_frozen_plan_snapshot
2hop__85993_512508,musique,0,1,False,False,,,False,False,no_frozen_plan_snapshot
2hop__861047_110949,musique,0,1,False,False,,,False,False,no_frozen_plan_snapshot
2hop__862994_69048,musique,0,1,False,False,,,False,False,no_frozen_plan_snapshot
2hop__87589_362941,musique,0,1,False,False,,,False,False,no_frozen_plan_snapshot
2hop__88149_807969,musique,0,1,False,False,,,False,False,no_frozen_plan_snapshot
2hop__88632_67668,musique,0,1,False,False,,,False,False,no_frozen_plan_snapshot
2hop__89764_827343,musique,0,1,False,False,,,False,False,no_frozen_plan_snapshot
2hop__91667_81007,musique,0,1,False,False,,,False,False,no_frozen_plan_snapshot
2hop__92385_2072,musique,1,2,False,False,,,False,False,no_frozen_plan_snapshot
2hop__9238_9237,musique,0,1,False,False,,,False,False,no_frozen_plan_snapshot
2hop__95172_152907,musique,2,3,True,True,2,False,True,False,deep_hops_not_shallow
2hop__95687_2684,musique,0,1,False,False,,,False,False,no_frozen_plan_snapshot
2hop__95878_88628,musique,0,1,False,False,,,False,False,no_frozen_plan_snapshot
2hop__96062_159673,musique,1,2,False,False,,,False,False,no_frozen_plan_snapshot
2hop__96096_78606,musique,0,1,False,False,,,False,False,no_frozen_plan_snapshot
2hop__96177_62765,musique,0,1,False,False,,,False,False,no_frozen_plan_snapshot
2hop__96411_159054,musique,1,2,False,False,,,False,False,no_frozen_plan_snapshot
2hop__96411_47902,musique,0,1,False,False,,,False,False,no_frozen_plan_snapshot
2hop__96414_159054,musique,1,2,False,False,,,False,False,no_frozen_plan_snapshot
3hop1__103197_214799_259594,musique,0,1,False,False,,,False,False,no_frozen_plan_snapshot
3hop1__103662_443779_52195,musique,0,1,False,False,,,False,False,no_frozen_plan_snapshot
3hop1__103881_443779_52195,musique,0,1,False,False,,,False,False,no_frozen_plan_snapshot
3hop1__103890_10659_83548,musique,0,1,False,False,,,False,False,no_frozen_plan_snapshot
3hop1__104762_24918_24991,musique,0,1,False,False,,,False,False,no_frozen_plan_snapshot
3hop1__106239_650651_7262,musique,4,5,True,True,0,False,True,False,deep_hops_not_shallow
3hop1__106900_443779_52195,musique,0,1,False,False,,,False,False,no_frozen_plan_snapshot
3hop1__107195_160713_77246,musique,0,1,False,False,,,False,False,no_frozen_plan_snapshot
3hop1__107540_720914_27537,musique,0,1,False,False,,,False,False,no_frozen_plan_snapshot
3hop1__108062_720914_27537,musique,2,3,True,True,2,True,True,False,deep_hops_not_shallow
3hop1__108881_720914_27537,musique,0,1,False,False,,,False,False,no_frozen_plan_snapshot
3hop1__108881_720914_41132,musique,0,1,False,False,,,False,False,no_frozen_plan_snapshot
3hop1__109196_720914_41132,musique,0,1,False,False,,,False,False,no_frozen_plan_snapshot
3hop1__119402_102039_158266,musique,0,1,False,False,,,False,False,no_frozen_plan_snapshot
3hop1__120881_2053_52946,musique,0,1,False,False,,,False,False,no_frozen_plan_snapshot
3hop1__127716_157828_239539,musique,0,1,False,False,,,False,False,no_frozen_plan_snapshot
3hop1__129675_39743_24526,musique,1,2,False,False,,,False,False,no_frozen_plan_snapshot
3hop1__131783_131926_13165,musique,0,1,False,False,,,False,False,no_frozen_plan_snapshot
3hop1__131820_59747_43101,musique,0,1,False,False,,,False,False,no_frozen_plan_snapshot
3hop1__131820_59747_60748,musique,0,1,False,False,,,False,False,no_frozen_plan_snapshot
3hop1__133264_40769_64047,musique,3,4,True,True,4,False,True,False,deep_hops_not_shallow
3hop1__135392_87694_124169,musique,0,1,False,False,,,False,False,no_frozen_plan_snapshot
3hop1__135659_87694_64412,musique,0,1,False,False,,,False,False,no_frozen_plan_snapshot
3hop1__135794_87694_64412,musique,0,1,False,False,,,False,False,no_frozen_plan_snapshot
3hop1__139773_88110_77129,musique,0,1,False,False,,,False,False,no_frozen_plan_snapshot
3hop1__139862_2053_5289,musique,0,1,False,False,,,False,False,no_frozen_plan_snapshot
3hop1__140345_2053_52946,musique,0,1,False,False,,,False,False,no_frozen_plan_snapshot
3hop1__140855_2053_52946,musique,0,1,False,False,,,False,False,no_frozen_plan_snapshot
3hop1__140994_2053_5289,musique,2,3,True,True,0,False,True,False,deep_hops_not_shallow
3hop1__141138_2053_52946,musique,0,1,False,False,,,False,False,no_frozen_plan_snapshot
3hop1__145194_160545_34754,musique,0,1,False,False,,,False,False,no_frozen_plan_snapshot
3hop1__145194_160545_60577,musique,1,2,False,False,,,False,False,no_frozen_plan_snapshot
3hop1__145411_443779_52195,musique,0,1,False,False,,,False,False,no_frozen_plan_snapshot
3hop1__145924_131905_41948,musique,1,2,False,False,,,False,False,no_frozen_plan_snapshot
3hop1__146155_131905_41948,musique,0,1,False,False,,,False,False,no_frozen_plan_snapshot
3hop1__147135_159767_81096,musique,3,4,True,True,3,False,False,False,deep_hops_not_shallow
3hop1__147162_131905_41948,musique,0,1,False,False,,,False,False,no_frozen_plan_snapshot
3hop1__152880_131926_89261,musique,0,1,False,False,,,False,False,no_frozen_plan_snapshot
3hop1__159803_89752_75165,musique,0,1,False,False,,,False,False,no_frozen_plan_snapshot
3hop1__160324_131905_41948,musique,0,1,False,False,,,False,False,no_frozen_plan_snapshot
3hop1__161507_160713_77246,musique,0,1,False,False,,,False,False,no_frozen_plan_snapshot
3hop1__163024_443779_52195,musique,0,1,False,False,,,False,False,no_frozen_plan_snapshot
3hop1__163654_503371_21711,musique,0,1,False,False,,,False,False,no_frozen_plan_snapshot
3hop1__17192_78396_157843,musique,0,1,False,False,,,False,False,no_frozen_plan_snapshot
3hop1__17192_78396_54865,musique,0,1,False,False,,,False,False,no_frozen_plan_snapshot
3hop1__19768_19788_10117,musique,1,2,False,False,,,False,False,no_frozen_plan_snapshot
3hop1__208108_547811_80702,musique,0,1,False,False,,,False,False,no_frozen_plan_snapshot
3hop1__222497_309482_27537,musique,0,1,False,False,,,False,False,no_frozen_plan_snapshot
3hop1__222497_309482_80702,musique,0,1,False,False,,,False,False,no_frozen_plan_snapshot
3hop1__222979_40769_64047,musique,0,1,False,False,,,False,False,no_frozen_plan_snapshot
3hop1__228_237521_291682,musique,0,1,False,False,,,False,False,no_frozen_plan_snapshot
3hop1__241001_568433_51423,musique,0,1,False,False,,,False,False,no_frozen_plan_snapshot
3hop1__268450_503371_21711,musique,0,1,False,False,,,False,False,no_frozen_plan_snapshot
3hop1__273571_834494_34088,musique,0,1,False,False,,,False,False,no_frozen_plan_snapshot
3hop1__273571_834494_34099,musique,0,1,False,False,,,False,False,no_frozen_plan_snapshot
3hop1__278222_42197_18397,musique,1,2,False,False,,,False,False,no_frozen_plan_snapshot
3hop1__280834_547811_80702,musique,0,1,False,False,,,False,False,no_frozen_plan_snapshot
3hop1__28841_547811_41132,musique,0,1,False,False,,,False,False,no_frozen_plan_snapshot
3hop1__295815_40769_64047,musique,0,1,False,False,,,False,False,no_frozen_plan_snapshot
3hop1__305282_282081_73772,musique,0,1,False,False,,,False,False,no_frozen_plan_snapshot
3hop1__305566_568433_51423,musique,0,1,False,False,,,False,False,no_frozen_plan_snapshot
3hop1__307152_400692_51423,musique,0,1,False,False,,,False,False,no_frozen_plan_snapshot
3hop1__30885_160713_77246,musique,4,5,True,True,0,False,True,False,deep_hops_not_shallow
3hop1__309596_160713_77246,musique,0,1,False,False,,,False,False,no_frozen_plan_snapshot
3hop1__315504_629431_124169,musique,0,1,False,False,,,False,False,no_frozen_plan_snapshot
3hop1__324448_831637_91775,musique,0,1,False,False,,,False,False,no_frozen_plan_snapshot
3hop1__326941_366209_84283,musique,0,1,False,False,,,False,False,no_frozen_plan_snapshot
3hop1__337705_132457_51423,musique,0,1,False,False,,,False,False,no_frozen_plan_snapshot
3hop1__346812_15840_36002,musique,1,2,False,False,,,False,False,no_frozen_plan_snapshot
3hop1__347858_503371_21711,musique,-1,0,False,False,,,False,False,no_frozen_plan_snapshot
3hop1__351696_42197_18397,musique,0,1,False,False,,,False,False,no_frozen_plan_snapshot
3hop1__353661_629431_64412,musique,0,1,False,False,,,False,False,no_frozen_plan_snapshot
3hop1__358853_339990_15538,musique,0,1,False,False,,,False,False,no_frozen_plan_snapshot
3hop1__38738_78276_68042,musique,0,1,False,False,,,False,False,no_frozen_plan_snapshot
3hop1__389069_132457_51423,musique,0,1,False,False,,,False,False,no_frozen_plan_snapshot
3hop1__389955_132457_51423,musique,0,1,False,False,,,False,False,no_frozen_plan_snapshot
3hop1__401538_132457_51423,musique,0,1,False,False,,,False,False,no_frozen_plan_snapshot
3hop1__404541_629431_124169,musique,0,1,False,False,,,False,False,no_frozen_plan_snapshot
3hop1__409517_547811_41132,musique,2,3,True,True,0,False,True,False,deep_hops_not_shallow
3hop1__415141_42197_18397,musique,1,2,False,False,,,False,False,no_frozen_plan_snapshot
3hop1__458916_665330_51423,musique,0,1,False,False,,,False,False,no_frozen_plan_snapshot
3hop1__469478_15840_36002,musique,1,2,False,False,,,False,False,no_frozen_plan_snapshot
3hop1__469478_15840_36014,musique,0,1,False,False,,,False,False,no_frozen_plan_snapshot
3hop1__491648_339990_15538,musique,0,1,False,False,,,False,False,no_frozen_plan_snapshot
3hop1__497845_629431_124169,musique,0,1,False,False,,,False,False,no_frozen_plan_snapshot
3hop1__498954_160713_77246,musique,0,1,False,False,,,False,False,no_frozen_plan_snapshot
3hop1__504362_443779_52195,musique,0,1,False,False,,,False,False,no_frozen_plan_snapshot
3hop1__512574_42197_18397,musique,0,1,False,False,,,False,False,no_frozen_plan_snapshot
3hop1__516535_834494_33939,musique,0,1,False,False,,,False,False,no_frozen_plan_snapshot
3hop1__516535_834494_34088,musique,0,1,False,False,,,False,False,no_frozen_plan_snapshot
3hop1__516535_834494_34109,musique,0,1,False,False,,,False,False,no_frozen_plan_snapshot
3hop1__518381_709625_84283,musique,0,1,False,False,,,False,False,no_frozen_plan_snapshot
3hop1__527372_339990_54675,musique,0,1,False,False,,,False,False,no_frozen_plan_snapshot
3hop1__536452_15840_36014,musique,0,1,False,False,,,False,False,no_frozen_plan_snapshot
3hop1__5544_34179_23375,musique,-1,0,False,False,,,False,False,no_frozen_plan_snapshot
3hop1__564628_42197_18397,musique,2,3,True,True,2,True,False,False,deep_hops_not_shallow
3hop1__573244_339990_15538,musique,0,1,False,False,,,False,False,no_frozen_plan_snapshot
3hop1__579562_629431_64412,musique,0,1,False,False,,,False,False,no_frozen_plan_snapshot
3hop1__584774_131926_87157,musique,0,1,False,False,,,False,False,no_frozen_plan_snapshot
3hop1__587540_514761_594810,musique,0,1,False,False,,,False,False,no_frozen_plan_snapshot
3hop1__595371_40769_64047,musique,3,4,True,True,3,True,True,False,deep_hops_not_shallow
3hop1__603558_87694_124169,musique,0,1,False,False,,,False,False,no_frozen_plan_snapshot
3hop1__617062_127905_46748,musique,2,3,True,True,2,True,False,False,deep_hops_not_shallow
3hop1__637555_339990_15538,musique,0,1,False,False,,,False,False,no_frozen_plan_snapshot
3hop1__6379_42197_18397,musique,0,1,False,False,,,False,False,no_frozen_plan_snapshot
3hop1__639955_834494_33939,musique,0,1,False,False,,,False,False,no_frozen_plan_snapshot
3hop1__639955_834494_34053,musique,0,1,False,False,,,False,False,no_frozen_plan_snapshot
3hop1__640171_228453_86925,musique,0,1,False,False,,,False,False,no_frozen_plan_snapshot
3hop1__64694_34179_23375,musique,0,1,False,False,,,False,False,no_frozen_plan_snapshot
3hop1__652852_2053_5289,musique,0,1,False,False,,,False,False,no_frozen_plan_snapshot
3hop1__664835_650651_7262,musique,0,1,False,False,,,False,False,no_frozen_plan_snapshot
3hop1__67704_237521_291682,musique,0,1,False,False,,,False,False,no_frozen_plan_snapshot
3hop1__68732_39743_24526,musique,0,1,False,False,,,False,False,no_frozen_plan_snapshot
3hop1__68802_89752_49923,musique,2,3,True,True,2,True,False,False,deep_hops_not_shallow
3hop1__691197_15840_36002,musique,0,1,False,False,,,False,False,no_frozen_plan_snapshot
3hop1__694534_160088_821792,musique,0,1,False,False,,,False,False,no_frozen_plan_snapshot
3hop1__694534_160088_85460,musique,0,1,False,False,,,False,False,no_frozen_plan_snapshot
3hop1__71549_486583_84283,musique,0,1,False,False,,,False,False,no_frozen_plan_snapshot
3hop1__742464_15840_36014,musique,0,1,False,False,,,False,False,no_frozen_plan_snapshot
3hop1__742780_567566_84283,musique,0,1,False,False,,,False,False,no_frozen_plan_snapshot
3hop1__751782_2053_52946,musique,0,1,False,False,,,False,False,no_frozen_plan_snapshot
3hop1__76377_40769_64047,musique,0,1,False,False,,,False,False,no_frozen_plan_snapshot
3hop1__765565_326948_78782,musique,0,1,False,False,,,False,False,no_frozen_plan_snapshot
3hop1__786067_228453_10972,musique,0,1,False,False,,,False,False,no_frozen_plan_snapshot
3hop1__79039_131926_13165,musique,0,1,False,False,,,False,False,no_frozen_plan_snapshot
3hop1__796649_720914_41132,musique,0,1,False,False,,,False,False,no_frozen_plan_snapshot
3hop1__801799_547811_80702,musique,0,1,False,False,,,False,False,no_frozen_plan_snapshot
3hop1__818422_160545_34754,musique,0,1,False,False,,,False,False,no_frozen_plan_snapshot
3hop1__818422_160545_62931,musique,0,1,False,False,,,False,False,no_frozen_plan_snapshot
3hop1__820301_720914_41132,musique,0,1,False,False,,,False,False,no_frozen_plan_snapshot
3hop1__823336_228453_10972,musique,0,1,False,False,,,False,False,no_frozen_plan_snapshot
3hop1__829944_474097_84283,musique,0,1,False,False,,,False,False,no_frozen_plan_snapshot
3hop1__830700_538202_84283,musique,0,1,False,False,,,False,False,no_frozen_plan_snapshot
3hop1__836699_15840_36014,musique,0,1,False,False,,,False,False,no_frozen_plan_snapshot
3hop1__83970_685536_47686,musique,0,1,False,False,,,False,False,no_frozen_plan_snapshot
3hop1__84887_538202_84283,musique,0,1,False,False,,,False,False,no_frozen_plan_snapshot
3hop1__857_846_7752,musique,0,1,False,False,,,False,False,no_frozen_plan_snapshot
3hop1__857_846_7846,musique,0,1,False,False,,,False,False,no_frozen_plan_snapshot
3hop1__857_846_7874,musique,0,1,False,False,,,False,False,no_frozen_plan_snapshot
3hop1__857_846_7890,musique,0,1,False,False,,,False,False,no_frozen_plan_snapshot
3hop1__865037_214799_259594,musique,0,1,False,False,,,False,False,no_frozen_plan_snapshot
3hop1__88707_91850_685675,musique,0,1,False,False,,,False,False,no_frozen_plan_snapshot
3hop1__90327_83076_319330,musique,0,1,False,False,,,False,False,no_frozen_plan_snapshot
3hop1__9285_5188_6375,musique,0,1,False,False,,,False,False,no_frozen_plan_snapshot
3hop1__9285_5188_86687,musique,0,1,False,False,,,False,False,no_frozen_plan_snapshot
3hop1__92991_73181_68042,musique,0,1,False,False,,,False,False,no_frozen_plan_snapshot
3hop2__101905_30152_20999,musique,0,1,False,False,,,False,False,no_frozen_plan_snapshot
3hop2__11282_57233_56883,musique,0,1,False,False,,,False,False,no_frozen_plan_snapshot
3hop2__127483_19639_10557,musique,0,1,False,False,,,False,False,no_frozen_plan_snapshot
3hop2__127483_60649_10557,musique,-1,0,False,False,,,False,False,no_frozen_plan_snapshot
3hop2__127483_76623_10557,musique,0,1,False,False,,,False,False,no_frozen_plan_snapshot
3hop2__127483_84553_10557,musique,0,1,False,False,,,False,False,no_frozen_plan_snapshot
3hop2__132957_132967_40768,musique,0,1,False,False,,,False,False,no_frozen_plan_snapshot
3hop2__132957_222979_40768,musique,1,2,False,False,,,False,False,no_frozen_plan_snapshot
3hop2__132957_800948_40768,musique,3,4,True,True,2,False,True,False,deep_hops_not_shallow
3hop2__158279_71753_70784,musique,0,1,False,False,,,False,False,no_frozen_plan_snapshot
3hop2__20335_82856_9331,musique,0,1,False,False,,,False,False,no_frozen_plan_snapshot
3hop2__20335_8533_9331,musique,1,2,False,False,,,False,False,no_frozen_plan_snapshot
3hop2__222979_133099_40768,musique,3,4,True,True,0,False,True,False,deep_hops_not_shallow
3hop2__25177_19506_23299,musique,0,1,False,False,,,False,False,no_frozen_plan_snapshot
3hop2__27069_92991_76291,musique,0,1,False,False,,,False,False,no_frozen_plan_snapshot
3hop2__30152_105895_20999,musique,-1,0,False,False,,,False,False,no_frozen_plan_snapshot
3hop2__304722_297619_63959,musique,0,1,False,False,,,False,False,no_frozen_plan_snapshot
3hop2__304722_591230_63959,musique,0,1,False,False,,,False,False,no_frozen_plan_snapshot
3hop2__304722_740784_63959,musique,0,1,False,False,,,False,False,no_frozen_plan_snapshot
3hop2__304722_747004_63959,musique,0,1,False,False,,,False,False,no_frozen_plan_snapshot
3hop2__304722_781203_63959,musique,0,1,False,False,,,False,False,no_frozen_plan_snapshot
3hop2__326964_263934_7713,musique,0,1,False,False,,,False,False,no_frozen_plan_snapshot
3hop2__326964_7855_7713,musique,0,1,False,False,,,False,False,no_frozen_plan_snapshot
3hop2__326964_811351_7713,musique,1,2,False,False,,,False,False,no_frozen_plan_snapshot
3hop2__36852_613770_7713,musique,0,1,False,False,,,False,False,no_frozen_plan_snapshot
3hop2__38326_92991_76291,musique,0,1,False,False,,,False,False,no_frozen_plan_snapshot
3hop2__49541_140875_51068,musique,1,2,False,False,,,False,False,no_frozen_plan_snapshot
3hop2__565959_467331_162182,musique,0,1,False,False,,,False,False,no_frozen_plan_snapshot
3hop2__569322_467331_162182,musique,2,3,True,True,1,False,True,False,deep_hops_not_shallow
3hop2__57233_105140_56883,musique,3,4,True,True,0,False,True,False,deep_hops_not_shallow
3hop2__57233_106716_56883,musique,0,1,False,False,,,False,False,no_frozen_plan_snapshot
3hop2__655849_223623_162182,musique,0,1,False,False,,,False,False,no_frozen_plan_snapshot
3hop2__655849_467331_162182,musique,1,2,False,False,,,False,False,no_frozen_plan_snapshot
3hop2__65854_88342_58657,musique,0,1,False,False,,,False,False,no_frozen_plan_snapshot
3hop2__781093_223623_162182,musique,1,2,False,False,,,False,False,no_frozen_plan_snapshot
3hop2__782397_223623_162182,musique,0,1,False,False,,,False,False,no_frozen_plan_snapshot
3hop2__782397_467331_162182,musique,0,1,False,False,,,False,False,no_frozen_plan_snapshot
3hop2__79512_16214_84681,musique,-1,0,False,False,,,False,False,no_frozen_plan_snapshot
3hop2__802066_223623_162182,musique,0,1,False,False,,,False,False,no_frozen_plan_snapshot
3hop2__87184_36497_76291,musique,0,1,False,False,,,False,False,no_frozen_plan_snapshot
3hop2__87184_90327_76291,musique,0,1,False,False,,,False,False,no_frozen_plan_snapshot
3hop2__90098_19639_10557,musique,3,4,True,True,3,False,True,False,deep_hops_not_shallow
3hop2__90098_60649_10557,musique,0,1,False,False,,,False,False,no_frozen_plan_snapshot
3hop2__90098_91678_10557,musique,0,1,False,False,,,False,False,no_frozen_plan_snapshot
3hop2__90327_87184_76291,musique,0,1,False,False,,,False,False,no_frozen_plan_snapshot
3hop2__92991_27069_76291,musique,0,1,False,False,,,False,False,no_frozen_plan_snapshot
3hop2__92991_38242_76291,musique,0,1,False,False,,,False,False,no_frozen_plan_snapshot
3hop2__92991_72083_76291,musique,0,1,False,False,,,False,False,no_frozen_plan_snapshot
3hop2__92991_87184_76291,musique,0,1,False,False,,,False,False,no_frozen_plan_snapshot
3hop2__93066_88342_47738,musique,0,1,False,False,,,False,False,no_frozen_plan_snapshot
3hop2__93066_88342_90766,musique,0,1,False,False,,,False,False,no_frozen_plan_snapshot
4hop1__105401_17130_70784_79935,musique,0,1,False,False,,,False,False,no_frozen_plan_snapshot
4hop1__107309_457883_650651_7262,musique,0,1,False,False,,,False,False,no_frozen_plan_snapshot
4hop1__115977_582428_157828_162309,musique,0,1,False,False,,,False,False,no_frozen_plan_snapshot
4hop1__130480_53706_795904_580996,musique,0,1,False,False,,,False,False,no_frozen_plan_snapshot
4hop1__131113_59747_211319_557671,musique,0,1,False,False,,,False,False,no_frozen_plan_snapshot
4hop1__131611_32392_823060_610794,musique,0,1,False,False,,,False,False,no_frozen_plan_snapshot
4hop1__145087_32392_823060_610794,musique,0,1,False,False,,,False,False,no_frozen_plan_snapshot
4hop1__145494_698949_157828_162309,musique,0,1,False,False,,,False,False,no_frozen_plan_snapshot
4hop1__151650_5274_458768_33632,musique,0,1,False,False,,,False,False,no_frozen_plan_snapshot
4hop1__151650_5274_458768_33637,musique,0,1,False,False,,,False,False,no_frozen_plan_snapshot
4hop1__152146_5274_458768_33632,musique,0,1,False,False,,,False,False,no_frozen_plan_snapshot
4hop1__152146_5274_458768_33633,musique,0,1,False,False,,,False,False,no_frozen_plan_snapshot
4hop1__152562_5274_458768_33677,musique,0,1,False,False,,,False,False,no_frozen_plan_snapshot
4hop1__159467_725495_49925_349426,musique,0,1,False,False,,,False,False,no_frozen_plan_snapshot
4hop1__161765_53706_795904_580996,musique,0,1,False,False,,,False,False,no_frozen_plan_snapshot
4hop1__163763_49925_13759_736921,musique,0,1,False,False,,,False,False,no_frozen_plan_snapshot
4hop1__178366_229349_66759_75165,musique,0,1,False,False,,,False,False,no_frozen_plan_snapshot
4hop1__199362_378185_282674_759393,musique,0,1,False,False,,,False,False,no_frozen_plan_snapshot
4hop1__199362_765799_282674_759393,musique,3,4,True,True,0,False,True,False,deep_hops_not_shallow
4hop1__21282_692112_214799_259594,musique,0,1,False,False,,,False,False,no_frozen_plan_snapshot
4hop1__228808_49925_13759_736921,musique,0,1,False,False,,,False,False,no_frozen_plan_snapshot
4hop1__236903_153080_33897_81096,musique,0,1,False,False,,,False,False,no_frozen_plan_snapshot
4hop1__324759_765799_282674_759393,musique,0,1,False,False,,,False,False,no_frozen_plan_snapshot
4hop1__342858_131850_33952_34088,musique,0,1,False,False,,,False,False,no_frozen_plan_snapshot
4hop1__342858_131850_33952_34099,musique,0,1,False,False,,,False,False,no_frozen_plan_snapshot
4hop1__344155_378185_282674_759393,musique,0,1,False,False,,,False,False,no_frozen_plan_snapshot
4hop1__344155_765799_282674_759393,musique,3,4,True,True,3,True,True,False,deep_hops_not_shallow
4hop1__3496_5274_458768_33633,musique,4,5,True,True,0,False,True,False,deep_hops_not_shallow
4hop1__370129_621192_10659_59955,musique,0,1,False,False,,,False,False,no_frozen_plan_snapshot
4hop1__37608_32392_823060_610794,musique,0,1,False,False,,,False,False,no_frozen_plan_snapshot
4hop1__399219_765799_282674_759393,musique,0,1,False,False,,,False,False,no_frozen_plan_snapshot
4hop1__408432_32392_823060_610794,musique,0,1,False,False,,,False,False,no_frozen_plan_snapshot
4hop1__433767_32392_823060_610794,musique,0,1,False,False,,,False,False,no_frozen_plan_snapshot
4hop1__43565_624859_355213_203322,musique,-1,0,False,False,,,False,False,no_frozen_plan_snapshot
4hop1__444892_32392_823060_610794,musique,0,1,False,False,,,False,False,no_frozen_plan_snapshot
4hop1__46196_497223_15840_36014,musique,0,1,False,False,,,False,False,no_frozen_plan_snapshot
4hop1__473563_309800_355213_203322,musique,0,1,False,False,,,False,False,no_frozen_plan_snapshot
4hop1__512794_508773_85832_745702,musique,0,1,False,False,,,False,False,no_frozen_plan_snapshot
4hop1__56226_32392_823060_610794,musique,0,1,False,False,,,False,False,no_frozen_plan_snapshot
4hop1__567737_141375_458768_33637,musique,0,1,False,False,,,False,False,no_frozen_plan_snapshot
4hop1__58323_375563_161848_53331,musique,3,4,True,True,3,True,True,False,deep_hops_not_shallow
4hop1__58323_375563_161848_61344,musique,0,1,False,False,,,False,False,no_frozen_plan_snapshot
4hop1__58323_375563_161848_83118,musique,0,1,False,False,,,False,False,no_frozen_plan_snapshot
4hop1__608132_508773_85832_745702,musique,1,2,False,False,,,False,False,no_frozen_plan_snapshot
4hop1__636860_49925_13759_736921,musique,0,1,False,False,,,False,False,no_frozen_plan_snapshot
4hop1__707078_765799_282674_759393,musique,0,1,False,False,,,False,False,no_frozen_plan_snapshot
4hop1__708184_153080_159767_81096,musique,0,1,False,False,,,False,False,no_frozen_plan_snapshot
4hop1__708184_153080_33897_81096,musique,0,1,False,False,,,False,False,no_frozen_plan_snapshot
4hop1__726152_153080_33897_81096,musique,0,1,False,False,,,False,False,no_frozen_plan_snapshot
4hop1__726391_153080_159767_81096,musique,0,1,False,False,,,False,False,no_frozen_plan_snapshot
4hop1__726391_153080_33952_33939,musique,0,1,False,False,,,False,False,no_frozen_plan_snapshot
4hop1__726391_153080_33952_34109,musique,0,1,False,False,,,False,False,no_frozen_plan_snapshot
4hop1__749363_49925_13759_736921,musique,0,1,False,False,,,False,False,no_frozen_plan_snapshot
4hop1__767417_624859_355213_203322,musique,0,1,False,False,,,False,False,no_frozen_plan_snapshot
4hop1__777217_32392_823060_610794,musique,0,1,False,False,,,False,False,no_frozen_plan_snapshot
4hop1__788226_32392_823060_610794,musique,0,1,False,False,,,False,False,no_frozen_plan_snapshot
4hop1__814776_378185_282674_759393,musique,0,1,False,False,,,False,False,no_frozen_plan_snapshot
4hop1__819901_32392_823060_610794,musique,0,1,False,False,,,False,False,no_frozen_plan_snapshot
4hop1__842143_153080_159767_81096,musique,0,1,False,False,,,False,False,no_frozen_plan_snapshot
4hop1__88342_49853_128008_46894,musique,0,1,False,False,,,False,False,no_frozen_plan_snapshot
4hop1__88342_49853_128008_80487,musique,0,1,False,False,,,False,False,no_frozen_plan_snapshot
4hop1__88342_49853_128008_89859,musique,0,1,False,False,,,False,False,no_frozen_plan_snapshot
4hop1__88342_75218_128008_80286,musique,0,1,False,False,,,False,False,no_frozen_plan_snapshot
4hop1__88342_75218_128008_89859,musique,0,1,False,False,,,False,False,no_frozen_plan_snapshot
4hop1__9007_698949_157828_162309,musique,0,1,False,False,,,False,False,no_frozen_plan_snapshot
4hop1__93601_46196_497223_15840,musique,0,1,False,False,,,False,False,no_frozen_plan_snapshot
4hop1__93661_59747_211319_557671,musique,-1,0,False,False,,,False,False,no_frozen_plan_snapshot
4hop1__93963_170667_443779_52195,musique,0,1,False,False,,,False,False,no_frozen_plan_snapshot
4hop1__94201_642284_131926_89261,musique,0,1,False,False,,,False,False,no_frozen_plan_snapshot
4hop2__105527_39078_8987_8974,musique,0,1,False,False,,,False,False,no_frozen_plan_snapshot
4hop2__161602_426860_88460_20999,musique,0,1,False,False,,,False,False,no_frozen_plan_snapshot
4hop2__161602_426860_88460_21057,musique,0,1,False,False,,,False,False,no_frozen_plan_snapshot
4hop2__161602_474028_88460_20988,musique,0,1,False,False,,,False,False,no_frozen_plan_snapshot
4hop2__161602_474028_88460_63559,musique,0,1,False,False,,,False,False,no_frozen_plan_snapshot
4hop2__71753_261673_70784_61381,musique,0,1,False,False,,,False,False,no_frozen_plan_snapshot
4hop2__71753_623626_70784_79935,musique,5,6,True,True,5,True,True,False,deep_hops_not_shallow
4hop2__71753_648517_70784_61381,musique,0,1,False,False,,,False,False,no_frozen_plan_snapshot
4hop2__71753_648517_70784_79935,musique,0,1,False,False,,,False,False,no_frozen_plan_snapshot
4hop2__71753_729371_70784_61381,musique,0,1,False,False,,,False,False,no_frozen_plan_snapshot
4hop2__71753_73205_70784_79935,musique,0,1,False,False,,,False,False,no_frozen_plan_snapshot
4hop2__9988_158279_70784_61381,musique,0,1,False,False,,,False,False,no_frozen_plan_snapshot
4hop2__9988_158279_70784_79935,musique,0,1,False,False,,,False,False,no_frozen_plan_snapshot
4hop2__9988_158985_70784_61381,musique,0,1,False,False,,,False,False,no_frozen_plan_snapshot
4hop3__130276_29339_508306_70744,musique,0,1,False,False,,,False,False,no_frozen_plan_snapshot
4hop3__131775_29339_508306_70744,musique,0,1,False,False,,,False,False,no_frozen_plan_snapshot
4hop3__160230_470287_862998_72134,musique,0,1,False,False,,,False,False,no_frozen_plan_snapshot
4hop3__175072_88460_30152_20999,musique,1,2,False,False,,,False,False,no_frozen_plan_snapshot
4hop3__220945_88460_30152_20999,musique,0,1,False,False,,,False,False,no_frozen_plan_snapshot
4hop3__270458_88460_30152_20999,musique,0,1,False,False,,,False,False,no_frozen_plan_snapshot
4hop3__275416_24325_125104_10557,musique,0,1,False,False,,,False,False,no_frozen_plan_snapshot
4hop3__279362_88460_30152_20999,musique,0,1,False,False,,,False,False,no_frozen_plan_snapshot
4hop3__312119_132409_146285_35031,musique,0,1,False,False,,,False,False,no_frozen_plan_snapshot
4hop3__312119_132409_371500_35031,musique,0,1,False,False,,,False,False,no_frozen_plan_snapshot
4hop3__316459_41402_146223_13584,musique,0,1,False,False,,,False,False,no_frozen_plan_snapshot
4hop3__316459_41402_157761_13584,musique,0,1,False,False,,,False,False,no_frozen_plan_snapshot
4hop3__322354_466199_695123_72134,musique,0,1,False,False,,,False,False,no_frozen_plan_snapshot
4hop3__323121_88460_30152_20999,musique,0,1,False,False,,,False,False,no_frozen_plan_snapshot
4hop3__373866_5189_276146_86687,musique,0,1,False,False,,,False,False,no_frozen_plan_snapshot
4hop3__373866_5189_31809_86687,musique,0,1,False,False,,,False,False,no_frozen_plan_snapshot
4hop3__373866_5189_38229_86687,musique,0,1,False,False,,,False,False,no_frozen_plan_snapshot
4hop3__387712_132409_146285_35031,musique,0,1,False,False,,,False,False,no_frozen_plan_snapshot
4hop3__39836_29339_508306_70744,musique,0,1,False,False,,,False,False,no_frozen_plan_snapshot
4hop3__405277_88460_30152_20999,musique,2,3,True,True,0,False,True,False,deep_hops_not_shallow
4hop3__474028_88460_30152_20999,musique,1,2,False,False,,,False,False,no_frozen_plan_snapshot
4hop3__524186_219173_638950_72134,musique,0,1,False,False,,,False,False,no_frozen_plan_snapshot
4hop3__700962_88460_30152_20999,musique,0,1,False,False,,,False,False,no_frozen_plan_snapshot
4hop3__719125_132409_371500_35031,musique,3,4,True,True,2,False,False,False,deep_hops_not_shallow
4hop3__794915_466199_695123_72134,musique,0,1,False,False,,,False,False,no_frozen_plan_snapshot
4hop3__839787_88460_30152_20999,musique,0,1,False,False,,,False,False,no_frozen_plan_snapshot
4hop3__857_846_326964_7713,musique,0,1,False,False,,,False,False,no_frozen_plan_snapshot
4hop3__857_846_613770_7713,musique,0,1,False,False,,,False,False,no_frozen_plan_snapshot
